session_id,window_id,start_seconds,end_seconds,start_index,end_index,sample_count,state,window_seconds,step_seconds,overlap_ratio,fs_hz_x,acc_x_mean,acc_x_var,acc_x_std,acc_x_rms,acc_x_peak_raw,acc_x_peak_dynamic,acc_x_zero_crossings,acc_x_zcr_per_s,acc_x_zero_crossings_bandlimited,acc_y_mean,acc_y_var,acc_y_std,acc_y_rms,acc_y_peak_raw,acc_y_peak_dynamic,acc_y_zero_crossings,acc_y_zcr_per_s,acc_y_zero_crossings_bandlimited,acc_z_mean,acc_z_var,acc_z_std,acc_z_rms,acc_z_peak_raw,acc_z_peak_dynamic,acc_z_zero_crossings,acc_z_zcr_per_s,acc_z_zero_crossings_bandlimited,acc_mag_mean,acc_mag_var,acc_mag_std,acc_mag_rms,acc_mag_peak_raw,acc_mag_peak_dynamic,acc_mag_zero_crossings,acc_mag_zcr_per_s,acc_mag_zero_crossings_bandlimited,fs_hz_y,f_peak_hz,f_peak_amplitude,frequency_resolution_hz,step_frequency_spm,step_band_energy_ratio,peak_count,interval_mean_s,interval_std_s,interval_cv,interval_frequency_hz
20261008_195431_052,0,0.0,4.0,0,461,461,unknown,4.0,2.0,0.5,115.25,-0.2083390689284165,1.0798690724420033,1.0391674900813648,1.0598463285231319,3.6454654,3.4371263310715836,50.0,12.5,12.0,0.8205785590065077,0.6005167685579595,0.7749301701172562,1.128656697166661,2.335993,1.7914663590065076,40.0,10.0,14.0,9.724439017787418,4.19241368227256,2.047538444638479,9.937662093920224,17.1362,7.411760982212581,29.0,7.25,14.0,9.85297215926634,4.073207701804428,2.0182189429802775,10.057547816097223,17.167292655511282,7.314320496244942,30.0,7.5,14.0,115.25,1.75,2.4612323670076584,0.25,105.0,0.8950572616156123,7.0,0.5408532176428055,0.011925106653991773,0.022048693185121156,1.8489304812834226
20261008_195431_052,1,2.0,6.0,231,691,460,unknown,4.0,2.0,0.5,115.0,-0.182301875271087,0.7058330338006942,0.8401386991447866,0.8596900648071076,2.353341,2.535642875271087,38.0,9.5,8.0,0.9912631930317393,0.49344480446686,0.7024562651630776,1.2149269617249998,2.335993,1.9023304430317394,27.0,6.75,14.0,9.691223007826087,4.567936599821014,2.1372731692090774,9.924098950899205,16.377674,6.686450992173912,17.0,4.25,14.0,9.812557278986489,4.416574163702354,2.1015646941510875,10.03508119135531,16.38900759261429,6.576450313627802,17.0,4.25,14.0,115.0,1.75,2.670202458313324,0.25,105.0,0.8890821340318966,7.0,0.5405797101449276,0.01367243642327042,0.0252921746167737,1.8498659517426272
20261008_195431_052,2,4.0,8.0,461,921,460,unknown,4.0,2.0,0.5,115.0,-0.2610621561897826,0.6507339371456763,0.8066808149111248,0.8478722701799691,2.43709,2.6144031561897827,35.0,8.75,10.0,0.8738588290491305,0.6351320909049869,0.7969517494208711,1.182692413103299,2.8408787,1.9670198709508697,27.0,6.75,16.0,9.872931889565217,4.450322144996465,2.1095786652780846,10.095796463924492,16.533209,6.660277110434782,23.0,5.75,14.0,9.986560763176659,4.311359094922939,2.076381249896786,10.200135046730631,16.548374419184245,6.561813656007587,19.0,4.75,14.0,115.0,1.75,2.227874601774738,0.25,105.0,0.7571437648095685,7.0,0.5376811594202898,0.02095193086203038,0.038967202950945995,1.8598382749326148
20261008_195431_052,3,6.0,10.0,691,1151,460,unknown,4.0,2.0,0.5,115.0,-0.3198475643984783,0.5610604649185572,0.7490396951554418,0.814470950599342,2.43709,2.3716928643984785,32.0,8.0,8.0,0.6459892858456521,0.6259493829328883,0.7911696296830967,1.021396857426272,2.8408787,2.315581285845652,24.0,6.0,14.0,9.755309052608695,3.8239477871154803,1.9554916995772393,9.949371965055114,16.533209,6.777899947391305,23.0,5.75,15.0,9.845622514417883,3.7603342723428,1.9391581349500098,10.03477039940402,16.548374419184245,6.702751904766362,21.0,5.25,15.0,115.0,1.75,2.042426770386134,0.25,105.0,0.881421508730355,8.0,0.5217391304347826,0.04052051287031079,0.07766431633476235,1.9166666666666667
20261008_195431_052,4,8.0,12.0,921,1381,460,unknown,4.0,2.0,0.5,115.0,-0.3699199775176087,0.5173640901205893,0.7192802583976494,0.8088293267972035,4.0761733,3.7062533224823913,48.0,12.0,14.0,0.46663162270521746,0.6847858317376333,0.8275178739686735,0.9500162646218945,3.8207395,4.287371122705218,33.0,8.25,14.0,9.734496657608695,4.000394114681677,2.0000985262435638,9.937847819909326,14.28874,4.554243342391306,20.0,5.0,14.0,9.813547712236891,4.011836374259973,2.002956907739149,10.015865168551837,14.308388752854567,4.4948410406176755,20.0,5.0,14.0,115.0,1.75,2.4406355474692467,0.25,105.0,0.9165117898591021,7.0,0.5420289855072463,0.0286941882220628,0.052938475596853836,1.844919786096257
20261008_195431_052,5,10.0,14.0,1151,1611,460,unknown,4.0,2.0,0.5,115.0,-0.25929354386108694,0.6104208051613186,0.7812943140464537,0.8231973925185624,4.0761733,3.816879756138913,58.0,14.5,14.0,0.5804207444292608,0.7396480933230363,0.8600279607797855,1.0375626891358678,3.8207395,4.401160244429261,23.0,5.75,14.0,9.86194047826087,4.333762934323057,2.081769183728844,10.079267479885791,14.28874,4.426799521739131,22.0,5.5,14.0,9.952849043936254,4.286619120636659,2.0704152048892652,10.165914774973254,14.308388752854567,4.355539708918313,21.0,5.25,14.0,115.0,1.75,2.4233087045911574,0.25,105.0,0.8766022815797068,7.0,0.5405797101449276,0.03151965676946601,0.05830713986844919,1.8498659517426272
20261008_195431_052,6,12.0,16.0,1381,1841,460,unknown,4.0,2.0,0.5,115.0,-0.12455161959304348,0.48607046895444406,0.6971875421681343,0.7082256525272819,1.9393828,2.0639344195930436,48.0,12.0,14.0,0.6085052023742609,0.6280399342148889,0.7924897060624124,0.9991589040445114,2.25703,1.952673302374261,17.0,4.25,14.0,9.819051760869566,5.266937760633828,2.2949809935234384,10.083685598196205,14.807983,4.988931239130434,21.0,5.25,15.0,9.899975611157721,5.1711002321809785,2.2740053280898396,10.157786044886882,14.826570240250373,4.9265946290926514,21.0,5.25,16.0,115.0,1.75,2.6327984899237467,0.25,105.0,0.914241021157714,8.0,0.5217391304347826,0.045064241359545475,0.08637312927246216,1.9166666666666667
20261008_195431_052,7,14.0,18.0,1611,2071,460,unknown,4.0,2.0,0.5,115.0,-0.08927829351630436,0.3556594044617262,0.5963718675974968,0.6030174277372998,1.869991,1.8683418935163043,51.0,12.75,16.0,0.39867546417543476,0.7169835846037509,0.8467488320651827,0.9359090288800772,2.3467607,2.745436164175435,21.0,5.25,14.0,9.723734172826088,6.285065355384702,2.5070032619413762,10.041716567358916,15.492331,5.768596827173912,21.0,5.25,15.0,9.78969321592226,6.237534085790349,2.497505572724583,10.103248356230024,15.576191039638037,5.786497823715777,21.0,5.25,16.0,115.0,2.0,2.8374817715714684,0.25,120.0,0.8810300860307578,7.0,0.5318840579710145,0.02580361422429688,0.048513607124699855,1.8801089918256133
20261008_195431_052,8,16.0,20.0,1841,2302,461,unknown,4.0,2.0,0.5,115.25,-0.07284613685249458,0.5302090900923876,0.7281545784326208,0.7317893479319851,2.300699,2.3735451368524942,47.0,11.75,16.0,0.3556235339687635,0.7409008299186788,0.8607559642074395,0.931326434624891,2.3467607,2.7023842339687634,15.0,3.75,16.0,9.727672693275487,6.9688038737729014,2.639849214211467,10.079504943263359,15.492331,5.764658306724513,19.0,4.75,16.0,9.802121621814964,6.9177161899959,2.630155164623544,10.148857299166657,15.576191039638037,5.774069417823073,21.0,5.25,16.0,115.25,2.0,2.967280922441237,0.25,120.0,0.8587565533882769,8.0,0.5119305856832972,0.04069775062753518,0.0794985722003971,1.9533898305084745
20261008_195431_052,9,18.0,22.0,2071,2532,461,unknown,4.0,2.0,0.5,115.25,-0.05158582930542299,0.6197563753983952,0.7872460704242322,0.7889343909245707,2.300699,2.3522848293054226,56.0,14.0,14.0,0.5047467318481561,0.6599324810315887,0.8123622843483003,0.9564004100495688,2.2761726,2.100161231848156,20.0,5.0,14.0,9.836938,6.505701765836659,2.5506277199616294,10.162236514748152,15.406189,5.5692509999999995,17.0,4.25,15.0,9.919537876885027,6.410938508250456,2.531983117686699,10.237586151002938,15.481060032264546,5.561522155379519,17.0,4.25,15.0,115.25,2.0,3.1123657793474306,0.25,120.0,0.9414740754636691,8.0,0.51688875116207,0.0195988699111768,0.03791699832336183,1.9346522781774582
20261008_195431_052,10,20.0,24.0,2302,2762,460,unknown,4.0,2.0,0.5,115.0,-0.05469680483695652,0.5569478776652569,0.7462894061054712,0.7482911319296982,2.638087,2.6927838048369566,61.0,15.25,18.0,0.5797081021913043,0.592277830524747,0.769595887803948,0.9635036659354187,2.2761726,1.7946638021913044,23.0,5.75,16.0,9.930239977173912,5.000326943869745,2.2361410831764945,10.178899397682084,13.975281,4.203018977173912,21.0,5.25,14.0,10.009561091952218,4.9069586270046495,2.2151655980997558,10.25174482127449,13.982820180524863,4.09407033942116,21.0,5.25,14.0,115.0,2.0,2.571963861086585,0.25,120.0,0.860224823855797,8.0,0.5254658385093168,0.03379247331362842,0.06430955323279167,1.9030732860520092
20261008_195431_052,11,22.0,26.0,2532,2992,460,unknown,4.0,2.0,0.5,115.0,-0.002096321770000008,0.5366595841747547,0.7325705318771393,0.7325735312852343,2.638087,2.64018332177,46.0,11.5,12.0,0.4664339590340435,0.4940731942565491,0.7029034032187844,0.8435839213716207,1.8311075,1.6813896590340436,26.0,6.5,14.0,9.80314988826087,4.62924246102745,2.1515674428256832,10.036482959320786,13.975281,4.2314621882608705,23.0,5.75,15.0,9.870170918305762,4.5590140473041885,2.135184780599606,10.098479489699079,13.982820180524863,4.207535409842824,23.0,5.75,15.0,115.0,2.0,2.4509294218660926,0.25,120.0,0.88858508394229,8.0,0.5204968944099378,0.047041232866488154,0.09037754763131974,1.921241050119332
20261008_195431_052,12,24.0,28.0,2762,3222,460,unknown,4.0,2.0,0.5,115.0,-0.01438294570304348,0.5496913133397835,0.7414117029962392,0.7415512001654911,2.9300113,2.944394245703043,35.0,8.75,12.0,0.6085364123657826,0.5196114212494528,0.7208407738533197,0.943359945314868,1.9627128,2.4336619123657828,27.0,6.75,16.0,9.665479338043479,4.8437625912567235,2.200854968246823,9.912883204466908,16.52603,6.86055066195652,23.0,5.75,14.0,9.743127734255859,4.776541548267804,2.1855300382899805,9.985243091397098,16.682649728944543,6.939521994688684,23.0,5.75,14.0,115.0,2.0,2.4565395311948324,0.25,120.0,0.8758704618402317,7.0,0.5318840579710146,0.007804586677006531,0.01467347358892236,1.8801089918256129
20261008_195431_052,13,26.0,30.0,2992,3452,460,unknown,4.0,2.0,0.5,115.0,-0.10770822875152175,0.5456453053458321,0.7386780796435157,0.7464893622059341,2.9300113,3.0377195287515217,41.0,10.25,14.0,0.4764630066491304,0.680788196068679,0.8250989007801908,0.9527881153613369,1.9627128,2.3087669066491303,18.0,4.5,14.0,9.80244764173913,5.501785192864532,2.345588453430084,10.079174815524413,17.720049,7.917601358260869,31.0,7.75,16.0,9.878340738846193,5.473200769813662,2.3394872878076645,10.151591822101695,17.820582135105628,7.942241396259435,31.0,7.75,16.0,115.0,2.0,2.564496506499014,0.25,120.0,0.8348365083245236,8.0,0.5192546583850931,0.03621709251456708,0.06974822840724045,1.925837320574163
20261008_195431_052,14,28.0,32.0,3222,3682,460,unknown,4.0,2.0,0.5,115.0,-0.12809923880195653,0.6016123281089266,0.77563672431682,0.7861435893592005,2.0231316,2.1296954388019564,40.0,10.0,16.0,0.4399880676588262,0.5908701360599384,0.7686807764344952,0.8856972596446746,1.8478572,2.2722919676588265,21.0,5.25,14.0,9.916262789565216,5.489285584393664,2.342922445236646,10.189286201501526,17.720049,7.803786210434783,31.0,7.75,14.0,9.988384259347697,5.456214562557218,2.3358541398292014,10.257876713771816,17.820582135105628,7.832197875757931,31.0,7.75,14.0,115.0,1.75,2.40777147337391,0.25,105.0,0.7474657898948082,8.0,0.5254658385093168,0.027441890725931076,0.05222392915927781,1.9030732860520092
20261008_195431_052,15,30.0,34.0,3452,3912,460,unknown,4.0,2.0,0.5,115.0,0.015496127525434791,0.5883513567617593,0.7670406487023744,0.7671971628792978,2.0901306,2.0746344724745653,33.0,8.25,16.0,0.4428750608564348,0.5583980619909922,0.7472603709491038,0.8686405364243504,2.1361923,2.5790673608564347,23.0,5.75,16.0,9.814760287826088,5.384507869835925,2.3204542378241215,10.085337246583475,16.234106,6.419345712173913,23.0,5.75,16.0,9.885104054318056,5.341873080878274,2.3112492468096715,10.151707011413084,16.392000616885912,6.5068965625678565,23.0,5.75,16.0,115.0,2.0,2.7213319837396335,0.25,120.0,0.8886769666070505,8.0,0.5180124223602485,0.03411063408135646,0.06584906579254664,1.9304556354916067
20261008_195431_052,16,32.0,36.0,3682,4142,460,unknown,4.0,2.0,0.5,115.0,0.10252724944826086,0.39682330755935213,0.6299391300430163,0.6382281288369998,2.0901306,1.9876033505517392,40.0,10.0,10.0,0.1466904328228261,0.6693956975412114,0.8181660574365154,0.8312122356071039,2.1361923,2.282882732822826,19.0,4.75,16.0,9.715026408695653,5.589914954761583,2.364300098287352,9.998582553363029,16.234106,6.519079591304347,26.0,6.5,16.0,9.772752424658583,5.563212047807045,2.3586462320167993,10.053352774148397,16.392000616885912,6.61924819222733,26.0,6.5,16.0,115.0,2.0,2.4988356971896195,0.25,120.0,0.8010020592696647,7.0,0.5304347826086956,0.02884021556830781,0.054370898202547514,1.8852459016393446
20261008_195431_052,17,34.0,38.0,3912,4373,461,unknown,4.0,2.0,0.5,115.25,-0.14098188995683297,0.5122098639232535,0.7156883846502285,0.7294420862680285,2.7385855,2.597603610043167,52.0,13.0,12.0,0.06434279343080261,0.8688414791064768,0.932116666038365,0.9343347762836166,2.6961129,2.760455693430803,19.0,4.75,16.0,9.724573998698482,5.9270686050190236,2.434557168155848,10.024689923443098,16.47578,6.751206001301519,27.0,6.75,16.0,9.796629146988687,5.925532648945317,2.434241698957874,10.094526996970863,16.781530877977158,6.9849017309884704,27.0,6.75,16.0,115.25,2.0,2.72981952802226,0.25,120.0,0.8336348889387746,8.0,0.5119305856832972,0.046146911605791846,0.0901429078401273,1.9533898305084745
20261008_195431_052,18,36.0,40.0,4142,4603,461,unknown,4.0,2.0,0.5,115.25,-0.22183438052169197,0.5509702590832595,0.742273709007169,0.7747133350244478,2.7385855,2.5167511194783083,49.0,12.25,13.0,-0.00044508707201734347,0.8437671367927042,0.9185679815847623,0.9185680894170046,2.6961129,2.695667812927983,18.0,4.5,16.0,9.885531516268982,6.005373154682628,2.4505862879487896,10.184748721192383,16.47578,6.590248483731019,21.0,5.25,16.0,9.957137013568254,6.028477093218897,2.4552957241886153,10.255391489367426,16.781530877977158,6.824393864408904,21.0,5.25,16.0,115.25,2.0,2.7896366476320424,0.25,120.0,0.8284881200098128,8.0,0.5206073752711496,0.022242774645090002,0.04272466296411038,1.9208333333333334
20261008_195431_052,19,38.0,42.0,4373,4833,460,unknown,4.0,2.0,0.5,115.0,-0.25127238473217395,0.590738813547738,0.7685953509797845,0.8086263815117162,2.3844478,2.133227384732174,44.0,11.0,12.0,-0.01729594615334782,0.7402637810071785,0.8603858326397399,0.860559661360279,2.2845473,2.267251353846652,19.0,4.75,16.0,9.91438491826087,5.81113194166709,2.4106289514703607,10.203242634040695,14.94916,5.034775081739129,18.0,4.5,16.0,9.983589430614034,5.8285418856747135,2.4142373300226128,10.271348490083614,15.109526547578643,5.125937116964609,18.0,4.5,16.0,115.0,2.0,3.0331169616429454,0.25,120.0,0.9143179382060858,8.0,0.5192546583850932,0.020107346653712603,0.03872347860344173,1.9258373205741626
20261008_195431_052,20,40.0,44.0,4603,5063,460,unknown,4.0,2.0,0.5,115.0,-0.15184020194086956,0.6361226113338289,0.7975729504777784,0.8118978126952141,2.82712,2.978960201940869,42.0,10.5,10.0,-0.11720149132247827,0.7717425890720235,0.8784888098729678,0.8862724065659703,3.3086755,3.1914740086775217,17.0,4.25,16.0,9.807384141304349,6.115587538379417,2.472971398617343,10.114364598603682,16.78924,6.981855858695651,23.0,5.75,16.0,9.875597721479886,6.217597713888231,2.493511121669248,10.185530328381873,17.19137471201904,7.315776990539154,21.0,5.25,16.0,115.0,2.0,2.6991070157690777,0.25,120.0,0.8333027749329572,8.0,0.5130434782608696,0.03916492613772533,0.07633841535319343,1.9491525423728813
20261008_195431_052,21,42.0,46.0,4833,5293,460,unknown,4.0,2.0,0.5,115.0,-0.13490317681847827,0.7395144491167959,0.859950259675986,0.8704672976238186,2.82712,2.962023176818478,44.0,11.0,10.0,-0.08814430253260869,0.8488717101197352,0.9213423414343526,0.9255490955042284,3.3086755,3.2205311974673916,21.0,5.25,16.0,9.760385967608695,5.802198613474117,2.4087753347861476,10.05322499749045,16.78924,7.028854032391305,23.0,5.75,14.0,9.836352978952561,5.927847368039152,2.434717102260374,10.133197288841664,17.19137471201904,7.355021733066479,23.0,5.75,14.0,115.0,2.0,2.6349260195459503,0.25,120.0,0.7875301973682851,7.0,0.5304347826086956,0.02656565620264253,0.050082794480391664,1.8852459016393446
20261008_195431_052,22,44.0,48.0,5063,5523,460,unknown,4.0,2.0,0.5,115.0,-0.3231142826130435,0.9008830635215892,0.9491485992833731,1.0026394681789317,2.6596224,2.5998850826130435,47.0,11.75,12.0,0.0692670157204348,0.6865197135550676,0.8285648517497394,0.8314551298908935,2.2534406,2.3227076157204345,21.0,5.25,14.0,9.764615001739129,5.893400951297541,2.427632787572606,10.06186399647135,16.238892,6.474276998260871,19.0,4.75,16.0,9.848415177052193,5.946429120066464,2.4385301146523624,10.145822323481642,16.53450125275497,6.686086075702779,19.0,4.75,16.0,115.0,2.0,2.8048863355523497,0.25,120.0,0.8368175211765517,8.0,0.515527950310559,0.05042927485760108,0.09782064159125028,1.9397590361445785
20261008_195431_052,23,46.0,50.0,5293,5753,460,unknown,4.0,2.0,0.5,115.0,-0.08855524566869563,1.003622245385446,1.0018094855737023,1.0057158032570082,2.6213372,2.5327819543313046,39.0,9.75,8.0,-0.08902860619913046,0.7059018838598108,0.840179673557871,0.8448834100522808,2.562115,2.4730863938008696,25.0,6.25,16.0,9.882482339130437,6.366478961771746,2.523188253335796,10.19950666184383,16.219748,6.337265660869562,23.0,5.75,16.0,9.966116363118077,6.431753035289255,2.536090107880486,10.283736110893704,16.281630277859794,6.315513914741716,21.0,5.25,16.0,115.0,2.0,2.9859327918805816,0.25,120.0,0.9084751586355636,8.0,0.5167701863354037,0.033146991463667896,0.06414261569291504,1.9350961538461537
20261008_195431_052,24,48.0,52.0,5523,5983,460,unknown,4.0,2.0,0.5,115.0,0.20299459157782607,0.8306175110521026,0.91138219812113,0.9337153288138473,2.6213372,2.8243317915778263,44.0,11.0,12.0,-0.04388228492521739,0.9055784489112295,0.9516188569544162,0.9526300981186178,2.562115,2.5182327150747827,17.0,4.25,16.0,9.927649473695652,6.903611117569318,2.627472381885168,10.269461290162152,16.743776,6.816126526304348,22.0,5.5,16.0,10.013852968521103,6.963912334083435,2.6389225706874075,10.355730954850184,16.783189351114583,6.76933638259348,20.0,5.0,16.0,115.0,2.0,3.3232858202833078,0.25,120.0,0.8623705696469292,8.0,0.5142857142857142,0.032678127796188554,0.06354080404814441,1.9444444444444446
20261008_195431_052,25,50.0,54.0,5753,6213,460,unknown,4.0,2.0,0.5,115.0,0.358424027571087,0.7132622300242107,0.8445485362157765,0.9174584533179091,2.3461626,2.115952227571087,38.0,9.5,12.0,0.2089402349917391,0.7979706532058458,0.8932920313121828,0.9174021337473819,2.126621,2.335561234991739,24.0,6.0,16.0,9.849112875,7.101027035472353,2.6647752316982296,10.203237302932981,16.743776,6.894663125000001,17.0,4.25,16.0,9.933237020716712,7.120210438794825,2.668372245170232,10.285397811875429,16.783189351114583,6.849952330397871,17.0,4.25,16.0,115.0,2.0,3.2068642858407226,0.25,120.0,0.875579330107308,8.0,0.5142857142857142,0.026873674102837183,0.0522543663110723,1.9444444444444446
20261008_195431_052,26,52.0,56.0,5983,6443,460,unknown,4.0,2.0,0.5,115.0,0.37228678973456525,0.8307518996496529,0.9114559230427179,0.984555409035226,2.9994032,2.627116410265435,38.0,9.5,10.0,0.4692845377562174,0.7730521134844841,0.8792338218497308,0.9966343817376313,2.126621,2.5959055377562175,21.0,5.25,16.0,9.673583740434784,6.170381052073637,2.4840251713848707,9.987422261788966,16.719849,7.0462652595652155,19.0,4.75,16.0,9.774035772486606,6.179457597752055,2.485851483446277,10.085198703030095,16.75641386474445,6.982378092257843,19.0,4.75,16.0,115.0,2.0,2.7938456029096947,0.25,120.0,0.8532642947614146,7.0,0.5260869565217391,0.03848092187638187,0.07314555397989943,1.9008264462809918
20261008_195431_052,27,54.0,58.0,6213,6674,461,unknown,4.0,2.0,0.5,115.25,0.15987013893362256,0.7816349551770226,0.884101213197348,0.8984394339629569,2.9994032,2.8395330610663776,35.0,8.75,12.0,0.4814102231693275,0.6543150384850467,0.8088974214849783,0.9413133598632224,2.0249262,1.9763262231693275,21.0,5.25,16.0,9.641292314750542,5.522583751825927,2.350017819469871,9.923562931240665,15.243477,5.602184685249458,18.0,4.5,14.0,9.729562404974423,5.505980915958766,2.346482669008822,10.00851465044891,15.269154375398266,5.539591970423842,18.0,4.5,14.0,115.25,2.0,2.7576590755233075,0.25,120.0,0.9093336453352726,7.0,0.5249457700650759,0.02686070227188246,0.05116852788156122,1.9049586776859504
20261008_195431_052,28,56.0,60.0,6443,6904,461,unknown,4.0,2.0,0.5,115.25,0.023396200311062907,0.7127316069972783,0.8442343318044335,0.8445584581225113,2.5375884,2.5141921996889374,27.0,6.75,8.0,0.13771576622312365,0.6062357613049407,0.7786114315272674,0.7906967772612727,2.00698,2.1446957662231236,26.0,6.5,16.0,9.79354539154013,5.438047376721038,2.331962130207315,10.067352120238864,15.020945,5.227399608459869,17.0,4.25,16.0,9.86227041726408,5.425681312393357,2.3293091920982403,10.133610368256498,15.202338486148244,5.340068068884165,17.0,4.25,16.0,115.25,2.0,2.8837273049113614,0.25,120.0,0.8895889958040846,8.0,0.510691044313604,0.02096254666908926,0.041047413896329515,1.9581310679611648
20261008_195431_052,29,58.0,62.0,6674,7134,460,unknown,4.0,2.0,0.5,115.0,-0.01895531698695652,0.7146503994457364,0.8453699778474135,0.8455824640375489,2.5878377,2.606793016986957,40.0,10.0,10.0,0.009722139794260872,0.7044285327240022,0.8393024083868711,0.8393587151666332,2.126621,2.136343139794261,26.0,6.5,16.0,9.910577241086955,6.121667480773841,2.4742003719937156,10.214754462654723,16.432709,6.522131758913044,21.0,5.25,16.0,9.982401353162263,6.112404712922801,2.4723277923695317,10.28400415638474,16.576625641711402,6.594224288549139,19.0,4.75,16.0,115.0,2.0,3.073634533159035,0.25,120.0,0.8248588281307941,8.0,0.5142857142857143,0.0210081174227177,0.04084911721083997,1.9444444444444442
20261008_195431_052,30,60.0,64.0,6904,7364,460,unknown,4.0,2.0,0.5,115.0,-0.021733072500000006,0.7442484649215967,0.8626983626515102,0.8629720687032036,2.5878377,2.6095707725,46.0,11.5,14.0,0.10470679890230436,0.7631594152957203,0.8735899583304059,0.8798425592298249,2.126621,2.2313277989023046,19.0,4.75,16.0,9.930775773913044,6.937650463955926,2.633942000871683,10.274140252872458,16.432709,6.501933226086955,22.0,5.5,14.0,10.00883439993444,6.900035610777148,2.6267918856995784,10.3477921150402,16.576625641711402,6.567791241776963,22.0,5.5,14.0,115.0,2.0,2.672689398676379,0.25,120.0,0.8220607718679042,8.0,0.5229813664596275,0.03333269034782295,0.06373590434678733,1.912114014251781
20261008_195431_052,31,62.0,66.0,7134,7594,460,unknown,4.0,2.0,0.5,115.0,-0.03215225425695651,0.7684146720353536,0.8765926488599786,0.8771821016694069,2.7218359,2.753988154256956,44.0,11.0,12.0,0.15021724698469566,0.8880995011929347,0.9423903125525722,0.9542875470656609,3.3206396,3.4708568469846957,21.0,5.25,16.0,9.820955590869566,7.215915782991436,2.6862456669097554,10.181703418427764,18.521645,8.700689409130433,27.0,6.75,16.0,9.90480472986115,7.242040926117557,2.691104034800133,10.26387829540069,18.875507953721847,8.970703223860697,27.0,6.75,16.0,115.0,2.0,3.4088592763653454,0.25,120.0,0.8453891082761479,8.0,0.515527950310559,0.03244115492472197,0.06292802340819563,1.9397590361445785
20261008_195431_052,32,64.0,68.0,7364,7824,460,unknown,4.0,2.0,0.5,115.0,0.05628335095804349,0.6864828838518556,0.8285426264543397,0.8304521054503515,2.7218359,2.6655525490419563,40.0,10.0,10.0,0.09078161142217392,0.9046867826966014,0.9511502419158613,0.9554727016869754,3.3206396,3.411421211422174,26.0,6.5,16.0,9.75410743826087,7.265133843311552,2.6953912226820713,10.119671227883225,18.521645,8.767537561739129,25.0,6.25,16.0,9.831605310934286,7.349861553572231,2.711062808857853,10.198545217018136,18.875507953721847,9.043902642787561,25.0,6.25,16.0,115.0,2.0,3.2787034907893915,0.25,120.0,0.9095356803829081,8.0,0.5093167701863354,0.030781395511463024,0.060436642406653016,1.9634146341463417
20261008_195431_052,33,66.0,70.0,7594,8054,460,unknown,4.0,2.0,0.5,115.0,0.1358967216171739,0.5878503031206922,0.7667139643443911,0.7786643834586168,2.652444,2.788340721617174,54.0,13.5,8.0,0.11437172070108696,0.82342101513967,0.9074254873760544,0.9146047811135679,2.3132613,2.427633020701087,22.0,5.5,16.0,9.73735768347826,6.33053542914316,2.516055529821065,10.057170083335384,16.17907,6.441712316521739,26.0,6.5,16.0,9.810899055809873,6.335749929548009,2.5170915616139213,10.128647008008477,16.208419609061014,6.397520553251141,26.0,6.5,16.0,115.0,2.0,3.0414128461765126,0.25,120.0,0.8282074598903862,7.0,0.5130434782608695,0.048415342285478426,0.09436888750559355,1.9491525423728817
20261008_195431_052,34,68.0,72.0,7824,8284,460,unknown,4.0,2.0,0.5,115.0,-0.014195680411086958,0.5373317340506829,0.7330291495231843,0.7331665918418655,2.652444,2.638248319588913,55.0,13.75,10.0,0.23983885544717393,0.830071475124928,0.9110825841409372,0.9421221532832875,2.1026928,2.3425316554471736,25.0,6.25,16.0,9.763611084347826,5.625323476468557,2.3717764389732343,10.047558155236937,15.6670065,5.903395415652174,27.0,6.75,16.0,9.838945754775521,5.573698720553207,2.3608682132963725,10.118228712871064,15.775495866521794,5.936550111746273,27.0,6.75,16.0,115.0,2.0,2.944124028812443,0.25,120.0,0.8793874054545908,8.0,0.5105590062111801,0.055136250984278615,0.10799192711032674,1.9586374695863749
20261008_195431_052,35,70.0,74.0,8054,8514,460,unknown,4.0,2.0,0.5,115.0,-0.07304351171500001,0.6259721208912383,0.7911839993903051,0.7945485985733646,2.7672994,2.840342911715,40.0,10.0,10.0,0.5743086456263043,0.6464968771294572,0.8040502951491637,0.9880927575741951,1.8981066,2.3826843456263043,21.0,5.25,16.0,9.80325913978261,5.104045812054339,2.259213538392141,10.060215483466822,15.6670065,5.86374736021739,17.0,4.25,15.0,9.888952953511085,5.024179830095444,2.241468230891405,10.139801297207509,15.775495866521794,5.886542913010709,17.0,4.25,15.0,115.0,2.0,2.5086706459526016,0.25,120.0,0.8510206846322115,8.0,0.5142857142857143,0.026873674102837194,0.05225436631107232,1.9444444444444442
20261008_195431_052,36,72.0,76.0,8284,8745,461,unknown,4.0,2.0,0.5,115.25,-0.02752265111800434,0.7547664389574299,0.8687729501759536,0.8692087984379779,2.7672994,2.7948220511180044,36.0,9.0,8.0,0.4063814777687636,0.6878586335776963,0.8293724335771574,0.9235824484317685,1.8981066,2.176472077768764,21.0,5.25,16.0,9.874667818655098,4.768214803200824,2.1836242358063402,10.113222994277514,15.207584,5.332916181344903,20.0,5.0,16.0,9.958970151828103,4.704721321313637,2.169036957111067,10.19243875656443,15.267830552322073,5.30886040049397,20.0,5.0,16.0,115.25,2.0,2.577346506596676,0.25,120.0,0.8389238369098238,8.0,0.5156492097923768,0.020667284785290455,0.04008012500128143,1.9393028846153846
20261008_195431_052,37,74.0,78.0,8514,8975,461,unknown,4.0,2.0,0.5,115.25,-0.051746734965726675,0.7275763702935566,0.8529808733456786,0.8545490593717658,2.4107687,2.3590219650342736,46.0,11.5,8.0,-0.10698538507527115,0.7472227367704373,0.8644204629521661,0.8710158491038732,2.3754747,2.2684893149247287,23.0,5.75,15.0,9.910419993926249,6.178131838113957,2.4855848080711223,10.217365428236725,16.521244,6.61082400607375,20.0,5.0,16.0,9.982648534426973,6.230207236493439,2.49603830829846,10.28996982495043,16.674314776412132,6.691666241985159,20.0,5.0,16.0,115.25,2.0,3.127152189273288,0.25,120.0,0.8863977855496025,8.0,0.510691044313604,0.03056418470638475,0.05984867964047547,1.9581310679611648
20261008_195431_052,38,76.0,80.0,8745,9205,460,unknown,4.0,2.0,0.5,115.0,0.015506533263695665,0.6743075287515905,0.8211623035378515,0.8213087003833872,2.4658036,2.4502970667363044,48.0,12.0,8.0,-0.0680862061042174,0.7481200641133992,0.8649393412912834,0.8676150042357873,2.3754747,2.3073884938957825,20.0,5.0,16.0,9.83648293,6.782950780242493,2.604409871783336,10.175428600920153,16.521244,6.684761069999999,19.0,4.75,15.0,9.907162155879497,6.81478900643348,2.610515084506021,10.245323371632756,16.674314776412132,6.767152620532634,19.0,4.75,15.0,115.0,2.0,2.935178824216587,0.25,120.0,0.8264348189159381,8.0,0.5130434782608696,0.04740070566046933,0.09239120594837243,1.9491525423728813
20261008_195431_052,39,78.0,82.0,8975,9435,460,unknown,4.0,2.0,0.5,115.0,0.0034383827460869576,0.6176009669300893,0.7858759233683708,0.7858834451787351,2.4658036,2.462365217253913,42.0,10.5,12.0,0.09333568955034784,0.7331217155821049,0.856225271515683,0.8612974320906477,2.5238297,2.6171653895503475,25.0,6.25,14.0,9.70933561478261,5.287699785847279,2.299499899075292,9.977920518140705,14.425131,5.0875986147826096,23.0,5.75,16.0,9.78064363997109,5.257353910158251,2.2928920406679096,10.04581225796427,14.4333729017185,5.136898483890381,23.0,5.75,16.0,115.0,2.0,2.722795856454849,0.25,120.0,0.8614500381688036,7.0,0.5289855072463768,0.043308848688359214,0.08187152217799412,1.8904109589041096
20261008_195431_052,40,80.0,84.0,9205,9665,460,unknown,4.0,2.0,0.5,115.0,0.04013179856304349,0.6039944295002302,0.7771707852848241,0.778206264917043,2.1547368,2.1146050014369564,46.0,11.5,18.0,0.026570735966739128,0.9954787326179695,0.997736805283823,0.9980905453052762,2.7056842,2.732254935966739,21.0,5.25,16.0,9.699202565652175,5.297497734507635,2.301629365147142,9.96855195823653,14.989838,5.290635434347825,25.0,6.25,14.0,9.779545025094837,5.334316973588096,2.3096140313022206,10.048572927109863,15.21023503029131,5.430690005196473,25.0,6.25,16.0,115.0,1.75,2.6481502726613315,0.25,105.0,0.8505859201485655,8.0,0.5118012422360249,0.048175700446373454,0.0941297059692491,1.953883495145631
20261008_195431_052,41,82.0,86.0,9435,9895,460,unknown,4.0,2.0,0.5,115.0,0.18340465373260872,0.6534695455566596,0.8083746319353791,0.8289190627361864,2.9276185,2.744213846267391,44.0,11.0,16.0,0.0754467382947826,0.8824451246695975,0.9393855037574284,0.942410385654211,2.7056842,2.7811309382947824,24.0,6.0,16.0,9.872729035217391,6.018817514140858,2.453327844814235,10.172983638882222,16.078571,6.205841964782609,23.0,5.75,15.0,9.950902604743197,6.044377615436847,2.458531597404607,10.250114158609245,16.14390858914343,6.193005984400232,21.0,5.25,15.0,115.0,2.0,2.9132784419005517,0.25,120.0,0.7986554295802133,8.0,0.5167701863354037,0.023635152286261396,0.04573629228471256,1.9350961538461537
20261008_195431_052,42,84.0,88.0,9665,10125,460,unknown,4.0,2.0,0.5,115.0,0.15493006344608692,0.8488430570041755,0.9213267916457089,0.9342624800148961,3.1357942,2.980864136553913,33.0,8.25,12.0,0.08848762216978262,0.817239741278996,0.9040131311430138,0.9083335293581638,2.8325038,2.9209914221697826,27.0,6.75,16.0,9.959567669999998,6.930727799610938,2.632627546693785,10.301636567697395,16.078571,6.119003330000002,18.0,4.5,14.0,10.042216803615826,6.975513824215936,2.6411198049721136,10.383719572245777,16.14390858914343,6.101691785527603,18.0,4.5,14.0,115.0,2.0,3.087664275521429,0.25,120.0,0.8965649546535656,8.0,0.5254658385093168,0.011248925637437767,0.021407529877393385,1.9030732860520092
20261008_195431_052,43,86.0,90.0,9895,10355,460,unknown,4.0,2.0,0.5,115.0,0.08501282638391304,0.7918714554439163,0.88987159491913,0.8939231712477855,3.1357942,3.0507813736160867,39.0,9.75,8.0,0.08405569887108695,0.8968279059207181,0.947009981954107,0.9507330153273447,2.8325038,2.916559498871087,19.0,4.75,14.0,9.830032724782608,7.727246316387928,2.779792495203181,10.215517103244697,15.719648,5.889615275217391,17.0,4.25,16.0,9.913989120283897,7.772601312104534,2.787938541665604,10.298532982382104,15.720892042315134,5.806902922031236,17.0,4.25,16.0,115.0,2.0,3.4074419499236552,0.25,120.0,0.8960687625359748,8.0,0.5142857142857143,0.03642951130090727,0.07083516086287524,1.9444444444444442
20261008_195431_052,44,88.0,92.0,10125,10585,460,unknown,4.0,2.0,0.5,115.0,-0.033442298022173904,0.6361693541338261,0.7976022530897378,0.7983030385955135,2.6572297,2.623787401977826,50.0,12.5,12.0,0.07957175563391305,0.8882480592173378,0.942469129052691,0.9458222473128876,2.4951158,2.574687555633913,17.0,4.25,14.0,9.686286508695654,7.008939747389426,2.6474402254610823,10.041567909242502,15.719648,6.033361491304346,23.0,5.75,16.0,9.764352915823695,7.022365676116978,2.6499746557499333,10.117556698179243,15.750709582616874,5.98635666679318,21.0,5.25,16.0,115.0,2.0,2.8910047325574126,0.25,120.0,0.8657956033642884,7.0,0.5289855072463768,0.016203391141302804,0.030631068184928587,1.8904109589041096
20261008_195431_052,45,90.0,94.0,10355,10816,461,unknown,4.0,2.0,0.5,115.25,-0.03750399035271151,0.738781488733674,0.8595239896208098,0.8603418146446506,2.6572297,2.6197257096472883,42.0,10.5,8.0,-0.028629527204642097,1.097985825756186,1.0478481883155528,1.0482392263143692,3.394817,3.366187472795358,19.0,4.75,16.0,9.734607200216919,7.676122191385509,2.770581561944262,10.121200498651364,16.293926,6.55931879978308,23.0,5.75,16.0,9.824950092136483,7.748048734538136,2.7835317017304,10.211644972653074,16.6146020190272,6.789651926890716,23.0,5.75,16.0,115.25,2.0,3.2280120200267675,0.25,120.0,0.862564610923549,7.0,0.5249457700650759,0.025420673653285528,0.04842533286844888,1.9049586776859504
20261008_195431_052,46,92.0,96.0,10585,11046,461,unknown,4.0,2.0,0.5,115.25,-0.13162341064425162,0.8499474718970734,0.9219259579256207,0.9312744998799756,2.650051,2.681175810644252,33.0,8.25,8.0,0.0523786795489371,1.0369194876267178,1.0182924371842883,1.0196386682045793,3.394817,3.4471956795489374,20.0,5.0,16.0,9.865324875921909,7.62654629740983,2.76162023048243,10.244568375724448,16.293926,6.4286011240780905,23.0,5.75,15.0,9.958870527380526,7.679014231589663,2.771103432134871,10.337219955709473,16.6146020190272,6.655731491646673,21.0,5.25,15.0,115.25,2.0,3.301002301453786,0.25,120.0,0.8870032501064036,8.0,0.5119305856832972,0.041998324998072316,0.08203910094962431,1.9533898305084745
20261008_195431_052,47,94.0,98.0,10816,11276,460,unknown,4.0,2.0,0.5,115.0,-0.18164644808369565,0.8522219788149733,0.9231586964411771,0.9408599316138381,2.4131618,2.4608100480836956,39.0,9.75,12.0,0.12011969690739127,0.889449512320725,0.9431063101902802,0.9507251200561857,2.2534406,2.373560296907391,19.0,4.75,16.0,9.949720669130436,6.620942631317948,2.5731192415661477,10.277056194506253,15.265012,5.404554169130436,24.0,6.0,16.0,10.03983141212909,6.6087649058875915,2.570751817248719,10.363733868151073,15.302662012200463,5.262830600071373,24.0,6.0,16.0,115.0,2.0,3.1642575717119774,0.25,120.0,0.8691175431712826,8.0,0.5167701863354038,0.030428444009728908,0.058881964970749434,1.9350961538461535
20261008_195431_052,48,96.0,100.0,11046,11506,460,unknown,4.0,2.0,0.5,115.0,-0.22394219009565217,0.8267122620365198,0.9092371868970823,0.9364092943480201,3.245864,3.4698061900956523,49.0,12.25,12.0,0.19401109889565216,1.166337652236725,1.0799711349090424,1.097259294210545,3.1758738,2.981862701104348,21.0,5.25,16.0,9.867652027173913,8.082962930109252,2.843055210527796,10.2690564055077,16.815561,6.947908972826086,25.0,6.25,16.0,9.975834797868226,8.017079870412898,2.8314448379604533,10.369877520239642,17.15464031924515,7.178805521376924,23.0,5.75,16.0,115.0,1.75,3.1794253861100534,0.25,105.0,0.8951937230016601,8.0,0.520496894409938,0.053285989042303646,0.10237522954428264,1.9212410501193316
20261008_195431_052,49,98.0,102.0,11276,11736,460,unknown,4.0,2.0,0.5,115.0,-0.28270679350891303,0.7596925830326902,0.8716034551518771,0.9163054698782396,3.245864,3.528570793508913,47.0,11.75,10.0,0.19131137155652175,1.1215124724440546,1.0590148594066349,1.0761563610047065,3.1758738,2.9845624284434784,24.0,6.0,16.0,9.728644651956522,8.572486475057948,2.927880884711321,10.15967584320977,16.815561,7.086916348043477,25.0,6.25,16.0,9.834536863499828,8.498626147022796,2.915240324059544,10.257521214531309,17.15464031924515,7.320103455745322,25.0,6.25,16.0,115.0,2.0,3.5599690345574153,0.25,120.0,0.8733964970060315,8.0,0.5130434782608695,0.06735623210795506,0.13128757105787853,1.9491525423728817
20261008_195431_052,50,100.0,104.0,11506,11966,460,unknown,4.0,2.0,0.5,115.0,-0.22054542201043476,0.764160946463752,0.8741629976518979,0.9015548955185773,2.5519454,2.7030989220104344,45.0,11.25,10.0,0.1961542359480435,0.9170113278761085,0.9576070842867175,0.9774905688324923,2.3611178,2.557272035948044,27.0,6.75,16.0,9.68005477021739,7.324191526508542,2.706324357224858,10.051251259466008,16.234106,6.55405122978261,27.0,6.75,16.0,9.774886368609362,7.247537403481853,2.6921250720354455,10.138833311713286,16.366149388813877,6.591263020204515,23.0,5.75,16.0,115.0,1.75,2.639666325691742,0.25,105.0,0.7692717665719512,8.0,0.5130434782608697,0.06253273514858743,0.12188583969639918,1.9491525423728808
20261008_195431_052,51,102.0,106.0,11736,12196,460,unknown,4.0,2.0,0.5,115.0,-0.13582909722369563,0.8632335752845843,0.929103640765972,0.9389798288233825,2.4801607,2.6159897972236954,40.0,10.0,10.0,0.2976723364545652,0.7769595596280984,0.8814530955349231,0.93035927443027,2.3611178,2.658790136454565,35.0,8.75,16.0,9.838438828913043,6.900260992131208,2.6268347858461154,10.18308104565583,16.219748,6.381309171086956,27.0,6.75,16.0,9.929579238621074,6.845847224796065,2.6164569984610995,10.268514550841843,16.366149388813877,6.436570150192804,23.0,5.75,16.0,115.0,2.0,3.1077011956268374,0.25,120.0,0.8520418275982777,8.0,0.5192546583850931,0.032441154924721965,0.06247638687655786,1.925837320574163
20261008_195431_052,52,104.0,108.0,11966,12426,460,unknown,4.0,2.0,0.5,115.0,-0.16971874980739127,0.7960804694894359,0.8922334164832855,0.908231756505805,2.4993033,2.669022049807391,36.0,9.0,8.0,0.49018532508565216,0.4812007002202461,0.6936863125507423,0.8494011732683048,1.8646071,2.1382419250856524,29.0,7.25,16.0,9.944066353043478,6.2514059662454615,2.5002811774369422,10.253577990144555,15.016158,5.0720916469565225,25.0,6.25,14.0,10.024604418349028,6.189535132269222,2.4878776361126005,10.328708964660205,15.116416945702841,5.091812527353813,23.0,5.75,14.0,115.0,2.0,2.744372475032184,0.25,120.0,0.9057923529403878,8.0,0.5254658385093168,0.01964147615011414,0.03737916855990989,1.9030732860520092
20261008_195431_052,53,106.0,110.0,12196,12656,460,unknown,4.0,2.0,0.5,115.0,-0.3328052170493478,0.659356656256895,0.8120077932242369,0.8775625155806044,2.4993033,2.8321085170493476,42.0,10.5,10.0,0.6821937369165217,0.35391232610384005,0.5949053085187928,0.9051522638716475,1.8646071,1.7535800369165218,27.0,6.75,14.0,9.759751377391304,6.182596468868761,2.486482750567307,10.071511476305838,16.463816,6.704064622608698,21.0,5.25,16.0,9.846676038132747,6.067731006966751,2.463276477979431,10.150111329778818,16.56986840185379,6.723192363721042,21.0,5.25,16.0,115.0,2.0,2.953471911621109,0.25,120.0,0.9097873131915951,8.0,0.5142857142857143,0.02991700516470134,0.05817195448691927,1.9444444444444442
20261008_195431_052,54,108.0,112.0,12426,12887,461,unknown,4.0,2.0,0.5,115.25,-0.27854064690195224,0.7495103878633367,0.8657426799363288,0.9094477884078308,2.3030918,2.471562646901952,30.0,7.5,10.0,0.623925907070499,0.434434412100013,0.6591163873702527,0.907589086323628,1.7665013,2.276768207070499,28.0,7.0,14.0,9.641993029501085,6.08268340276524,2.466309672925369,9.952422468108592,16.463816,6.821822970498916,25.0,6.25,14.0,9.732069076757908,5.988357698378898,2.447112113978209,10.035015008118643,16.56986840185379,6.837799325095881,25.0,6.25,14.0,115.25,2.0,2.720892471637912,0.25,120.0,0.8277875679602984,7.0,0.532176428054953,0.033480367036269616,0.06291215708038163,1.8790760869565217
20261008_195431_052,55,110.0,114.0,12656,13117,461,unknown,4.0,2.0,0.5,115.25,0.2971745589711496,1.1092562006656645,1.0532123245887623,1.0943349209293112,2.9994032,2.7022286410288507,25.0,6.25,10.0,0.28956917175501085,0.6108931520487811,0.781596540453437,0.8335127217263478,1.966302,2.255871171755011,22.0,5.5,14.0,9.785178288286334,5.4290196062803595,2.330025666442402,10.058764026451293,15.753148,5.967969711713666,25.0,6.25,16.0,9.882253024006445,5.412121285791099,2.326396631228454,10.152391152643581,15.872480776242481,5.990227752236036,23.0,5.75,16.0,115.25,2.0,2.8620370077335378,0.25,120.0,0.8809425583665805,8.0,0.51688875116207,0.03000611945933734,0.05805140737127194,1.9346522781774582
20261008_195431_052,56,112.0,116.0,12887,13347,460,unknown,4.0,2.0,0.5,115.0,0.9536386579663043,0.8348828455025131,0.9137192377872501,1.3207231108261441,3.3008988,3.2064810579663043,40.0,10.0,12.0,0.30607322645056523,0.7289170002024835,0.853766361601629,0.9069717857531966,1.966302,2.2723752264505652,21.0,5.25,14.0,9.887476080434782,5.045661332372112,2.24625495711687,10.139420327293966,15.935002,6.047525919565219,22.0,5.5,14.0,10.01747959222084,5.02485454860372,2.2416187339964218,10.265220500757144,16.032226046671873,6.014746454451034,20.0,5.0,14.0,115.0,1.75,2.4363723644469144,0.25,105.0,0.8034529356869996,8.0,0.529192546583851,0.0361317753347801,0.06827718109037084,1.8896713615023473
20261008_195431_052,57,114.0,118.0,13117,13577,460,unknown,4.0,2.0,0.5,115.0,0.9394273722930435,0.993513565712683,0.996751506501336,1.3696851293367012,6.131608,5.192180627706956,34.0,8.5,12.0,0.4755787006054348,0.8133231608244227,0.9018443107457199,1.0195578754018706,3.4271202,2.9515414993945654,19.0,4.75,14.0,9.810234716956522,6.0832879054656175,2.46643222194846,10.115532270090617,16.784454,6.974219283043478,21.0,5.25,16.0,9.956438198540024,6.108867120717757,2.471612251288166,10.258631912787626,16.929320235276787,6.972882036736763,19.0,4.75,16.0,115.0,2.0,2.6350053391948154,0.25,120.0,0.8400738376798352,8.0,0.5192546583850931,0.04664592138017038,0.08983245624650038,1.925837320574163
20261008_195431_052,58,116.0,120.0,13347,13807,460,unknown,4.0,2.0,0.5,115.0,0.4945392241197826,1.031914508754501,1.0158319293832523,1.1298157163659468,6.131608,5.637068775880217,41.0,10.25,11.0,0.42236440905869566,0.7314291132002895,0.8552362908578479,0.95384527426611,3.4271202,3.0047557909413043,19.0,4.75,16.0,9.688923801521739,5.937202098514619,2.4366374573404674,9.990617925344212,16.784454,7.0955301984782615,27.0,6.75,16.0,9.798878160427423,5.980737687494867,2.44555467890106,10.099443098032504,16.929320235276787,7.130442074849364,23.0,5.75,16.0,115.0,2.0,2.8064792173689734,0.25,120.0,0.8630140192358415,7.0,0.5231884057971014,0.025803614224296886,0.049319927464722586,1.911357340720222
20261008_195431_052,59,118.0,122.0,13577,14037,460,unknown,4.0,2.0,0.5,115.0,0.3059171733876087,0.8398025103139372,0.9164073932012646,0.9661199859683068,3.1334012,3.439318373387609,45.0,11.25,10.0,0.38591027664,0.589918456753872,0.7680614928206413,0.8595610498214966,2.2235305,2.09618017664,21.0,5.25,14.0,9.684023727608695,5.154981747241701,2.270458488332632,9.946622406833887,16.258034,6.574010272391304,27.0,6.75,16.0,9.773617796786185,5.083925492131917,2.254756193501177,10.030330519468816,16.486769638962002,6.713151842175817,25.0,6.25,14.0,115.0,1.75,2.5174281578566338,0.25,105.0,0.8030419831713851,8.0,0.5167701863354037,0.05377605173146176,0.10406183087458346,1.9350961538461537
20261008_195431_052,60,120.0,124.0,13807,14267,460,unknown,4.0,2.0,0.5,115.0,0.5305772109673913,1.0293240974587836,1.0145561085808825,1.1449175840455588,3.3990045,2.868427289032609,32.0,8.0,12.0,0.4183486281734782,0.5324232593941447,0.7296733922750265,0.8410938319169723,2.2235305,1.8051818718265218,23.0,5.75,14.0,9.85445513456522,4.926540996917034,2.2195812661213905,10.101327981808918,14.463416,5.046077834565219,25.0,6.25,14.0,9.958180913912987,4.889734990200455,2.211274517150789,10.200740272373437,14.523007821778009,4.828711456868738,25.0,6.25,14.0,115.0,1.75,2.3371261277644217,0.25,105.0,0.8402244312798646,8.0,0.5304347826086957,0.043353859295938255,0.08173268555791638,1.8852459016393441
20261008_195431_052,61,122.0,126.0,14037,14497,460,unknown,4.0,2.0,0.5,115.0,0.610185379951087,0.8666189446770199,0.9309237050784667,1.1130791268292979,3.4301112,2.819925820048913,41.0,10.25,12.0,0.5016604706792609,0.531051715305098,0.728732951982479,0.8847117853556804,1.9268204,2.233465870679261,21.0,5.25,16.0,9.882237869999999,5.252999403112666,2.2919422774390865,10.144536693332762,15.755541,5.87330313,29.0,7.25,14.0,9.984260090082753,5.24783526168587,2.2908154141453365,10.243694880662208,15.840150785222216,5.855890695139463,27.0,6.75,14.0,115.0,2.0,2.4492301071027893,0.25,120.0,0.8789205322886505,8.0,0.5242236024844721,0.04017630218334467,0.07663962857249397,1.9075829383886254
20261008_195431_052,62,124.0,128.0,14267,14728,461,unknown,4.0,2.0,0.5,115.25,0.45935706364707163,0.8060202487311039,0.8977863046021052,1.0084786366867489,3.4301112,2.9707541363529284,36.0,9.0,12.0,0.5359728095294143,0.6974194188212962,0.8351164103412746,0.99231359527931,2.268994,2.267778209529414,18.0,4.5,16.0,9.70971868481562,5.881518286280182,2.425184175744222,10.008004557579783,15.755541,6.045822315184379,27.0,6.75,16.0,9.816139541516339,5.805275158046787,2.409413861927167,10.107515553120233,15.840150785222216,6.024011243705877,27.0,6.75,16.0,115.25,2.0,2.8526174887811155,0.25,120.0,0.8467786524629911,8.0,0.510691044313604,0.05612262248613213,0.10989545070555119,1.9581310679611648
20261008_195431_052,63,126.0,130.0,14497,14958,461,unknown,4.0,2.0,0.5,115.25,0.4428720216047722,0.7036971303656605,0.838866574829192,0.9485951496217754,2.635694,2.192821978395228,37.0,9.25,14.0,0.646867942332755,0.6133988625929822,0.7831978438383128,1.0157937770092877,2.268994,2.010178642332755,21.0,5.25,16.0,9.64471800802603,4.669571289751726,2.1609190844989374,9.883833099769205,14.437096,4.79237799197397,24.0,6.0,16.0,9.749573298491468,4.567646996732315,2.137205417532979,9.981073414186977,14.475514912136948,4.72594161364548,24.0,6.0,16.0,115.25,2.0,2.484801278424876,0.25,120.0,0.8559008347111975,7.0,0.5263919016630513,0.03771049836704352,0.07163958687035879,1.8997252747252749
20261008_195431_052,64,128.0,132.0,14728,15188,460,unknown,4.0,2.0,0.5,115.0,0.48845833190043475,0.535730158918344,0.731935898093777,0.879955510762504,2.635694,2.1472356680995652,39.0,9.75,16.0,0.803546256873913,0.5304598956464959,0.7283267780649672,1.0845028734782458,2.309672,2.308033556873913,20.0,5.0,14.0,9.799170533913044,4.298325373045842,2.0732403075972266,10.016090481108659,15.939788,6.140617466086956,27.0,6.75,16.0,9.902326593550777,4.216464743916463,2.05340321026253,10.112988515234226,16.039786070765278,6.137459477214501,25.0,6.25,16.0,115.0,2.0,2.163098257691719,0.25,120.0,0.7932641590874681,8.0,0.5180124223602485,0.059679066581189134,0.11520779040253537,1.9304556354916067
20261008_195431_052,65,130.0,134.0,14958,15418,460,unknown,4.0,2.0,0.5,115.0,0.2533479001576087,0.6454941178601418,0.8034264856601018,0.8424246413623069,2.489732,2.2363840998423914,36.0,9.0,14.0,1.0205076441491305,0.5340733931881188,0.7308032520371804,1.255192911450239,2.3264217,2.524994944149131,24.0,6.0,14.0,9.852010296304346,4.652858369071273,2.157048531923024,10.085383743197784,15.939788,6.087777703695654,30.0,7.5,14.0,9.97356525202675,4.52814993245205,2.1279450022150597,10.198046566322763,16.039786070765278,6.066220818738527,28.0,7.0,14.0,115.0,2.0,2.3821417666920084,0.25,120.0,0.8223461346048647,8.0,0.5242236024844721,0.04801527475798183,0.09159311891036817,1.9075829383886254
20261008_195431_052,66,132.0,136.0,15188,15648,460,unknown,4.0,2.0,0.5,115.0,0.08844080430608693,0.599010678944643,0.7739578017854998,0.7789945152637152,2.5591238,2.470682995693913,38.0,9.5,10.0,1.1567008695826084,0.43158876918933636,0.6569541606454261,1.330242711268323,2.3264217,2.1610881695826087,34.0,8.5,14.0,9.695852605434782,5.229084193264184,2.286719089277077,9.961859361564017,15.499509,5.803656394565218,25.0,6.25,16.0,9.827527437635684,5.034724527791911,2.2438191833995695,10.080427573534472,15.554131334546687,5.726603896911003,25.0,6.25,16.0,115.0,1.75,2.5395072361593187,0.25,105.0,0.8846674689387488,8.0,0.5192546583850931,0.042016234845435436,0.08091643313534816,1.925837320574163
20261008_195431_052,67,134.0,138.0,15418,15878,460,unknown,4.0,2.0,0.5,115.0,0.17412466082869565,0.6589662020395276,0.8117673324540275,0.8302322563886781,2.5734808,2.3993561391713043,34.0,8.5,12.0,0.9473548993017391,0.5521591906660848,0.7430741488344785,1.204010172671765,2.25703,2.456627799301739,25.0,6.25,14.0,9.638175190652174,5.528693385172811,2.351317372277254,9.92084242344751,15.499509,5.861333809347826,23.0,5.75,14.0,9.756356385914293,5.375550557350631,2.3185233570854167,10.028062648703449,15.554131334546687,5.797774948632394,22.0,5.5,14.0,115.0,2.0,2.7022716093657406,0.25,120.0,0.8413262667134784,7.0,0.5333333333333333,0.02780192187427661,0.052128603514268644,1.875
20261008_195431_052,68,136.0,140.0,15648,16108,460,unknown,4.0,2.0,0.5,115.0,0.09620187193891303,0.6375151326179598,0.7984454474902839,0.8042200773311439,2.5734808,2.477278928061087,31.0,7.75,10.0,0.6661306140843478,0.6894323000012729,0.830320600732797,1.0645009605545985,2.3790638,2.5582551140843477,19.0,4.75,16.0,9.749098094565218,6.205829257811381,2.491150187726822,10.062342814437725,17.44248,7.693381905434782,23.0,5.75,15.0,9.844823965211024,6.110116237077409,2.471864930993886,10.150402708418554,17.57085129903085,7.726027333819825,23.0,5.75,15.0,115.0,2.0,2.6420144087074138,0.25,120.0,0.8581697080543927,8.0,0.5155279503105591,0.034065364474042466,0.06607859855808236,1.939759036144578
20261008_195431_052,69,138.0,142.0,15878,16338,460,unknown,4.0,2.0,0.5,115.0,-0.11467342249304346,0.5978857751834374,0.7732307386436712,0.7816877695152364,2.3461626,2.4608360224930435,26.0,6.5,8.0,0.6793639632530434,0.5688479685064024,0.7542201061403776,1.0150780083684627,2.3790638,2.5714884632530435,21.0,5.25,15.0,9.870388191304349,5.922123286507696,2.4335413056917066,10.165957226623965,17.44248,7.572091808695651,21.0,5.25,14.0,9.95872478514628,5.811906119344149,2.41078952199153,10.24637035567381,17.57085129903085,7.612126513884569,23.0,5.75,14.0,115.0,2.0,2.6796203808077927,0.25,120.0,0.8446894792854363,8.0,0.529192546583851,0.013494137256149336,0.025499484721127265,1.8896713615023473
20261008_195431_052,70,140.0,144.0,16108,16568,460,unknown,4.0,2.0,0.5,115.0,-0.1626963327543478,0.6772707759544152,0.8229646261865787,0.8388926466754425,2.8510482,2.688351867245652,44.0,11.0,10.0,0.6234343339758696,0.4815389044334141,0.693930042895834,0.9328500807811243,2.3982065,1.9221388339758696,31.0,7.75,15.0,9.803810509565217,4.906289068927444,2.2150144624646235,10.050919837327768,15.1453705,5.341559990434783,25.0,6.25,16.0,9.888283665429515,4.816785874248133,2.1947177208579998,10.128916019113218,15.19698282505624,5.308699159626725,25.0,6.25,16.0,115.0,1.75,2.376560649113977,0.25,105.0,0.764424566121309,7.0,0.5304347826086956,0.046286143254119734,0.08726076187252083,1.8852459016393446
20261008_195431_052,71,142.0,146.0,16338,16799,461,unknown,4.0,2.0,0.5,115.25,0.21658678296963124,0.8487685718308655,0.92128636798276,0.9464028774195479,2.8510482,3.0676349829696314,50.0,12.5,10.0,0.5252699863373101,0.6308776403044134,0.794278062333597,0.9522532220219638,2.3982065,2.29775328633731,24.0,6.0,16.0,9.69432368199566,4.7569014254877855,2.181032192675703,9.936639928909052,15.1453705,5.45104681800434,33.0,8.25,14.0,9.790364428880585,4.688042031738649,2.165188682710735,10.02692762924062,15.19698282505624,5.406618396175656,33.0,8.25,14.0,115.25,2.0,2.196094887716074,0.25,120.0,0.7436733669064278,7.0,0.5307302964569777,0.04464309194629973,0.08411634354459471,1.8841961852861033
20261008_195431_052,72,144.0,148.0,16568,17029,461,unknown,4.0,2.0,0.5,115.25,0.5028379225362256,0.8779612462913506,0.936995862472909,1.0633941990776035,2.8462625,2.3434245774637743,45.0,11.25,12.0,0.4840210476553145,0.77939626904385,0.8828342251203506,1.0068131125572404,2.5680969,2.5938924476553145,26.0,6.5,14.0,9.80819297331887,4.671088226440346,2.1612700494015886,10.043492302396714,14.999409,5.191216026681129,39.0,9.75,16.0,9.921631338408337,4.577449079264704,2.139497389403573,10.149690512254605,15.108310381582683,5.186679043174346,41.0,10.25,16.0,115.25,2.0,2.263736021946013,0.25,120.0,0.7483413273524404,7.0,0.5307302964569776,0.02807879658560751,0.05290596141402614,1.8841961852861036
20261008_195431_052,73,146.0,150.0,16799,17259,460,unknown,4.0,2.0,0.5,115.0,0.29917565484521735,0.7135928594774845,0.8447442568478845,0.8961578722131214,2.8462625,2.547086845154783,45.0,11.25,14.0,0.35333147457521735,0.8834761872215583,0.9399341398319131,1.0041510434924896,2.5680969,2.678556874575217,24.0,6.0,14.0,9.905188167173913,4.6824535774767755,2.163897774266792,10.138797078776106,15.817754,5.912565832826088,34.0,8.5,14.0,9.998667477344272,4.633273132173406,2.1525039215233517,10.227737993059632,16.034708585813082,6.03604110846881,34.0,8.5,14.0,115.0,1.75,2.348431411150881,0.25,105.0,0.7406012942233967,6.0,0.5599999999999999,0.03950544936208885,0.07054544528944438,1.7857142857142858
20261008_195431_052,74,148.0,152.0,17029,17489,460,unknown,4.0,2.0,0.5,115.0,0.07214360402391305,0.568726835992459,0.754139798706088,0.7575826922481915,2.367698,2.439841604023913,52.0,13.0,12.0,0.07428674050717389,0.9834890907418091,0.9917101848533215,0.9944886176105735,2.5070798,2.581366540507174,17.0,4.25,14.0,9.73570352673913,5.529799069404566,2.3515524806826162,10.015673828053972,15.817754,6.082050473260871,23.0,5.75,14.0,9.81159452400792,5.60927427257413,2.3683906503307535,10.093396919576497,16.034708585813082,6.223114061805163,23.0,5.75,14.0,115.0,1.75,2.9674267748118472,0.25,105.0,0.8724989140424356,7.0,0.5550724637681159,0.02987757699722942,0.05382644419866397,1.8015665796344649
20261008_195431_052,75,150.0,154.0,17259,17719,460,unknown,4.0,2.0,0.5,115.0,0.11709225787195651,0.9368776513022598,0.9679244037125315,0.9749811527182526,3.03051,2.9609619578719566,39.0,9.75,12.0,-0.26391273072865223,1.1644712748346964,1.0791067022471394,1.110910079293257,3.545565,3.2816522692713477,15.0,3.75,14.0,9.815030791521739,6.697089862173795,2.587873617890525,10.150463994354821,15.674185,5.859154208478261,25.0,6.25,14.0,9.914797124281575,6.913426737462624,2.6293396010144114,10.257515720345,16.282245971118122,6.367448846836547,21.0,5.25,14.0,115.0,1.75,3.105938251619392,0.25,105.0,0.8026073042005758,7.0,0.5478260869565217,0.028399881075747,0.05184105275731596,1.8253968253968256
20261008_195431_052,76,152.0,156.0,17489,17949,460,unknown,4.0,2.0,0.5,115.0,0.18587550524086957,1.0011488445083692,1.000574257368422,1.0176927571506627,3.03051,3.0297452052408693,39.0,9.75,12.0,-0.13593313236082608,1.2125378596734369,1.1011529683352068,1.1095114583215726,3.545565,3.409631867639174,15.0,3.75,16.0,9.951041921304347,7.359182633351423,2.7127813463955075,10.314185278193715,15.674185,5.769584421304347,20.0,5.0,14.0,10.057566737467003,7.494483498409075,2.7376054314690923,10.423489443416333,16.282245971118122,6.22467923365112,22.0,5.5,14.0,115.0,1.75,2.992138051235706,0.25,105.0,0.8466382243707017,6.0,0.5304347826086957,0.05129697810000912,0.09670741772952537,1.8852459016393441
20261008_195431_052,77,154.0,158.0,17719,18179,460,unknown,4.0,2.0,0.5,115.0,0.19302796373804346,0.9538125343487759,0.9766332650226368,0.9955261569309123,2.8486555,2.7641157637380434,31.0,7.75,14.0,0.10880580640217392,1.0549673777532917,1.0271160488247137,1.0328630505832415,2.7942185,2.9030243064021737,20.0,5.0,14.0,9.691337438043478,7.688904048417963,2.772887312607197,10.080224471034416,16.901703,7.2103655619565235,25.0,6.25,14.0,9.795935817411143,7.708445257996283,2.776408697939891,10.18178784874419,16.9357898998069,7.139854082395756,27.0,6.75,14.0,115.0,1.75,2.989695596171215,0.25,105.0,0.8663418093026004,7.0,0.5405797101449276,0.04612704481982478,0.0853288496667,1.8498659517426272
20261008_195431_052,78,156.0,160.0,17949,18409,460,unknown,4.0,2.0,0.5,115.0,0.18363353284804348,0.9388253507984811,0.9689300030438117,0.9861777857895272,2.8486555,2.6650219671519566,26.0,6.5,10.0,0.3449409875008696,1.0248820021363914,1.0123645598974667,1.0695168474570498,2.7942185,3.1391594875008697,23.0,5.75,16.0,9.709013120652173,8.83574265818281,2.97249771373887,10.153850424109017,17.877974,8.168960879347825,23.0,5.75,14.0,9.822711642193005,8.73142734168408,2.9548988716509537,10.25753826935869,17.8785388196166,8.055827177423597,23.0,5.75,14.0,115.0,1.75,3.0912547905555465,0.25,105.0,0.8287929672127997,7.0,0.5347826086956522,0.05162757429146919,0.09653936656128385,1.8699186991869918
20261008_195431_052,79,158.0,162.0,18179,18639,460,unknown,4.0,2.0,0.5,115.0,0.04080803076282608,1.0492805550134978,1.024343963233785,1.0251565004370005,3.2027931,3.161985069237174,32.0,8.0,8.0,0.464613330821,0.7847380184859146,0.8858544002746245,1.0003017373085477,2.0368903,2.244275230821,21.0,5.25,14.0,9.937943841521738,8.162107775853908,2.856940282164454,10.340446584799604,17.877974,7.94003015847826,25.0,6.25,16.0,10.047493164029259,8.024266107929815,2.832713559103676,10.439175493742047,17.8785388196166,7.831045655587342,25.0,6.25,16.0,115.0,2.0,3.1497741068126093,0.25,120.0,0.8193221473774889,8.0,0.5192546583850931,0.043032318200468996,0.08287324438128599,1.925837320574163
20261008_195431_052,80,160.0,164.0,18409,18870,461,unknown,4.0,2.0,0.5,115.25,-0.09962394891865509,1.2726560076299025,1.128120564314782,1.1325109000923785,3.2027931,3.302417048918655,31.0,7.75,8.0,0.24387196856260304,0.7892555875279224,0.8884005783023345,0.9212649589442343,2.6362925,2.880164468562603,23.0,5.75,16.0,9.91012933383948,6.74041888267926,2.596231669685751,10.244563548346264,16.246069,6.3359396661605185,22.0,5.5,16.0,10.018929128055806,6.703451486506462,2.589102448051537,10.348062251431982,16.43179885109887,6.4128697230430625,22.0,5.5,16.0,115.25,2.0,2.873554037620579,0.25,120.0,0.8688314000960127,8.0,0.51688875116207,0.044208378060432624,0.08552783932914633,1.9346522781774582
20261008_195431_052,81,162.0,166.0,18639,19100,461,unknown,4.0,2.0,0.5,115.25,-0.1569738362331887,0.9986313968228194,0.999315464116722,1.0115691682156902,3.1692936,3.0123197637668113,46.0,11.5,8.0,0.3724615319351411,0.825588492693172,0.9086190030442749,0.9819959701875788,2.6362925,3.0087540319351413,25.0,6.25,14.0,9.766803905422993,7.108573593987594,2.666190839753898,10.124180565407427,15.24587,5.479066094577007,17.0,4.25,16.0,9.869985516968688,7.070006283350983,2.6589483416100776,10.22186971099332,15.340754889055583,5.470769372086895,17.0,4.25,16.0,115.25,2.0,3.4558445564807188,0.25,120.0,0.914713294056467,8.0,0.510691044313604,0.03808439168450505,0.07457423056183118,1.9581310679611648
20261008_195431_052,82,164.0,168.0,18870,19330,460,unknown,4.0,2.0,0.5,115.0,-0.07619059401913042,0.6246261598142901,0.7903329423820635,0.793996956185147,2.43709,2.4510670940191304,56.0,14.0,10.0,0.8784155965152175,0.6872363120118673,0.82899717249932,1.2078287429155892,2.134996,2.8112179965152175,29.0,7.25,16.0,9.624416420652173,6.58894335592798,2.5668937173026816,9.96084006467563,17.947367,8.322950579347827,26.0,6.5,15.0,9.739468626768602,6.450367100881664,2.539757291727236,10.065168465191803,17.980407145630707,8.240938518862105,22.0,5.5,15.0,115.0,1.75,2.7147247351427612,0.25,105.0,0.9006408220830162,7.0,0.5246376811594203,0.021101767795015974,0.04022160159823486,1.9060773480662982
20261008_195431_052,83,166.0,170.0,19100,19560,460,unknown,4.0,2.0,0.5,115.0,0.2754659030195652,0.7587492704850934,0.871062150759114,0.9135812685314197,3.0185459,2.743079996980435,34.0,8.5,14.0,1.0644731602530435,0.668528939654489,0.8176361902793253,1.3422488772778283,2.594418,2.0257896602530434,23.0,5.75,15.0,9.615505757391304,6.447952127684037,2.539281813364566,9.945144699706955,17.947367,8.331861242608696,27.0,6.75,16.0,9.765034455457116,6.18626796460976,2.4872209320061938,10.076813280044165,17.980407145630707,8.215372690173592,23.0,5.75,16.0,115.0,1.75,2.7855162901361514,0.25,105.0,0.8144913746394682,8.0,0.5167701863354038,0.04597951682812857,0.08897478616981609,1.9350961538461535
20261008_195431_052,84,168.0,172.0,19330,19790,460,unknown,4.0,2.0,0.5,115.0,0.43845873895652177,0.8132536779893176,0.9018057872897676,1.00274610134204,3.0185459,2.580087161043478,29.0,7.25,12.0,0.745551516851739,0.8798337815308203,0.937994553038993,1.1981990009221128,2.594418,2.3960009168517393,15.0,3.75,16.0,9.83656098,6.409362477845573,2.5316718740479724,10.157130224187545,15.91586,6.0792990200000006,23.0,5.75,16.0,9.970011819692946,6.207339295854522,2.49145324978305,10.276598414877927,15.946246408045777,5.976234588352831,25.0,6.25,16.0,115.0,2.0,2.9167301333380284,0.25,120.0,0.846363094869579,8.0,0.5192546583850932,0.02356977138013699,0.045391545361268604,1.9258373205741626
20261008_195431_052,85,170.0,174.0,19560,20020,460,unknown,4.0,2.0,0.5,115.0,0.4127775087143479,0.9580499713732108,0.9788002714411204,1.0622783265574207,3.0759735,2.663195991285652,37.0,9.25,12.0,0.5295004419813044,0.7758805691918684,0.8808408307928671,1.0277408658072642,2.0608184,2.1799498419813044,15.0,3.75,16.0,9.883387476086957,6.146599958681899,2.4792337442608954,10.18959999024272,15.688541,5.805153523913043,26.0,6.5,14.0,9.996501519038947,6.082591871330299,2.466291116500706,10.296243707851826,15.690717858295496,5.694216339256549,24.0,6.0,14.0,115.0,2.0,2.8322425985209128,0.25,120.0,0.8768033143113206,8.0,0.5229813664596275,0.02991700516470136,0.05720472483986838,1.912114014251781
20261008_195431_052,86,172.0,176.0,19790,20250,460,unknown,4.0,2.0,0.5,115.0,0.16507354788065218,0.9859661816304434,0.992958298031918,1.006586040952461,3.0759735,2.910899952119348,35.0,8.75,10.0,0.4925209302523913,0.8421049054084685,0.9176627405580269,1.0414805673391845,2.3539393,2.8464602302523914,19.0,4.75,16.0,9.814130852173912,6.3931693443187525,2.5284717408582504,10.134610684575437,15.968502,6.1543711478260885,23.0,5.75,16.0,9.9235090638541,6.332198817501665,2.516386062888933,10.237589118434872,16.142859608744143,6.219350544890043,25.0,6.25,16.0,115.0,2.0,2.9124112296290083,0.25,120.0,0.8183117616720504,8.0,0.5142857142857143,0.03063062858618123,0.059559555584241274,1.9444444444444442
20261008_195431_052,87,174.0,178.0,20020,20480,460,unknown,4.0,2.0,0.5,115.0,-0.30807591831434783,0.6759835590805032,0.8221821933613639,0.8780058829676096,2.9563324,3.2644083183143477,52.0,13.0,10.0,0.42808117386034783,0.9546733480173669,0.9770738702971065,1.0667365370282487,2.6362925,3.0643736738603478,21.0,5.25,16.0,9.730231217608695,6.852588733241505,2.6177449710087317,10.076209023306745,15.968502,6.2382707823913055,21.0,5.25,16.0,9.830876594428181,6.792674836449233,2.6062760476298807,10.17048717866185,16.142859608744143,6.311983014315961,21.0,5.25,16.0,115.0,2.0,3.210043549864987,0.25,120.0,0.8743964272615031,7.0,0.5217391304347826,0.036549333950488365,0.07005289007176937,1.9166666666666667
20261008_195431_052,88,176.0,180.0,20250,20711,461,unknown,4.0,2.0,0.5,115.25,-0.26226322508763555,0.5924454535420774,0.7697047833696224,0.8131589345112338,2.2456641,2.2710377250876355,45.0,11.25,10.0,0.41877121219232105,0.7570599953134873,0.8700919464708815,0.9656238001802324,2.6362925,3.055063712192321,23.0,5.75,16.0,9.700905266594361,6.481159163059143,2.5458120832180726,10.029392910565292,15.796219,6.095313733405639,19.0,4.75,16.0,9.784308055346436,6.449694808830119,2.539624934676402,10.108530008401187,16.031156252718272,6.246848197371836,19.0,4.75,16.0,115.25,2.0,2.8639327875607106,0.25,120.0,0.8948589613308658,7.0,0.532176428054953,0.033853072771423375,0.06361249951478061,1.8790760869565217
20261008_195431_052,89,178.0,182.0,20480,20941,461,unknown,4.0,2.0,0.5,115.25,-0.14054069955748372,0.5995266126747248,0.7742910387410697,0.7869423745782355,3.1429725,3.0024318004425163,45.0,11.25,12.0,0.3415416949522776,0.801221755954296,0.8951099127784788,0.9580566190706951,2.5477579,2.889299594952278,19.0,4.75,14.0,9.921418668980476,6.319110374690594,2.513784074794531,10.234923486762613,14.647664,5.337966968980475,19.0,4.75,14.0,9.997887319150465,6.333058719707263,2.516556917637124,10.309743428724934,15.073648648360955,5.296245980757864,19.0,4.75,14.0,115.25,1.75,2.881172858002855,0.25,105.0,0.8703499278149118,8.0,0.5255655407499226,0.04861151918469805,0.09249373373173383,1.9027122641509433
20261008_195431_052,90,180.0,184.0,20711,21171,460,unknown,4.0,2.0,0.5,115.0,-0.20159010521565215,0.8408184945202173,0.9169615556391758,0.9388594490343456,3.1453655,3.346955605215652,43.0,10.75,12.0,0.30150605791826085,0.8671671435919388,0.9312180966840898,0.9788120588516206,2.5477579,2.849263957918261,19.0,4.75,16.0,9.941174162173914,6.922664482054746,2.6310956809007813,10.283462850845963,15.470795,5.625718762173913,21.0,5.25,14.0,10.031819223183179,6.9517413896958695,2.6366155179881403,10.372518417256407,15.613769625379424,5.59521100969317,21.0,5.25,14.0,115.0,1.75,2.772170257308624,0.25,105.0,0.8535901238395771,8.0,0.5254658385093167,0.04179528904661048,0.07953949806742656,1.9030732860520096
20261008_195431_052,91,182.0,186.0,20941,21401,460,unknown,4.0,2.0,0.5,115.0,-0.24829176142499995,0.7849780979991294,0.8859898972331058,0.9201233052100455,3.1453655,3.393657261425,44.0,11.0,14.0,0.2869202409313044,0.7824266442846013,0.8845488365741042,0.9299192808737107,2.7056842,2.9926044409313044,23.0,5.75,16.0,9.71504721,7.128886388858604,2.6699974510959,10.075268169204598,16.131214,6.41616679,25.0,6.25,16.0,9.801557575932419,7.151874532800506,2.6742988862130774,10.159842786535563,16.478702671927703,6.677145095995284,25.0,6.25,16.0,115.0,2.0,2.9224512051795966,0.25,120.0,0.8409761486349051,7.0,0.5318840579710145,0.03966357154609854,0.0745718375117384,1.8801089918256133
20261008_195431_052,92,184.0,188.0,21171,21631,460,unknown,4.0,2.0,0.5,115.0,-0.3812338673376087,0.8118334850404508,0.9010180270341159,0.9783520565960089,2.841477,2.8685728673376087,45.0,11.25,12.0,0.08925228098,1.0934448898962357,1.045679152463238,1.0494812335417762,3.0933216,3.1825738809799997,23.0,5.75,14.0,9.714605027173912,7.28686219306263,2.699418862100254,10.082678861644622,17.107485,7.392879972826089,25.0,6.25,14.0,9.815915113491291,7.366807117990556,2.714186271793179,10.184252384601301,17.154084645794143,7.338169532302851,25.0,6.25,14.0,115.0,1.75,2.847336841644631,0.25,105.0,0.8006443813224381,8.0,0.5142857142857143,0.056052244336290566,0.10899047509834275,1.9444444444444442
20261008_195431_052,93,186.0,190.0,21401,21861,460,unknown,4.0,2.0,0.5,115.0,-0.1384924130223913,1.0580571905474734,1.028619069698532,1.0379004475440974,2.8725836,2.734091186977609,29.0,7.25,10.0,0.03592875114391304,1.482877141310163,1.2177344297137052,1.2182643458908762,3.1962128,3.232141551143913,21.0,5.25,14.0,9.912064928260872,8.71659397621476,2.952387843122031,10.342418726694154,17.107485,7.195420071739129,18.0,4.5,14.0,10.042987930168863,8.665423908237635,2.9437092091845,10.465516254526342,17.154084645794143,7.11109671562528,18.0,4.5,14.0,115.0,1.75,3.5647838561661533,0.25,105.0,0.793388595883509,6.0,0.5443478260869565,0.02782608695652174,0.051118210862619806,1.8370607028753994
20261008_195431_052,94,188.0,192.0,21631,22091,460,unknown,4.0,2.0,0.5,115.0,0.10617890356565218,0.9499880409187104,0.9746732995823321,0.9804396975240826,2.8725836,2.978762503565652,29.0,7.25,12.0,0.34972663528478254,1.4257631785446414,1.194053256159306,1.2442153744317166,3.1962128,3.5459394352847826,16.0,4.0,14.0,9.843307707826087,8.762541635396602,2.960159055759775,10.278776593853232,15.99243,6.149122292173914,21.0,5.25,16.0,9.976921162022679,8.623626291582479,2.936601146152211,10.400124141797464,16.042838865111058,6.065917703088379,21.0,5.25,16.0,115.0,1.75,3.3118354273669577,0.25,105.0,0.8858974227365876,7.0,0.5333333333333333,0.045369495195647896,0.0850678034918398,1.875
20261008_195431_052,95,190.0,194.0,21861,22321,460,unknown,4.0,2.0,0.5,115.0,0.006694701767391306,0.8822582125984738,0.9392860121381952,0.9393098698673554,2.7266214,2.7333161017673913,33.0,8.25,12.0,0.5007397527665217,0.8869206114497012,0.9417646263529446,1.0666118841689223,2.0105693,2.4311494527665216,17.0,4.25,16.0,9.685662316521737,6.790107278438249,2.6057834289208013,10.030062900507032,15.276977,5.591314683478263,22.0,5.5,14.0,9.792062283226205,6.73764197262691,2.595696818318139,10.13025793014216,15.384639276678787,5.592576993452582,22.0,5.5,14.0,115.0,1.75,2.865863198832361,0.25,105.0,0.8975536589721241,7.0,0.5347826086956522,0.03432672255746959,0.0641881803920163,1.8699186991869918
20261008_195431_052,96,192.0,196.0,22091,22551,460,unknown,4.0,2.0,0.5,115.0,0.11966714150652175,0.7701884324055557,0.8776038014990339,0.8857249331264745,2.3365912,2.216924058493478,35.0,8.75,14.0,0.19300715505173913,0.7951557896539564,0.8917150832266753,0.9123637167024576,2.033301,2.226308155051739,18.0,4.5,16.0,9.79651761521739,6.823254691894369,2.612136040081827,10.1387875052769,16.109678,6.313160384782609,23.0,5.75,16.0,9.878909557507516,6.819074240462709,2.611335719600739,10.218215513771279,16.123750821467535,6.244841263960019,23.0,5.75,16.0,115.0,2.0,3.0592229129927713,0.25,120.0,0.8144832997201722,8.0,0.5130434782608696,0.03509179352006342,0.06839925855605582,1.9491525423728813
20261008_195431_052,97,194.0,198.0,22321,22782,461,unknown,4.0,2.0,0.5,115.25,0.3685388068002169,0.9158866921666828,0.9570196926744416,1.0255279344242214,3.4660037,3.097464893199783,32.0,8.0,14.0,0.16438977106832972,0.9318914866541693,0.9653452681057536,0.9792423007029809,2.3551357,2.1976907710683293,17.0,4.25,16.0,9.94022902407809,7.822532713535257,2.7968791024167023,10.326213525037131,16.109678,6.1694489759219096,19.0,4.75,16.0,10.041634048458217,7.806894429274825,2.794082036962198,10.42311416000181,16.123750821467535,6.082116773009318,19.0,4.75,16.0,115.25,2.0,3.052973728861761,0.25,120.0,0.8762598250834903,8.0,0.5243259993802293,0.03677073932244519,0.0701295365209992,1.907210401891253
20261008_195431_052,98,196.0,200.0,22551,23012,461,unknown,4.0,2.0,0.5,115.25,0.36091914732841646,1.105090742467866,1.0512329629857817,1.1114645173716242,4.025924,4.386843147328416,32.0,8.0,10.0,0.47758482142689807,0.9218714263099278,0.9601413574624977,1.0723612674687995,2.3551357,2.379280621426898,21.0,5.25,16.0,9.8308183824295,8.137951118693035,2.852709434676626,10.23635390102388,15.860825,6.0300066175705,15.0,3.75,16.0,9.95452359816946,8.07571318183757,2.8417799319858617,10.35221006589174,16.04021125717158,6.0856876590021205,15.0,3.75,16.0,115.25,2.0,3.3708340110550012,0.25,120.0,0.9089293183474573,8.0,0.5206073752711498,0.03344465463460066,0.0642416074439621,1.920833333333333
20261008_195431_052,99,198.0,202.0,22782,23242,460,unknown,4.0,2.0,0.5,115.0,0.15214190723239132,0.8519948589644225,0.923035675889303,0.9354902559090243,4.025924,4.178065907232392,42.0,10.5,8.0,0.38338220528426087,0.9270119689777199,0.9628146077920297,1.0363367620162585,2.2821546,2.665536805284261,18.0,4.5,16.0,9.704690449782609,8.292798479507853,2.879721944825204,10.122935108238599,17.794226,8.08953555021739,17.0,4.25,16.0,9.806406766794018,8.25733743299318,2.873558322532045,10.21875487076663,17.847514179611633,8.041107412817615,17.0,4.25,16.0,115.0,2.0,3.3490160294671134,0.25,120.0,0.8875744707771746,8.0,0.511801242236025,0.03234587966780506,0.06320008041889094,1.9538834951456305
20261008_195431_052,100,200.0,204.0,23012,23472,460,unknown,4.0,2.0,0.5,115.0,0.10800993184108697,0.7184618304079258,0.8476212776989059,0.8544752634127228,2.3581266,2.408708931841087,42.0,10.5,12.0,0.2025836490188261,0.9503524154770449,0.9748602030430029,0.9956869740670649,2.3108685,2.513452149018826,21.0,5.25,15.0,9.699337790652175,6.951811512479935,2.636628815832812,10.051316584888434,17.794226,8.094888209347824,22.0,5.5,16.0,9.789313699554157,6.9198229074857105,2.630555627141481,10.136591419987509,17.847514179611633,8.058200480057476,22.0,5.5,16.0,115.0,2.0,3.173156617722771,0.25,120.0,0.8884018178687048,7.0,0.5304347826086957,0.04289463358535865,0.08086693216911876,1.8852459016393441
20261008_195431_052,101,202.0,206.0,23242,23702,460,unknown,4.0,2.0,0.5,115.0,0.20343153797043478,0.857858670510936,0.9262066024980258,0.9482842723318533,2.6596224,2.7218772379704346,41.0,10.25,10.0,0.2008722611326087,1.0489199626140946,1.0241679367242926,1.0436808074821637,2.736791,2.937663261132609,20.0,5.0,16.0,9.759902193043478,6.518844655362215,2.5532028229974633,10.08833660586011,15.147764,5.387861806956522,23.0,5.75,15.0,9.861112573321588,6.521506978474552,2.553724139071124,10.186414882685453,15.184481392382963,5.3233688190613755,21.0,5.25,15.0,115.0,2.0,2.9446805327590226,0.25,120.0,0.8956329747298886,8.0,0.5142857142857143,0.04116283608889662,0.0800388479506323,1.9444444444444442
20261008_195431_052,102,204.0,208.0,23472,23932,460,unknown,4.0,2.0,0.5,115.0,0.2137154745276087,0.9180117875888514,0.9581293167359255,0.9816751456777402,2.6596224,2.732161174527609,38.0,9.5,8.0,0.09715900487826087,1.0620623320555833,1.0305640844001809,1.0351339064510046,2.736791,2.833950004878261,22.0,5.5,16.0,9.917058654565217,6.972718105280973,2.640590484206321,10.262590826071545,16.430317,6.513258345434782,21.0,5.25,16.0,10.016732866692225,7.021021436621571,2.6497210110918417,10.361272062796816,16.52722026244045,6.5104873957482265,21.0,5.25,16.0,115.0,2.0,3.373268965472284,0.25,120.0,0.8975330424699092,8.0,0.5167701863354037,0.017302345685942997,0.03348170258938488,1.9350961538461537
20261008_195431_052,103,206.0,210.0,23702,24162,460,unknown,4.0,2.0,0.5,115.0,0.12079072801543478,0.8791744594773239,0.9376430341432308,0.9453913789811194,2.5615165,2.672736128015435,45.0,11.25,12.0,0.3334918556347826,0.9274404286062295,0.9630370857896541,1.019145350958812,2.3419752,2.6754670556347824,25.0,6.25,16.0,9.935707081086955,6.33808966224927,2.5175562878015794,10.249700720675252,16.5356,6.599892918913044,23.0,5.75,16.0,10.033844886673108,6.310743759427473,2.5121193760304212,10.343538416288864,16.787673969317098,6.753829082643989,23.0,5.75,16.0,115.0,2.0,2.776097667033765,0.25,120.0,0.8581923812488229,8.0,0.5167701863354036,0.037432345772222014,0.07243518833326618,1.9350961538461542
20261008_195431_052,104,208.0,212.0,23932,24392,460,unknown,4.0,2.0,0.5,115.0,0.02213881287326087,0.7194713454258288,0.8482165675261412,0.8485054345502249,2.5615165,2.574084212873261,49.0,12.25,14.0,0.5990691581804348,0.7287838376354449,0.8536883726720452,1.0429130807111682,2.3395824,2.9386515581804344,24.0,6.0,16.0,9.79188803826087,6.235985512194421,2.497195529427846,10.105298455069535,16.5356,6.743711961739129,19.0,4.75,16.0,9.88896931566214,6.132971906303116,2.4764837787280407,10.194345787367155,16.787673969317098,6.898704653654958,21.0,5.25,16.0,115.0,2.0,2.828503916528879,0.25,120.0,0.8313423184473937,8.0,0.5180124223602485,0.047139542760273975,0.09100079597606846,1.9304556354916067
20261008_195431_052,105,210.0,214.0,24162,24623,461,unknown,4.0,2.0,0.5,115.25,0.09698198501366595,0.6407176308501016,0.800448393620789,0.8063021370846617,3.0065815,2.9095995149863336,46.0,11.5,12.0,0.2966282577453362,0.9290082354322872,0.9638507329624681,1.0084624726410603,2.3216362,2.291644157745336,23.0,5.75,14.0,9.691827086117135,5.768005525297528,2.4016672386693223,9.984964586441523,16.418352,6.726524913882864,23.0,5.75,14.0,9.77899268762886,5.737939502785233,2.3953996540838927,10.06809999391563,16.50255041461175,6.723557726982891,21.0,5.25,14.0,115.25,1.75,2.7050648607339847,0.25,105.0,0.8714263744928613,7.0,0.5292841648590022,0.018744007804505754,0.03541388359785718,1.8893442622950818
20261008_195431_052,106,212.0,216.0,24392,24853,461,unknown,4.0,2.0,0.5,115.25,0.31371669680911063,0.8124952097974782,0.9013851617358022,0.9544178202728079,3.0065815,3.0140171968091107,45.0,11.25,16.0,0.11306606157136656,1.037533884872329,1.0185940726669918,1.024850144729262,2.179263,2.2923290615713667,19.0,4.75,14.0,9.862470126247288,5.836782758651226,2.415943451045828,10.154068137932276,14.989838,5.127367873752712,23.0,5.75,16.0,9.959626727673195,5.872166389995026,2.4232553290965906,10.250186873641734,15.164147390083711,5.204520662410516,23.0,5.75,16.0,115.25,1.75,2.8058094104604625,0.25,105.0,0.8645581473323087,8.0,0.5243259993802293,0.06339863329430143,0.1209145328845808,1.907210401891253
20261008_195431_052,107,214.0,218.0,24623,25083,460,unknown,4.0,2.0,0.5,115.0,0.2391678265078261,0.929788960570305,0.9642556510440087,0.9934738093210019,3.8991046,3.6599367734921735,40.0,10.0,16.0,0.13222945939956524,1.1620805190217607,1.0779983854448765,1.0860778742589603,2.4089742,2.541203659399565,21.0,5.25,16.0,9.955437475869566,6.971979802892341,2.640450681776189,10.299646359892193,15.0018015,5.046364024130433,21.0,5.25,14.0,10.061610208877179,7.013270502220738,2.648258012773819,10.404290965635388,15.164147390083711,5.102537181206532,21.0,5.25,14.0,115.0,2.0,2.944916774400183,0.25,120.0,0.9287770920648772,8.0,0.5217391304347826,0.0431039790630993,0.08261595987094032,1.9166666666666667
20261008_195431_052,108,216.0,220.0,24853,25313,460,unknown,4.0,2.0,0.5,115.0,0.10045173599782609,0.7367881251762229,0.8583636322539667,0.8642214278998177,3.8991046,3.7986528640021735,42.0,10.5,12.0,0.24875472185956524,1.1033787581488126,1.0504183729109142,1.0794710138749637,2.4939194,2.657728921859565,20.0,5.0,14.0,9.737831015869565,7.58122977913205,2.753403308476993,10.119613761046582,15.131014,5.393182984130435,19.0,4.75,16.0,9.83404585889028,7.610261064243757,2.7586701622781504,10.21365355879084,15.146184048189141,5.312138189298862,19.0,4.75,16.0,115.0,1.75,3.253036982001306,0.25,105.0,0.9346642026163087,8.0,0.5167701863354037,0.06554487432682195,0.12683563421416266,1.9350961538461537
20261008_195431_052,109,218.0,222.0,25083,25543,460,unknown,4.0,2.0,0.5,115.0,0.03538776463695654,0.5760444318647074,0.7589759099370068,0.759800451270403,2.7122645,2.6768767353630434,41.0,10.25,14.0,0.38636283335956517,0.9112517548973978,0.9545950737864709,1.029819398680676,2.4939194,2.520162433359565,19.0,4.75,16.0,9.649780329565218,7.232834374956148,2.6893929379984898,10.017539357737505,15.24587,5.5960896704347824,15.0,3.75,16.0,9.736734861309667,7.184913744026702,2.6804689410673466,10.098956357142537,15.275665787105309,5.538930925795642,15.0,3.75,16.0,115.0,2.0,2.952430591757,0.25,120.0,0.919497137635808,7.0,0.5289855072463768,0.04212881696738732,0.07964077728081438,1.8904109589041096
20261008_195431_052,110,220.0,224.0,25313,25773,460,unknown,4.0,2.0,0.5,115.0,-0.12982103330195652,0.5428725197600505,0.7367988326266882,0.7481483946702273,2.2241287,2.1912376333019563,52.0,13.0,8.0,0.2523803670188261,0.8919018668631877,0.9444055627023741,0.9775467848240027,2.4544377,2.706818067018826,17.0,4.25,15.0,9.83426179478261,6.462920048161002,2.542227379319364,10.15754030740129,15.47558,5.641318205217392,17.0,4.25,16.0,9.912149657569412,6.440237999395876,2.5377624001068098,10.231859500278981,15.707225324974917,5.795075667405506,17.0,4.25,16.0,115.0,2.0,2.915754792369617,0.25,120.0,0.877152116513965,8.0,0.520496894409938,0.037596884348873434,0.07223267756764465,1.9212410501193316
20261008_195431_052,111,222.0,226.0,25543,26003,460,unknown,4.0,2.0,0.5,115.0,-0.2534467325797826,0.550020220849637,0.7416334814783088,0.7837445164752381,2.3868406,2.3148633325797823,49.0,12.25,10.0,0.2954407706481739,0.933275315560024,0.9660617555622539,1.0102279765088724,2.4544377,2.749878470648174,19.0,4.75,16.0,9.947998916739131,5.890130277670277,2.42695905974334,10.23976624367535,15.765112,5.817113083260869,20.0,5.0,14.0,10.031824365340842,5.8501286596931985,2.418703921461492,10.31928431417312,15.829379984645366,5.797555619304523,20.0,5.0,14.0,115.0,2.0,2.603236952395503,0.25,120.0,0.7963546687438793,8.0,0.5316770186335403,0.02687367410283716,0.05054511133828017,1.8808411214953273
20261008_195431_052,112,224.0,228.0,25773,26233,460,unknown,4.0,2.0,0.5,115.0,-0.25272368354586955,0.4430121401454327,0.6655915715703082,0.7119560382287838,2.3868406,2.1341169164541305,55.0,13.75,12.0,0.4909759958976087,0.7606242957503748,0.8721377733766466,1.0008405089213883,2.0081763,2.2036387958976085,22.0,5.5,16.0,9.811472758695654,6.610604356199051,2.571109557408834,10.142761066436789,16.530815,6.719342241304346,21.0,5.25,16.0,9.894438818961717,6.484245633317826,2.5464181968635526,10.216856912744465,16.560568332058487,6.66612951309677,21.0,5.25,16.0,115.0,2.0,3.012663515606028,0.25,120.0,0.8324911710356484,8.0,0.5192546583850931,0.029291493472177865,0.056410651304074605,1.925837320574163
20261008_195431_052,113,226.0,230.0,26003,26464,461,unknown,4.0,2.0,0.5,115.25,-0.26172341065574833,0.4923598058563968,0.7016835510801125,0.7489051672552902,2.8223343,2.5606108893442516,50.0,12.5,10.0,0.36777450412559654,0.8551116880148834,0.9247224924348295,0.9951732381348042,2.7128627,3.0806372041255967,15.0,3.75,14.0,9.705151086550977,6.899308055312912,2.6266533945903316,10.054315773243573,16.530815,6.825663913449024,23.0,5.75,14.0,9.786368138598432,6.867493047361401,2.620590209735471,10.13116451310193,16.560568332058487,6.7742001934600555,23.0,5.75,14.0,115.25,2.0,2.966179618672141,0.25,120.0,0.8723889607067065,7.0,0.5263919016630514,0.01557531397580479,0.029588817621618163,1.8997252747252746
20261008_195431_052,114,228.0,232.0,26233,26694,461,unknown,4.0,2.0,0.5,115.25,-0.34520229934620394,0.5389972612148722,0.7341643284816228,0.8112717723973752,2.8223343,2.4771320006537962,45.0,11.25,8.0,0.2343006791520607,0.8640791015172751,0.9295585519574736,0.9586323120823709,2.7128627,2.9471633791520606,17.0,4.25,16.0,9.744801353579176,5.974683165138771,2.4443165026523817,10.046682864799571,15.817754,6.072952646420825,21.0,5.25,16.0,9.824595572056047,5.990296229851205,2.4475081674738504,10.124869104552142,16.12036903443348,6.295773462377433,21.0,5.25,16.0,115.25,2.0,2.9054482337338654,0.25,120.0,0.8531594864568941,7.0,0.5191612436731742,0.028958762681852185,0.05577990082033646,1.9261838440111423
20261008_195431_052,115,230.0,234.0,26464,26924,460,unknown,4.0,2.0,0.5,115.0,-0.4718854355143478,0.732601788033639,0.8559216015696992,0.9773830632276195,3.3583267,2.8864412644856525,47.0,11.75,12.0,0.2445984940271739,0.901024524463709,0.9492231162712531,0.9802310685466312,2.99043,3.2350284940271736,22.0,5.5,16.0,9.828701058695652,6.437015399837506,2.5371273913301056,10.150880745090179,14.968302,5.139600941304348,15.0,3.75,16.0,9.922497412416101,6.500555601666615,2.549618716919574,10.244828475922416,15.262587172143562,5.34008975972746,17.0,4.25,16.0,115.0,2.0,3.0273573475583033,0.25,120.0,0.8657254211683929,8.0,0.51055900621118,0.03936143979566424,0.07709479084065626,1.958637469586375
20261008_195431_052,116,232.0,236.0,26694,27154,460,unknown,4.0,2.0,0.5,115.0,-0.4972129396945653,0.8179186092734918,0.9043885278316459,1.0320558689689252,3.3583267,2.8611137603054346,50.0,12.5,14.0,0.2561204543376087,1.0195871725380425,1.009746093103629,1.0417220645009617,2.99043,3.2465504543376085,25.0,6.25,14.0,9.939806079130435,7.601093161969685,2.7570080090506965,10.315078189363764,15.6024,5.662593920869565,21.0,5.25,14.0,10.04400380044123,7.669149885751509,2.7693230013401307,10.418788904139934,15.814973786010007,5.770969985568778,21.0,5.25,14.0,115.0,2.0,3.169709032931509,0.25,120.0,0.8903223183469309,8.0,0.5217391304347826,0.03630220918311169,0.06957923426763074,1.9166666666666667
20261008_195431_052,117,234.0,238.0,26924,27384,460,unknown,4.0,2.0,0.5,115.0,-0.30832039736478256,0.7161790214269543,0.8462736090809841,0.9006888968218336,2.6572297,2.3489093026352172,37.0,9.25,10.0,0.15143446351621742,0.9011640982347702,0.9492966334264387,0.9612993784327621,2.9114668,3.0629012635162174,21.0,5.25,16.0,9.872344085652173,8.256552417663737,2.873421726385415,10.282010025436428,18.033508,8.161163914347828,23.0,5.75,16.0,9.959261389451271,8.268179723593654,2.8754442654298926,10.366053595607566,18.041631069711574,8.082369680260303,23.0,5.75,16.0,115.0,1.75,3.1132239702773323,0.25,105.0,0.8912749515920926,8.0,0.519254658385093,0.04868551041556626,0.09376037292949965,1.9258373205741632
20261008_195431_052,118,236.0,240.0,27154,27614,460,unknown,4.0,2.0,0.5,115.0,-0.21396515923847828,0.7185893685006395,0.8476965073070901,0.8742828248733855,2.3246272,2.284953159238478,42.0,10.5,8.0,0.019111372647956516,0.8742461145091311,0.9350112911131775,0.9352065863078703,2.9114668,2.9305781726479565,19.0,4.75,16.0,9.632827731304348,8.123462476883963,2.8501688505918317,10.045637489869423,18.033508,8.400680268695654,24.0,6.0,14.0,9.716555828687449,8.142357222812178,2.8534815967186784,10.126885720438057,18.041631069711574,8.325075241024125,22.0,5.5,14.0,115.0,1.75,3.0528613119457293,0.25,105.0,0.8878928817043814,7.0,0.5376811594202898,0.0599131206046214,0.11142871487112876,1.8598382749326148
20261008_195431_052,119,238.0,242.0,27384,27844,460,unknown,4.0,2.0,0.5,115.0,-0.23871527061521736,0.7638398174183978,0.8739793003374838,0.9059938177732199,2.3246272,2.5513782706152175,40.0,10.0,10.0,0.1552421728405652,0.8560625349329133,0.9252364751418489,0.93816984984659,2.6985056,2.853747772840565,23.0,5.75,16.0,9.737357683913043,8.111757722152777,2.848114766323994,10.145338455991164,17.770298,8.032940316086957,21.0,5.25,16.0,9.825966013807525,8.079271747117101,2.8424059785887557,10.22882592732996,18.011789401734717,8.185823387927192,21.0,5.25,16.0,115.0,2.0,3.3680967379339677,0.25,120.0,0.8952972973531266,8.0,0.5204968944099378,0.04063460182309597,0.07806886507778582,1.921241050119332
20261008_195431_052,120,240.0,244.0,27614,28074,460,unknown,4.0,2.0,0.5,115.0,-0.131194308155,1.0220180114580526,1.010949064719906,1.0194262886301892,3.6143587,3.483164391845,39.0,9.75,12.0,0.19230491364578262,1.05719162486607,1.0281982420068954,1.0460271529355163,3.2727833,3.4650882136457826,19.0,4.75,14.0,9.985113656956523,9.046937267206292,3.0078127048083116,10.428299574213714,17.770298,7.785184343043477,22.0,5.5,14.0,10.090945189252894,9.055659959668521,3.009262361388339,10.530091869123204,18.011789401734717,7.920844212481823,22.0,5.5,14.0,115.0,2.0,3.4993124590344715,0.25,120.0,0.885291586280236,8.0,0.5267080745341615,0.02018394634692164,0.03832093587092434,1.8985849056603774
20261008_195431_052,121,242.0,246.0,27844,28304,460,unknown,4.0,2.0,0.5,115.0,-0.1498063058773913,1.0745843589218547,1.0366216083614381,1.0473902272803985,3.6143587,3.4645523941226086,43.0,10.75,10.0,0.23972961790391303,1.2497985103209797,1.1179438761945877,1.1433585614413948,3.2727833,3.512512917903913,19.0,4.75,14.0,9.884568291521738,10.681017066127183,3.268182532559524,10.410845660938605,17.286947,7.402378708478263,17.0,4.25,15.0,10.007711473897325,10.635713519331816,3.2612441673894668,10.525682992761467,17.61293650185723,7.605225027959905,19.0,4.75,15.0,115.0,2.0,3.848083865742717,0.25,120.0,0.9133340043681492,8.0,0.5167701863354037,0.030428444009728894,0.05888196497074942,1.9350961538461537
20261008_195431_052,122,244.0,248.0,28074,28535,461,unknown,4.0,2.0,0.5,115.25,-0.19196302872581344,0.8644851028993404,0.929776910285118,0.9493865952797773,2.0925233,2.1887736287258135,30.0,7.5,8.0,0.4158437669006508,1.336088564247184,1.1558929726610436,1.2284195548416292,3.9978085,4.413652266900651,20.0,5.0,16.0,9.718687955531452,10.790250368415455,3.2848516508992387,10.25880821272177,18.567108,8.848420044468549,20.0,5.0,15.0,9.848233907894436,10.665784350820122,3.2658512444415044,10.375620244371987,18.957206675324517,9.108972767430082,18.0,4.5,15.0,115.25,2.0,3.554656765532283,0.25,120.0,0.899943103956565,8.0,0.5044933374651378,0.04762162432549996,0.09439495190318697,1.9821867321867326
20261008_195431_052,123,246.0,250.0,28304,28765,461,unknown,4.0,2.0,0.5,115.25,-0.06486313963492407,0.800962234138556,0.8949649345860183,0.8973123542122083,2.0925233,2.133458339634924,26.0,6.5,10.0,0.2549536964616052,1.3810582769736826,1.1751843587172537,1.2025222094885064,3.9978085,4.252762196461605,15.0,3.75,14.0,9.670328034924077,9.255457835046062,3.042278395388243,10.137588576090698,18.567108,8.896779965075924,19.0,4.75,15.0,9.788626207006693,9.204728242921353,3.0339295052656303,10.248020846164376,18.957206675324517,9.168580468317824,19.0,4.75,15.0,115.25,2.0,3.733864628874201,0.25,120.0,0.8829844441967377,7.0,0.5249457700650758,0.02866844194012871,0.05461219724958404,1.9049586776859508
20261008_195431_052,124,248.0,252.0,28535,28995,460,unknown,4.0,2.0,0.5,115.0,0.007552998426739151,0.8477304742659992,0.9207227999055955,0.9207537792761068,2.9826534,2.9751004015732607,35.0,8.75,12.0,0.08771775904347824,1.005098584459152,1.0025460510416226,1.0063761671019251,2.7176483,2.8053660590434784,21.0,5.25,14.0,9.821559026521738,8.030273355009497,2.833773695094493,10.222196195850485,17.720049,7.898489973478261,23.0,5.75,15.0,9.91742785684916,7.998500282414422,2.828161997201437,10.312801538778013,17.77871832619178,7.861290469342618,23.0,5.75,15.0,115.0,2.0,3.2165853942631397,0.25,120.0,0.8397756061443756,8.0,0.5167701863354038,0.028973674011653665,0.05606684514274326,1.9350961538461535
20261008_195431_052,125,250.0,254.0,28765,29225,460,unknown,4.0,2.0,0.5,115.0,0.08628206417673913,0.6007157297747531,0.7750585331281458,0.7798463466435885,2.9826534,2.8963713358232606,38.0,9.5,14.0,0.20583996832347828,0.8204637545789495,0.9057945432486053,0.9288885009183612,2.2917259,2.4975658683234783,21.0,5.25,14.0,9.976187368695651,6.804878716670096,2.6086162455735216,10.311604779664162,16.69592,6.71973263130435,23.0,5.75,14.0,10.052438341308436,6.74867069769658,2.5978203744093973,10.382686901929793,16.76964329877954,6.717204957471102,23.0,5.75,14.0,115.0,1.75,2.9682526751571716,0.25,105.0,0.7822316880173323,6.0,0.5513043478260868,0.01612803216607948,0.029254317020491177,1.8138801261829658
20261008_195431_052,126,252.0,256.0,28995,29455,460,unknown,4.0,2.0,0.5,115.0,0.09446967664913043,0.3978878748430543,0.6307835404027711,0.6378184652777353,1.7240287,1.6295590233508697,42.0,10.5,16.0,0.3193585946886957,0.8640124793932822,0.9295227159103118,0.9828542065814342,2.0620148,2.381373394688696,18.0,4.5,14.0,9.719739216304347,6.149746011907611,2.4798681440567787,10.031105444808777,16.030716,6.310976783695654,25.0,6.25,14.0,9.794866984604846,6.056471984814299,2.4609900415918586,10.099301521932906,16.113322931003975,6.318455946399128,25.0,6.25,14.0,115.0,1.75,3.1285427056596085,0.25,105.0,0.8397999078349226,7.0,0.5521739130434783,0.03043478260869565,0.055118110236220465,1.811023622047244
20261008_195431_052,127,254.0,258.0,29225,29685,460,unknown,4.0,2.0,0.5,115.0,-0.022300069401521738,0.5715573913908988,0.7560141476129258,0.7563429674996731,2.3318057,2.3541057694015217,45.0,11.25,12.0,0.4755318882434782,0.9448674033747311,0.9720429020237384,1.082126600777903,2.352743,2.341335388243478,17.0,4.25,14.0,9.706797195652175,6.1858393684402255,2.4871347708639004,10.020366817934418,15.401402,5.694604804347824,19.0,4.75,14.0,9.799390097210441,6.12275755325238,2.4744206500214108,10.106968082989006,15.407461643445446,5.608071546235005,19.0,4.75,14.0,115.0,1.75,3.1242438066016542,0.25,105.0,0.8793008533489716,7.0,0.5405797101449276,0.04359886654055456,0.08065205874794275,1.8498659517426272
20261008_195431_052,128,256.0,260.0,29455,29915,460,unknown,4.0,2.0,0.5,115.0,-0.2035979964569565,0.8024026357842589,0.8957692983041219,0.9186156867512909,2.934797,2.731199003543044,42.0,10.5,10.0,0.5277734497513044,0.9828599576510675,0.9913929380679829,1.1231227768652279,2.3623142,2.6161094497513044,17.0,4.25,15.0,9.934854001086956,6.385265580924805,2.5269083048113963,10.251175035274654,15.401402,5.466547998913043,21.0,5.25,14.0,10.042384050584406,6.342371736265287,2.518406586765784,10.353349658719024,15.407461643445446,5.36507759286104,21.0,5.25,14.0,115.0,2.0,2.7412811421574417,0.25,120.0,0.8707852171411571,8.0,0.529192546583851,0.038167183840340894,0.07212343425228737,1.8896713615023473
20261008_195431_052,129,258.0,262.0,29685,30145,460,unknown,4.0,2.0,0.5,115.0,-0.21322650711391306,0.7501858854631784,0.8661327181576611,0.8919929533349342,2.934797,2.721570492886087,39.0,9.75,10.0,0.3403894226439131,0.8119864734101593,0.9011029205424647,0.9632504515742599,2.3623142,2.4287254226439132,21.0,5.25,16.0,9.799711504565217,6.31752523100905,2.5134687646774228,10.116910141130884,15.279369,5.479657495434784,23.0,5.75,16.0,9.88830337402698,6.296830048180756,2.5093485306311587,10.201733855819516,15.34748499640454,5.45918162237756,23.0,5.75,16.0,115.0,2.0,2.829268824059042,0.25,120.0,0.8885307229926882,8.0,0.5180124223602485,0.044059994660790545,0.0850558649926532,1.9304556354916067
20261008_195431_052,130,260.0,264.0,29915,30376,461,unknown,4.0,2.0,0.5,115.25,-0.1376547810286334,0.595425149550475,0.7716379653376803,0.7838201249588556,2.2863421,2.4239968810286334,33.0,8.25,8.0,0.2466904099926247,0.6186754946173021,0.7865592759718126,0.8243370991285248,1.7617157,1.968924509992625,21.0,5.25,14.0,9.668817585466376,7.43624019079773,2.726947045836741,10.046007848484969,16.073786,6.487559885466377,20.0,5.0,14.0,9.736967290261179,7.407647321495662,2.721699344434587,10.110201745420897,16.126335131705822,6.411038009543516,20.0,5.0,14.0,115.25,2.0,3.1295643671794293,0.25,120.0,0.9000526623280461,7.0,0.5350686912509038,0.010821857951623843,0.02022517506364294,1.8689189189189188
20261008_195431_052,131,262.0,266.0,30145,30606,461,unknown,4.0,2.0,0.5,115.25,-0.24397707695227766,0.5941448985907121,0.7708079518211473,0.8084984308388543,2.1762722,2.3173577769522775,31.0,7.75,8.0,0.20078039856485902,0.6042962328310288,0.7773649289947604,0.8028754581371214,1.7617157,1.946942698564859,20.0,5.0,14.0,9.85690072581345,7.342722991203104,2.709745927426242,10.222583573135745,16.073786,6.67564302581345,21.0,5.25,14.0,9.925071002341221,7.292459222178007,2.7004553731135803,10.285888081429459,16.126335131705822,6.599141721623559,21.0,5.25,14.0,115.25,1.75,3.201371248544197,0.25,105.0,0.8596502211596497,7.0,0.5437454808387564,0.0119251066539918,0.021931412902221618,1.839095744680851
20261008_195431_052,132,264.0,268.0,30376,30836,460,unknown,4.0,2.0,0.5,115.0,-0.3117691857626087,0.5157860633709412,0.7181824721969629,0.7829342811258306,1.8005991,2.0334050857626087,32.0,8.0,8.0,0.3407899605573913,0.577074521080334,0.7596542115201719,0.8325937294365376,1.8933209,2.0869522605573914,18.0,4.5,14.0,9.873862990000001,5.845376306734058,2.4177213046035844,10.165556878598723,15.040087,5.166224009999999,21.0,5.25,14.0,9.943388511589218,5.773769966480414,2.402867030545056,10.22960141251285,15.19300469956055,5.249616187971332,21.0,5.25,14.0,115.0,1.75,2.9702527291348066,0.25,105.0,0.8580626122270774,7.0,0.5478260869565217,0.014199940537873493,0.025920526378657965,1.8253968253968256
20261008_195431_052,133,266.0,270.0,30606,31066,460,unknown,4.0,2.0,0.5,115.0,-0.38578023115173915,0.4926121490656866,0.7018633407335695,0.8008985802292173,2.0470598,2.172022331151739,43.0,10.75,8.0,0.7070166680317391,0.6443107538635254,0.8026896996122009,1.069665051657867,2.1601207,2.867137368031739,27.0,6.75,14.0,9.647777649782608,6.097410180540634,2.46929345776087,9.958766176599664,18.27279,8.625012350217393,27.0,6.75,14.0,9.747324643400688,5.952307914890562,2.4397352140940542,10.048016999325633,18.49218936265858,8.74486471925789,25.0,6.25,14.0,115.0,1.75,2.533081068737104,0.25,105.0,0.8415247801369338,7.0,0.5347826086956522,0.03611575592573076,0.06753352734079736,1.8699186991869918
20261008_195431_052,134,268.0,272.0,30836,31296,460,unknown,4.0,2.0,0.5,115.0,-0.3866229196228261,0.5798660591936986,0.7614893690615113,0.8540160075615543,2.3365912,2.328398519622826,45.0,11.25,12.0,1.246192435855652,0.7904341151951542,0.8890636170686292,1.5308264769003044,3.283551,3.406313135855652,25.0,6.25,14.0,9.686661025652173,6.005011295171416,2.4505124556246223,9.991817308230782,18.27279,8.586128974347828,23.0,5.75,16.0,9.856207918020955,5.7643516413516815,2.400906420781885,10.14441650192906,18.49218936265858,8.635981444637624,25.0,6.25,16.0,115.0,2.0,2.519834279460536,0.25,120.0,0.7490049828070655,8.0,0.5180124223602485,0.05727772364421616,0.11057210439710793,1.9304556354916067
20261008_195431_052,135,270.0,274.0,31066,31526,460,unknown,4.0,2.0,0.5,115.0,-0.3725312732652174,0.6145530574256787,0.7839343450989239,0.8679473526581452,2.3365912,2.3143068732652172,33.0,8.25,10.0,1.583247511393478,0.5799130011035355,0.7615201908705609,1.7568681462867886,3.283551,2.0947133613934783,19.0,4.75,14.0,9.758237632391303,5.644245438769671,2.375762075370695,10.043278704137785,16.021145,6.2629073676086975,20.0,5.0,14.0,9.969036967363657,5.325667362747823,2.307740748599769,10.232661697691904,16.026930403464096,6.057893436100439,20.0,5.0,14.0,115.0,1.75,2.7451830836266917,0.25,105.0,0.8922100016917232,8.0,0.5354037267080746,0.027441890725931072,0.05125457548578773,1.8677494199535962
20261008_195431_052,136,272.0,276.0,31296,31756,460,unknown,4.0,2.0,0.5,115.0,-0.36261666815695653,0.565972334831405,0.7523113283949704,0.8351426122864628,2.14038,2.2373931681569568,35.0,8.75,12.0,1.1492519037260869,0.8800518072050979,0.9381107648913842,1.4835200522484127,2.7260232,3.029412403726087,20.0,5.0,14.0,9.645748986086957,6.55086412970621,2.559465594554107,9.979545963234187,16.021145,6.3753960139130434,23.0,5.75,14.0,9.805674407462798,6.338381975412647,2.517614342073195,10.12371634137304,16.133806597528704,6.328132190065906,21.0,5.25,14.0,115.0,1.75,3.020501990027509,0.25,105.0,0.8598548720972481,7.0,0.5463768115942029,0.025803614224296906,0.047226774044469136,1.8302387267904507
20261008_195431_052,137,274.0,278.0,31526,31986,460,unknown,4.0,2.0,0.5,115.0,-0.13794622884717392,0.614711630689434,0.7840354779532837,0.7960783835418412,2.5830522,2.720998428847174,45.0,11.25,12.0,0.8065893001704348,0.7021364349298104,0.8379358179060079,1.163066091879237,2.268994,2.6867498001704346,22.0,5.5,14.0,9.757878744782609,6.074312181948855,2.4646119739116856,10.064318644589363,15.9948225,6.236943755217391,25.0,6.25,14.0,9.864665789748663,5.965342163213265,2.4424049957394995,10.162527899427921,16.133806597528704,6.26914080778004,25.0,6.25,14.0,115.0,1.75,3.168828906492563,0.25,105.0,0.8661427315000046,7.0,0.5478260869565218,0.03175203231914007,0.05796005899525567,1.8253968253968251
20261008_195431_052,138,276.0,280.0,31756,32217,461,unknown,4.0,2.0,0.5,115.25,-0.1102125819132321,0.6602908912822689,0.8125828519494298,0.8200229902229874,2.5830522,2.693264781913232,40.0,10.0,8.0,0.8405204778722343,0.5361971891506784,0.7322548662526446,1.1147519288493057,2.268994,2.263651677872234,21.0,5.25,14.0,9.878197321691975,5.621034527310314,2.3708721026892854,10.158731065127808,15.640685,5.762487678308025,21.0,5.25,14.0,9.980826064009618,5.498037500946586,2.344789436377302,10.252557067432509,15.77968684010762,5.798860776098003,19.0,4.75,14.0,115.25,1.75,2.6713374897156004,0.25,105.0,0.8643492827546475,6.0,0.5431670281995662,0.01609304728068668,0.029628174107015015,1.8410543130990413
20261008_195431_052,139,278.0,282.0,31986,32447,461,unknown,4.0,2.0,0.5,115.25,-0.2784420274685466,0.7256302424855908,0.851839329031943,0.8961920581808265,2.1858435,2.1316831274685466,38.0,9.5,8.0,0.8995417039776572,0.5240585157671702,0.7239188599333286,1.154657435329716,2.0416758,2.322672903977657,23.0,5.75,14.0,9.660886444034706,5.372812728544705,2.317932856780952,9.935066160478161,15.640685,5.979798555965294,25.0,6.25,14.0,9.779099431408207,5.21114792181856,2.282793885093124,10.042008445086415,15.77968684010762,6.000587408699413,27.0,6.75,14.0,115.25,1.75,2.6711502308770463,0.25,105.0,0.8623194453248606,7.0,0.5422993492407809,0.025420673653285507,0.04687572221665847,1.8439999999999999
20261008_195431_052,140,280.0,284.0,32217,32677,460,unknown,4.0,2.0,0.5,115.0,-0.21487547373304353,0.8794655618888682,0.9377982522317196,0.9621003227838915,2.9922247,3.2071001737330436,30.0,7.5,10.0,0.6094415230921739,0.8608670770589405,0.9278292283922406,1.110083801849144,2.1505494,2.759990923092174,16.0,4.0,14.0,9.70399337347826,6.224668477582796,2.494928551598782,10.01958860782681,15.384653,5.68065962652174,27.0,6.75,14.0,9.81888277149594,6.139620067941745,2.4778256734366413,10.126701286614587,15.438156626255626,5.619273854759687,27.0,6.75,14.0,115.0,1.75,2.8450566542061386,0.25,105.0,0.8727183451612645,7.0,0.5405797101449276,0.029877576997229417,0.05526951240774342,1.8498659517426272
20261008_195431_052,141,282.0,286.0,32447,32907,460,unknown,4.0,2.0,0.5,115.0,-0.12732937601500002,0.8575387997153726,0.926033908512735,0.9347467944377996,2.9922247,3.119554076015,31.0,7.75,12.0,0.16267552988260872,1.0133376035454216,1.0066467123799796,1.0197062967188195,2.2917259,2.4544014298826085,17.0,4.25,16.0,9.905453462608694,7.119903994424413,2.668314822959317,10.25855312869856,15.384653,5.479199537391306,19.0,4.75,14.0,9.999968415796069,7.152096478691805,2.674340381980537,10.351399170914567,15.438156626255626,5.438188210459558,19.0,4.75,14.0,115.0,1.75,3.2035494134943834,0.25,105.0,0.8835640137078282,8.0,0.5316770186335404,0.029185938197442796,0.054894112731171604,1.880841121495327
20261008_195431_052,142,284.0,288.0,32677,33137,460,unknown,4.0,2.0,0.5,115.0,-0.15849328933369564,0.7679294594564229,0.8763158445768414,0.8905333133691504,2.7194428,2.8157229893336955,45.0,11.25,14.0,0.1631592954002174,1.1966434870708356,1.093912010662117,1.1060128583096722,2.6721847,2.8353439954002173,16.0,4.0,14.0,9.791497885,6.477476256550517,2.545088653966796,10.116862512088913,15.006587,5.215089115,23.0,5.75,14.0,9.890430139729366,6.546612764609503,2.558634941645545,10.216027658218069,15.207398622008357,5.316968482278991,23.0,5.75,14.0,115.0,1.75,2.675664770119171,0.25,105.0,0.7394707830322242,7.0,0.5376811594202898,0.020951930862030364,0.03896720295094596,1.8598382749326148
20261008_195431_052,143,286.0,290.0,32907,33367,460,unknown,4.0,2.0,0.5,115.0,-0.13088739938652172,0.8008740498795077,0.8949156663504712,0.9044365987716744,3.3439696,3.2130822006134783,56.0,14.0,14.0,0.13210461898913042,1.159179469142939,1.0766519721539263,1.0847262786072815,2.8660033,2.9981079189891306,19.0,4.75,16.0,9.735843932391305,7.383461376670545,2.717252541938372,10.10792354801673,15.006587,5.270743067608695,26.0,6.5,14.0,9.835342765148988,7.430787805281433,2.7259471391209025,10.206113614557209,15.207398622008357,5.372055856859369,24.0,6.0,14.0,115.0,1.75,2.9723771698699846,0.25,105.0,0.8070563588769042,7.0,0.5333333333333333,0.031619455404741204,0.05928647888388976,1.875
20261008_195431_052,144,288.0,292.0,33137,33597,460,unknown,4.0,2.0,0.5,115.0,-0.26052636887152175,0.7826778300710365,0.8846908104366387,0.9222536630170773,3.3439696,3.083443231128478,46.0,11.5,14.0,0.06035634986630434,1.1123014870715764,1.0546570471350278,1.0563826844665527,3.2656047,3.3259610498663044,17.0,4.25,14.0,9.91724070326087,8.21716079855066,2.8665590519908464,10.323217713724961,17.08595,7.168709296739131,23.0,5.75,14.0,10.014797940381799,8.239142373278494,2.8703906307815483,10.418028611976164,17.616618793366094,7.601820852984295,23.0,5.75,14.0,115.0,1.75,3.0577526822012326,0.25,105.0,0.8115815271616823,8.0,0.5279503105590062,0.047789774066264216,0.09051945440786516,1.8941176470588235
20261008_195431_052,145,290.0,294.0,33367,33827,460,unknown,4.0,2.0,0.5,115.0,-0.3814263317317391,0.588481715799137,0.7671256193082963,0.8567191852278481,2.961118,2.5796916682682607,52.0,13.0,16.0,0.29858785105304353,1.5098472090382837,1.2287584014110682,1.264516474323193,3.2656047,3.5641925510530434,16.0,4.0,14.0,9.824144304347824,7.840478183394615,2.8000853885898938,10.215394730309956,17.08595,7.261805695652177,21.0,5.25,14.0,9.93888870454782,7.905750490828428,2.811716644832553,10.328952472163703,17.616618793366094,7.677730088818274,23.0,5.75,14.0,115.0,1.75,3.4378253441416082,0.25,105.0,0.7754064369991617,7.0,0.5463768115942028,0.034570609976453795,0.06327246918767407,1.8302387267904512
20261008_195431_052,146,292.0,296.0,33597,34058,461,unknown,4.0,2.0,0.5,115.25,-0.20909169444880696,0.6006224807467591,0.7749983746736241,0.8027090490546573,2.8582265,3.0673181944488066,52.0,13.0,12.0,0.35714434985509763,1.688576999473748,1.2994525768467844,1.3476383365380966,3.0311081,3.3882524498550977,19.0,4.75,14.0,9.767442332104123,6.9732223991599005,2.6406859713263713,10.118110105654093,15.418153,5.650710667895877,21.0,5.25,14.0,9.88549340988198,7.113643056860813,2.6671413642439,10.238975681858069,15.702357649000257,5.816864239118278,23.0,5.75,14.0,115.25,1.75,3.324186798088537,0.25,105.0,0.7987293918021381,7.0,0.5567606652205351,0.04082601363266263,0.07332776214801612,1.796103896103896
20261008_195431_052,147,294.0,298.0,33827,34288,461,unknown,4.0,2.0,0.5,115.25,-0.16926495305965295,0.8949546991469388,0.9460204538734556,0.9610438717775716,3.5210385,3.351773546940347,43.0,10.75,10.0,0.2473547977197397,1.7373953169369112,1.318102923499114,1.3411113722923553,3.0311081,3.2784628977197396,17.0,4.25,14.0,9.933616339479393,7.457565105351561,2.730854281237203,10.302150197183282,17.452051,7.518434660520608,26.0,6.5,14.0,10.063461996946348,7.58321635771324,2.7537640345013656,10.433431061817423,17.725096269365945,7.661634272419597,22.0,5.5,14.0,115.25,1.75,3.178595586757439,0.25,105.0,0.8645147108426513,6.0,0.5483731019522777,0.040475154150769986,0.07380951765626963,1.8235759493670884
20261008_195431_052,148,296.0,300.0,34058,34518,460,unknown,4.0,2.0,0.5,115.0,-0.2695358657354348,1.0334258822045426,1.016575566401506,1.0517012242658523,3.5210385,3.251502634264565,38.0,9.5,10.0,0.19319962014273914,1.7569622317914262,1.3255045197174644,1.339510479621091,3.114857,3.3080566201427395,16.0,4.0,14.0,9.788964601956522,8.535066176505763,2.9214835574594225,10.215620106232592,17.452051,7.663086398043479,23.0,5.75,14.0,9.930983264381952,8.634829347566168,2.9385080138679505,10.356604556755103,17.725096269365945,7.794113004983993,23.0,5.75,14.0,115.0,1.75,3.589063293974615,0.25,105.0,0.881725492690123,7.0,0.5405797101449276,0.029877576997229406,0.0552695124077434,1.8498659517426272
20261008_195431_052,149,298.0,302.0,34288,34748,460,unknown,4.0,2.0,0.5,115.0,-0.16073006064521742,0.9714636519739145,0.98562855679709,0.9986479882165336,3.339184,3.4999140606452173,36.0,9.0,14.0,0.05206469858491306,1.5049950636765026,1.22678240274162,1.227886719740563,3.4163525,3.468417198584913,19.0,4.75,14.0,9.749264550217394,8.623068757418775,2.936506216138283,10.181906895446662,17.5693,7.820035449782605,21.0,5.25,14.0,9.873283816905902,8.694498299252501,2.9486434676393993,10.304185151113526,17.99345957354509,8.120175756639187,21.0,5.25,14.0,115.0,1.75,3.3742961508827425,0.25,105.0,0.8002090024222842,7.0,0.5333333333333333,0.025434679383745266,0.047690023844522374,1.875
20261008_195431_052,150,300.0,304.0,34518,34978,460,unknown,4.0,2.0,0.5,115.0,-0.2540657482902174,0.9487906570885799,0.9740588570967259,1.0066479332630887,3.339184,3.5932497482902175,41.0,10.25,12.0,0.2934432861793478,1.178912218321064,1.0857772415744695,1.1247316037725616,3.4163525,3.7097957861793476,23.0,5.75,14.0,9.889582798043477,6.578302437858161,2.564820157020402,10.216758309621289,17.5693,7.679717201956521,20.0,5.0,14.0,10.004586979187582,6.568750975153564,2.5629574665127715,10.327657604669284,17.99345957354509,7.988872594357506,20.0,5.0,14.0,115.0,1.75,2.529129586359381,0.25,105.0,0.7713742046398295,8.0,0.5329192546583851,0.029657978599536176,0.05565191788491054,1.8764568764568765
20261008_195431_052,151,302.0,306.0,34748,35208,460,unknown,4.0,2.0,0.5,115.0,-0.15610566882413043,1.0212963476878547,1.010592077787994,1.0225777855629778,3.068795,3.2249006688241306,31.0,7.75,12.0,0.4926093578089131,1.0693510859524706,1.0340943312640634,1.1454322613552406,2.1708884,2.604873557808913,18.0,4.5,14.0,9.80027330673913,5.5996821763464295,2.3663647597837554,10.08191643801564,15.74597,5.945696693260869,23.0,5.75,16.0,9.921555818769646,5.565449591048388,2.3591205121927086,10.198172358614569,15.776657403481355,5.85510158471171,23.0,5.75,16.0,115.0,1.75,2.7646566884357138,0.25,105.0,0.8288994858583947,7.0,0.5434782608695652,0.04162726555462339,0.07659416862050705,1.84
20261008_195431_052,152,304.0,308.0,34978,35438,460,unknown,4.0,2.0,0.5,115.0,-0.06695742012565216,1.034649973944741,1.0171774545008068,1.0193788648263333,3.068795,3.135752420125652,35.0,8.75,16.0,0.2651819721673913,1.6676850035037032,1.2913887886704387,1.3183347381702002,3.9044883,4.169670272167392,16.0,4.0,14.0,9.826958485652174,6.348935227937719,2.5197093538616153,10.144853291530094,14.738591,4.911632514347826,28.0,7.0,14.0,9.966258182060072,6.368885907110564,2.523665173336305,10.280816507388405,14.868243677840363,4.901985495780291,30.0,7.5,14.0,115.0,1.75,2.842972274628486,0.25,105.0,0.776145049883505,7.0,0.5579710144927537,0.07265192962025671,0.13020735438435618,1.7922077922077921
20261008_195431_052,153,306.0,310.0,35208,35668,460,unknown,4.0,2.0,0.5,115.0,-0.10041011984369566,1.2724988258767187,1.128050896846733,1.132510935065858,3.1573296,3.0569194801563047,40.0,10.0,20.0,0.3640003458478261,2.297679600373818,1.5158098826613506,1.558902130395348,3.9044883,4.268488645847826,18.0,4.5,14.0,9.837138375869566,6.962154364042438,2.6385894648547428,10.184863562662395,15.353546,5.949998075869566,28.0,7.0,14.0,10.02231619578658,6.997380731917088,2.6452562696111483,10.365529540753963,15.428329592451623,5.406013396665044,30.0,7.5,14.0,115.0,1.75,3.2307065528996106,0.25,105.0,0.7845206079323332,6.0,0.5565217391304348,0.04115533762156254,0.07395099728874518,1.796875
20261008_195431_052,154,308.0,312.0,35438,35899,461,unknown,4.0,2.0,0.5,115.25,0.1637993501822126,1.3271511067873578,1.152020445472804,1.1636070358619668,3.1573296,3.3211289501822128,46.0,11.5,19.0,0.4655791866724512,2.070134496225238,1.438796196903939,1.512249475214926,3.7513478,4.216926986672451,19.0,4.75,16.0,9.73984961605206,7.633087962900307,2.762804365658254,10.12411766556522,15.353546,5.85270931605206,26.0,6.5,14.0,9.922419429121643,7.684230987994421,2.7720445501460507,10.302360812716913,15.428329592451623,5.75475263723885,28.0,7.0,14.0,115.25,1.75,2.9834461287685143,0.25,105.0,0.811408687901957,8.0,0.5131701270529904,0.060724877416378754,0.11833283781561248,1.9486714975845412
20261008_195431_052,155,310.0,314.0,35668,36129,461,unknown,4.0,2.0,0.5,115.25,0.16116257127830805,1.1949747849359271,1.0931490222910722,1.104965229913124,2.8677979,2.8710340712783085,41.0,10.25,14.0,0.2912145640182212,1.3660953876325217,1.168800833175833,1.2045336483174076,2.681756,2.972970564018221,20.0,5.0,16.0,9.787238930585684,7.4116162925806925,2.72242838153379,10.15882188922282,18.150757,8.363518069414315,23.0,5.75,16.0,9.919130825633257,7.4843553101705655,2.735754979922465,10.289485489867726,18.24728877049463,8.328157944861374,25.0,6.25,16.0,115.25,2.0,3.228998595452163,0.25,120.0,0.7509137937555559,8.0,0.5082119615742176,0.039858531616519435,0.07842895215030989,1.9676829268292682
20261008_195431_052,156,312.0,316.0,35899,36359,460,unknown,4.0,2.0,0.5,115.0,-0.05525860024260869,1.1116355915913443,1.0543413069738585,1.0557883805441868,2.800799,2.856057600242609,35.0,8.75,14.0,0.27300545929956527,0.7784886100642147,0.8823200156769735,0.9235911383678285,2.5381866,2.8111920592995654,26.0,6.5,16.0,9.852145539565218,6.016532573438423,2.4528621187173205,10.152896350609181,18.150757,8.298611460434781,23.0,5.75,16.0,9.950075971907113,6.045002154853652,2.4586586088462243,10.249342125306235,18.24728877049463,8.297212798587518,21.0,5.25,16.0,115.0,2.0,2.7436043801762073,0.25,120.0,0.8784332618008901,8.0,0.5167701863354036,0.03771981726879247,0.07299147332062006,1.9350961538461542
20261008_195431_052,157,314.0,318.0,36129,36589,460,unknown,4.0,2.0,0.5,115.0,-0.15952844475978264,1.012406133746605,1.0061839462775208,1.0187519121130915,2.6835506,2.8430790447597825,41.0,10.25,12.0,0.3394427001334782,0.5869537781996749,0.7661290871646076,0.8379589040481528,1.634896,1.9157146001334784,25.0,6.25,16.0,9.88521850673913,5.053710757514509,2.2480459865212965,10.137615877685064,15.1023,5.217081493260869,25.0,6.25,14.0,9.973678630985086,5.037020832631412,2.2443308206749317,10.223076164579817,15.207304142249418,5.233625511264332,23.0,5.75,14.0,115.0,2.0,2.755584354899612,0.25,120.0,0.8859658136648036,8.0,0.5229813664596273,0.03132800052899003,0.05990270884996905,1.9121140142517814
20261008_195431_052,158,316.0,320.0,36359,36819,460,unknown,4.0,2.0,0.5,115.0,-0.06545410125413043,0.8221907003122056,0.9067473188888984,0.9091066712345651,2.5064816,2.57193570125413,41.0,10.25,10.0,0.5552128806392609,0.6618724407230111,0.8135554318686656,0.9849536961455382,2.1948166,2.038164780639261,22.0,5.5,14.0,9.766654146739132,5.185450044794253,2.277158326685752,10.0286082417657,15.1023,5.335645853260868,25.0,6.25,16.0,9.861881842915704,5.112878506414431,2.261167509587565,10.117785923315678,15.207304142249418,5.345422299333714,25.0,6.25,16.0,115.0,1.75,2.4832240456079773,0.25,105.0,0.8733153179063504,8.0,0.5217391304347825,0.05499613322031964,0.105409255338946,1.9166666666666672
20261008_195431_052,159,318.0,322.0,36589,37049,460,unknown,4.0,2.0,0.5,115.0,-0.03627207078565217,0.5147147497244049,0.7174362339082163,0.7183525686203706,1.8652053,1.901477370785652,42.0,10.5,8.0,0.771253554956652,0.5726080370524635,0.7567086870470455,1.0804814126516649,2.2546372,1.658392554956652,17.0,4.25,16.0,9.653598475869565,5.916912892117799,2.43247053263093,9.955344113863115,16.097713,6.444114524130434,25.0,6.25,14.0,9.747673433368844,5.775209557753484,2.403166568873969,10.039539178735158,16.154882794728362,6.407209361359518,25.0,6.25,14.0,115.0,2.0,2.9051467339059847,0.25,120.0,0.912612574538924,7.0,0.5362318840579711,0.02110176779501597,0.03935194534746221,1.8648648648648647
20261008_195431_052,160,320.0,324.0,36819,37279,460,unknown,4.0,2.0,0.5,115.0,-0.15249042742630434,0.5947469617537978,0.7711983932515665,0.7861299461351506,2.14038,1.9961603274263044,46.0,11.5,10.0,0.7188455360856522,0.5517194082995116,0.7427781689707309,1.0336625721432409,2.2546372,1.943372536085652,21.0,5.25,16.0,9.79450971652174,6.600767160524383,2.569195819809067,10.12586725903333,16.097713,6.303203283478259,21.0,5.25,16.0,9.885336454319608,6.499769537723187,2.5494645590247353,10.20880239562033,16.154882794728362,6.269546340408754,19.0,4.75,16.0,115.0,1.75,2.822032263434803,0.25,105.0,0.8514184191269931,8.0,0.5204968944099378,0.03955697721264759,0.07599848843957353,1.921241050119332
20261008_195431_052,161,322.0,326.0,37049,37509,460,unknown,4.0,2.0,0.5,115.0,-0.21340857006369565,0.6030079060491558,0.7765358369381002,0.8053267186836576,2.865405,2.6519964299363044,41.0,10.25,12.0,0.6511546641576087,0.5612022364290385,0.7491343246901977,0.9925747493681505,2.039283,1.9761802641576087,17.0,4.25,16.0,9.914275698043479,6.172537247533449,2.484459145877317,10.220831662068843,16.088142,6.173866301956522,24.0,6.0,14.0,9.9999094396685,6.100966819686825,2.4700135262153577,10.300444438045282,16.202787476615296,6.202878036946796,24.0,6.0,14.0,115.0,2.0,2.7804705965612793,0.25,120.0,0.8514673412783432,8.0,0.5242236024844721,0.022152241615064586,0.04225723815195969,1.9075829383886254
20261008_195431_052,162,324.0,328.0,37279,37740,461,unknown,4.0,2.0,0.5,115.25,-0.2924252461295011,0.4694584198875068,0.6851703582960276,0.7449637202316673,2.865405,2.572979753870499,42.0,10.5,10.0,0.6462347003893709,0.49909606843158383,0.7064673158976174,0.9574525348125221,1.9531415,1.971260300389371,19.0,4.75,16.0,9.817634527114969,5.862818540090349,2.4213257814863223,10.111813202788623,16.088142,6.270507472885033,25.0,6.25,15.0,9.89726243972394,5.764648748200343,2.4009682938765233,10.184323863122707,16.202787476615296,6.305525036891355,23.0,5.75,15.0,115.25,2.0,2.9904455567795933,0.25,120.0,0.9040361287398839,8.0,0.51688875116207,0.019042195842252505,0.03684002756771513,1.9346522781774582
20261008_195431_052,163,326.0,330.0,37509,37970,461,unknown,4.0,2.0,0.5,115.25,-0.3740147888908894,0.48301023719628516,0.6949893791967509,0.7892384300738159,2.5615165,2.187501711109111,38.0,9.5,8.0,0.6888279811765726,0.468414537952387,0.6844081661935274,0.9710296213834982,2.067997,2.076066981176573,26.0,6.5,14.0,9.650546984381778,5.125538858696586,2.2639652953825475,9.912547399960156,15.320047,5.6695000156182225,28.0,7.0,14.0,9.736206013477906,5.03068424468304,2.2429186888255757,9.991215730909147,15.366843329732907,5.630637316255001,30.0,7.5,14.0,115.25,2.0,2.4779112393010427,0.25,120.0,0.8627712137351639,7.0,0.5292841648590022,0.02003818721699349,0.037859034045221306,1.8893442622950818
20261008_195431_052,164,328.0,332.0,37740,38200,460,unknown,4.0,2.0,0.5,115.0,-0.12125888867826087,0.7336378900983144,0.856526642958825,0.8650674009473488,2.6548367,2.776095588678261,40.0,10.0,8.0,0.42050216784804356,0.7518424442156091,0.8670884869582857,0.9636724118602302,2.067997,2.1810214678480433,25.0,6.25,16.0,9.715146024782609,5.210466925467399,2.282644721691792,9.979705867825801,15.841682,6.126535975217392,29.0,7.25,14.0,9.803730084222432,5.158411769591036,2.271213721689581,10.063375941197815,15.865224134342204,6.061494050119773,29.0,7.25,14.0,115.0,1.75,2.5700596624068046,0.25,105.0,0.801041758594456,7.0,0.5275362318840581,0.01714805734231773,0.032505932874173714,1.8956043956043953
20261008_195431_052,165,330.0,334.0,37970,38430,460,unknown,4.0,2.0,0.5,115.0,0.32628737595217394,0.8025323004125424,0.895841671509281,0.9534126872022932,2.7098715,2.383584124047826,32.0,8.0,12.0,0.09419918486978261,0.6717813853766781,0.8196227091635993,0.8250181039267015,2.0045872,2.0987863848697828,22.0,5.5,14.0,9.949455375,5.853304874788616,2.4193604268046993,10.239383142255445,15.853646,5.904190625,21.0,5.25,14.0,10.027360680234224,5.886655546322729,2.426243092998459,10.316715453952877,15.939512881385289,5.9121522011510645,21.0,5.25,14.0,115.0,2.0,2.537368410777421,0.25,120.0,0.8522927929575685,8.0,0.5242236024844721,0.036808776124295776,0.07021579331767322,1.9075829383886254
20261008_195431_052,166,332.0,336.0,38200,38660,460,unknown,4.0,2.0,0.5,115.0,0.6725288122473914,0.920957850278519,0.9596654887399666,1.1718587174149477,4.052245,3.3797161877526087,31.0,7.75,12.0,0.15046693035491304,0.5787053431822434,0.760726851887222,0.7754647898600385,2.076372,2.226838930354913,25.0,6.25,14.0,9.905396232173912,6.10577969397805,2.4709875948652695,10.208949711421994,16.681562,6.776165767826088,17.0,4.25,14.0,10.00358700818262,6.125499673957158,2.474974681478006,10.305205126742372,16.69321807891136,6.6896310707287405,17.0,4.25,14.0,115.0,2.0,2.802549132392007,0.25,120.0,0.8366480865990019,8.0,0.5279503105590062,0.036217092514567055,0.06859943405700349,1.8941176470588235
20261008_195431_052,167,334.0,338.0,38430,38890,460,unknown,4.0,2.0,0.5,115.0,0.6768202895256521,0.903345209005889,0.9504447427419908,1.166803716706232,4.052245,3.375424710474348,30.0,7.5,10.0,0.5306136224614348,0.6593292338909482,0.8119909075174107,0.9699897165602296,2.076372,2.606985622461435,23.0,5.75,14.0,9.649478637608693,5.219420618531634,2.284605134050879,9.91624216103047,16.681562,7.032083362391306,17.0,4.25,16.0,9.769530429406704,5.1904447486467795,2.2782547593820097,10.03165836538258,16.69321807891136,6.923687649504657,17.0,4.25,16.0,115.0,2.0,2.4513688300637324,0.25,120.0,0.8468876863443829,7.0,0.5376811594202898,0.019712276099616573,0.036661645576106294,1.8598382749326148
20261008_195431_052,168,336.0,340.0,38660,39120,460,unknown,4.0,2.0,0.5,115.0,0.3899676706295652,0.6944782770107683,0.8333536326258909,0.9200831816455605,2.7768707,2.3869030293704347,46.0,11.5,12.0,0.6370214042318696,0.5470959931592579,0.7396593764424663,0.9761620063333755,1.9962122,1.8424058042318696,23.0,5.75,14.0,9.66288364673913,4.757642738706992,2.1812021315565855,9.906006415762384,16.174284,6.5114003532608695,19.0,4.75,14.0,9.758411529298975,4.701812857726146,2.1683664030154466,9.99641978074557,16.197343074503326,6.438931545204351,19.0,4.75,14.0,115.0,1.75,2.418548797748242,0.25,105.0,0.7892761245406437,8.0,0.5142857142857143,0.05429012020723518,0.1055641226251795,1.9444444444444442
20261008_195431_052,169,338.0,342.0,38890,39350,460,unknown,4.0,2.0,0.5,115.0,0.21353861299608695,0.5849340177715462,0.7648097918904714,0.7940609277705576,2.5830522,2.369513587003913,38.0,9.5,10.0,0.39006650291578265,0.5633074644254962,0.7505381165707017,0.8458482967544737,1.8335004,1.8945538029157827,15.0,3.75,16.0,9.87831572304348,5.168738268643828,2.2734859288422764,10.136560550441743,16.035501,6.15718527695652,25.0,6.25,14.0,9.94936736998853,5.105940827913655,2.2596328967143435,10.202737470449101,16.0560684060155,6.106701036026969,25.0,6.25,14.0,115.0,1.75,2.6371290676920633,0.25,105.0,0.9038355822957715,8.0,0.5267080745341615,0.030428444009728894,0.05777098449960321,1.8985849056603774
20261008_195431_052,170,340.0,344.0,39120,39581,461,unknown,4.0,2.0,0.5,115.25,-0.05746667370238612,0.5928939110531523,0.7699960461282592,0.7721375069503933,1.8771694,1.881993973702386,28.0,7.0,10.0,0.7064653143836441,0.6377775567940549,0.7986097650254815,1.0662414347703977,2.0991037,2.210952614383644,16.0,4.0,14.0,9.80332947483731,4.344094958549108,2.084249255379286,10.022443003118706,14.697913,4.894583525162689,23.0,5.75,16.0,9.895881715636039,4.253955947764204,2.062512047907649,10.108532577858366,14.751553289452065,4.855671573816027,23.0,5.75,15.0,115.25,1.75,2.2385913228315855,0.25,105.0,0.8707089020406478,7.0,0.53940708604483,0.025255602598080955,0.046821043422447674,1.8538873994638072
20261008_195431_052,171,342.0,346.0,39350,39811,461,unknown,4.0,2.0,0.5,115.25,-0.3339233311049892,0.6242325926832037,0.7900839149629637,0.8577513530968377,1.8771694,1.945489431104989,31.0,7.75,8.0,0.9172880420829934,0.49407177208527675,0.7029023915774343,1.1556336462018266,2.4747767,2.1537791420829935,25.0,6.25,14.0,9.662365752494578,4.383021095500541,2.0935665968630044,9.886573371521633,15.310475,5.648109247505422,22.0,5.5,14.0,9.774739777041374,4.270021829578969,2.0664031140072763,9.990773720711216,15.389310874423543,5.61457109738217,22.0,5.5,14.0,115.25,1.75,2.4158333366976956,0.25,105.0,0.8821526885847113,7.0,0.5451916124367316,0.018349352914605245,0.03365670435132501,1.8342175066313
20261008_195431_052,172,344.0,348.0,39581,40041,460,unknown,4.0,2.0,0.5,115.0,-0.4543658096356522,0.6456409795011693,0.8035178775243083,0.9230868152384321,2.2384856,2.065931909635652,33.0,8.25,12.0,0.891217197276087,0.5088785605459019,0.7133572460877522,1.141554489836795,2.4747767,2.127708297276087,27.0,6.75,14.0,9.810838132826087,5.043879750059779,2.2458583548522775,10.06461249222116,15.310475,5.499636867173914,23.0,5.75,14.0,9.925887966252358,4.92840862171448,2.2200019418267365,10.171118942393104,15.389310874423543,5.463422908171186,19.0,4.75,14.0,115.0,1.75,2.724351274243948,0.25,105.0,0.8682011728324375,7.0,0.5434782608695652,0.037485556975007404,0.06897342483401363,1.84
20261008_195431_052,173,346.0,350.0,39811,40271,460,unknown,4.0,2.0,0.5,115.0,-0.47784668311195655,0.6178335868364709,0.786023909837653,0.9198755564735751,2.2384856,2.0056638831119566,23.0,5.75,8.0,1.1975088986108695,0.4790596984384563,0.6921413861621456,1.383143976847918,2.5824537,1.9530426486108694,26.0,6.5,14.0,9.752416851086958,5.325648370196983,2.307736633629796,10.021740507893917,16.52603,6.773613148913041,25.0,6.25,14.0,9.901609044634437,5.152679434863595,2.269951416850941,10.15847139621164,16.588088727998528,6.686479683364091,19.0,4.75,14.0,115.0,1.75,2.721572544000325,0.25,105.0,0.8667715355065775,7.0,0.5391304347826087,0.03405026123034992,0.0631577426046813,1.8548387096774193
20261008_195431_052,174,348.0,352.0,40041,40501,460,unknown,4.0,2.0,0.5,115.0,-0.32288540613260874,0.6370348767203272,0.7981446464897997,0.8609819174719913,2.4849463,2.8078317061326086,23.0,5.75,10.0,1.0947527707369564,0.6232258235223597,0.7894465298690974,1.3497071728929215,2.5824537,1.8861788307369565,17.0,4.25,14.0,9.58825881652174,6.0617927012766755,2.4620708156502475,9.899318149947678,16.52603,6.937771183478258,24.0,6.0,14.0,9.730499560593472,5.876877449946129,2.42422718612471,10.027935936605095,16.588088727998528,6.857589167405056,20.0,5.0,14.0,115.0,1.75,2.6394289668715207,0.25,105.0,0.8574143193699995,7.0,0.5434782608695652,0.016460603900870334,0.030287511177601416,1.84
20261008_195431_052,175,350.0,354.0,40271,40731,460,unknown,4.0,2.0,0.5,115.0,-0.04597340522391304,0.7543482749633001,0.8685322532659914,0.8697481411024586,2.4849463,2.530919705223913,35.0,8.75,14.0,0.701788871982174,0.9309984136717344,0.9648825906149071,1.1931077212514158,2.4245276,2.450344071982174,19.0,4.75,14.0,9.857206842391305,6.450598976395151,2.5398029404650964,10.179151522110333,16.901703,7.044496157608696,25.0,6.25,14.0,9.972158347406486,6.351151467793155,2.5201490963419517,10.285674191492847,16.949197034859317,6.977038687452831,25.0,6.25,14.0,115.0,1.75,2.971252217132307,0.25,105.0,0.8332830250093386,7.0,0.5463768115942029,0.03934455640724124,0.07200993082492428,1.8302387267904507
20261008_195431_052,176,352.0,356.0,40501,40961,460,unknown,4.0,2.0,0.5,115.0,0.04674326972173912,0.8344274085205965,0.9134699822767011,0.9146651528208974,2.3700907,2.416833969721739,44.0,11.0,12.0,0.7203124407321739,1.1576721856180863,1.075951758034758,1.294805853358575,3.266801,2.546488559267826,16.0,4.0,14.0,9.867417948913044,6.000936840874043,2.449680967161651,10.166950074599821,16.901703,7.0342850510869575,23.0,5.75,14.0,9.991542085604204,6.049095110681842,2.459490823459572,10.289801181708121,16.949197034859317,6.957654949255113,21.0,5.25,14.0,115.0,1.75,2.7288943089251467,0.25,105.0,0.7743927829404097,7.0,0.5449275362318841,0.06017547678848318,0.1104284015533335,1.8351063829787233
20261008_195431_052,177,354.0,358.0,40731,41192,461,unknown,4.0,2.0,0.5,115.25,0.040467769808676786,0.7672438107819631,0.8759245462835045,0.8768588547624133,2.3700907,2.410558469808677,33.0,8.25,16.0,0.7030343906963124,1.0426826146804966,1.0211183157110133,1.2397338299740923,3.266801,2.5637666093036877,19.0,4.75,14.0,9.676359359652928,6.071442942308376,2.4640298176581337,9.985157655212621,15.973288,6.296928640347073,22.0,5.5,14.0,9.79132795055097,6.139091784568037,2.47771906893579,10.099960139515833,16.036842410274865,6.2455144597238945,20.0,5.0,14.0,115.25,1.75,2.8386901837511744,0.25,105.0,0.8265957881700019,7.0,0.5509761388286334,0.04772234273318874,0.0866141732283465,1.81496062992126
20261008_195431_052,178,356.0,360.0,40961,41422,461,unknown,4.0,2.0,0.5,115.25,0.384048035073102,0.8681727622374263,0.9317578882077824,1.0078023891026142,3.5306098,3.146561764926898,38.0,9.5,16.0,0.5371251030173536,1.113423633625549,1.0551889089758046,1.184029986916274,2.7355945,2.850386403017354,17.0,4.25,14.0,9.855359104989155,6.518667240988961,2.5531680792671994,10.180705787384369,18.320646,8.465286895010845,18.0,4.5,14.0,9.974907544147078,6.5655824803971985,2.562339259426276,10.298755409984231,18.485383550932845,8.510476006785767,16.0,4.0,14.0,115.25,1.75,3.014835588108981,0.25,105.0,0.8413165517942477,6.0,0.5622559652928416,0.05188691154091472,0.09228343449213613,1.7785493827160495
20261008_195431_052,179,358.0,362.0,41192,41652,460,unknown,4.0,2.0,0.5,115.0,0.5262337177645652,1.2359800734592228,1.1117464069918206,1.2300008126710889,4.822734,4.296500282235434,36.0,9.0,14.0,0.3089498187423913,1.23948404900067,1.1133211796245817,1.1553934565772936,2.8492537,3.158203518742391,18.0,4.5,14.0,9.790551167391305,6.780167443903987,2.6038754662817474,10.13089628834543,18.320646,8.530094832608695,15.0,3.75,14.0,9.926418751284999,6.94910641802199,2.636115782362753,10.27048663130839,18.485383550932845,8.558964799647846,15.0,3.75,14.0,115.0,1.75,3.31267885621175,0.25,105.0,0.8763166107297004,7.0,0.5492753623188406,0.05777139544346305,0.10517747455406201,1.820580474934037
20261008_195431_052,180,360.0,364.0,41422,41882,460,unknown,4.0,2.0,0.5,115.0,0.28564580314282606,1.5073968606801336,1.2277609134844347,1.2605516195433029,4.822734,4.537088196857174,42.0,10.5,14.0,0.02749145153804347,2.072496046988495,1.4396166319504977,1.4398791014860115,3.7274194,3.7549108515380434,21.0,5.25,14.0,9.765005178478264,8.461670280771418,2.908895027458265,10.189062587720162,16.463816,6.698810821521738,21.0,5.25,14.0,9.937347591823467,8.728361468188423,2.954380048028422,10.367219426100139,16.69233572250638,6.754988130682914,19.0,4.75,14.0,115.0,1.75,3.5347948547022425,0.25,105.0,0.8137819457933108,7.0,0.5463768115942028,0.05130107252297929,0.09389320965744222,1.8302387267904512
20261008_195431_052,181,362.0,366.0,41652,42112,460,unknown,4.0,2.0,0.5,115.0,0.11398158612739129,1.1816903821692053,1.087055832130625,1.09301518019894,4.5475593,4.433577713872609,39.0,9.75,19.0,-0.07965498432391305,2.822956504978191,1.6801656183180844,1.6820527404055539,3.7274194,3.7460575843239132,15.0,3.75,14.0,9.904355883043479,9.689815807046193,3.1128468974631875,10.382007573924426,16.136,6.476637483043479,22.0,5.5,14.0,10.105355042011979,9.691864345558358,3.1131759258927785,10.574027845181575,16.264306631488495,6.568153669568336,22.0,5.5,14.0,115.0,1.75,3.6733595423890426,0.25,105.0,0.8351179808067094,6.0,0.5495652173913044,0.048070521603774785,0.08747009469041298,1.8196202531645569
20261008_195431_052,182,364.0,368.0,41882,42342,460,unknown,4.0,2.0,0.5,115.0,0.1337899965919565,0.85557593076035,0.9249734757063848,0.9345992156793337,3.12383,2.990040003408043,37.0,9.25,20.0,-0.12944650345217393,2.613132907071539,1.6165187617443662,1.6216933447256703,3.3924243,3.262977796547826,14.0,3.5,14.0,9.751792625,9.82460457609094,3.134422526732945,10.24314717150424,16.136,6.384207374999999,22.0,5.5,14.0,9.929791653229085,9.824666698833271,3.134432436476063,10.412753189016405,16.264306631488495,6.33451497825941,22.0,5.5,14.0,115.0,1.75,3.8390414283912655,0.25,105.0,0.8071527393244209,7.0,0.5565217391304348,0.028399881075746976,0.05103103630798285,1.796875
20261008_195431_052,183,366.0,370.0,42112,42572,460,unknown,4.0,2.0,0.5,115.0,0.09972868514086956,0.8955519982695523,0.9463360916025302,0.951576486105809,2.5184457,2.5822821851408695,29.0,7.25,12.0,0.1750349777826087,2.149635204622309,1.466163430393184,1.4765745656991613,3.3924243,3.567459277782609,16.0,4.0,14.0,9.82525746195652,9.768777049496103,3.125504287230479,10.310405483938467,17.27259,7.447332538043481,25.0,6.25,14.0,9.981131776949116,9.767239951384102,3.1252583815396933,10.458978511317802,17.433296639145382,7.452164862196266,25.0,6.25,14.0,115.0,1.75,3.9074430372944824,0.25,105.0,0.8815948014584898,7.0,0.5405797101449276,0.03804175289393242,0.07037214342309214,1.8498659517426272
20261008_195431_052,184,368.0,372.0,42342,42802,460,unknown,4.0,2.0,0.5,115.0,-0.029223647524347824,0.7838880420813497,0.8853745207997289,0.8858566834742384,2.5184457,2.547669347524348,36.0,9.0,10.0,0.48416685640695656,1.0985093828389805,1.0480979834151865,1.1545245461582767,2.8049862,2.4911468564069565,23.0,5.75,16.0,9.912798370869567,8.34386199151841,2.888574387395694,10.3250875799207,17.27259,7.359791629130434,23.0,5.75,14.0,10.025445814675956,8.215538741366968,2.8662761104553356,10.427132996388348,17.433296639145382,7.407850824469426,21.0,5.25,14.0,115.0,1.75,3.0048488183068858,0.25,105.0,0.8650482554281669,8.0,0.5279503105590062,0.03374677691231334,0.06392036568096998,1.8941176470588235
20261008_195431_052,185,370.0,374.0,42572,43033,461,unknown,4.0,2.0,0.5,115.25,0.053506315204772247,0.9026521626748601,0.9500800822429971,0.9515855654861798,2.8606195,2.8071131847952278,32.0,8.0,10.0,0.19127658705249456,1.043227564074857,1.0213851203512105,1.0391411342206156,2.8660033,3.0572798870524944,17.0,4.25,14.0,9.711732654880695,8.918014768421173,2.9863045337709906,10.160500279430003,15.50908,6.310335154880695,17.0,4.25,16.0,9.81290387310374,8.928012890793774,2.987978060627918,10.257733439389431,15.51450472313253,6.367795803472829,17.0,4.25,16.0,115.25,2.0,3.4346035913422654,0.25,120.0,0.9264274538971714,8.0,0.51688875116207,0.049270794953459665,0.09532185570432515,1.9346522781774582
20261008_195431_052,186,372.0,376.0,42802,43263,461,unknown,4.0,2.0,0.5,115.25,0.23491964272321045,1.24606062096195,1.1162708546593654,1.1407225164338395,3.51386,3.27894035727679,22.0,5.5,8.0,0.0012729771570498772,1.3025975743320994,1.1413139683417965,1.141314678256151,2.8660033,2.8672762771570497,17.0,4.25,16.0,9.693866936442518,9.736863731350299,3.1203948037628666,10.183708553999555,16.186249,6.492382063557482,21.0,5.25,16.0,9.828105830677753,9.72010274810377,3.1177079318152576,10.310759766724555,16.301747550325867,6.473641719648114,21.0,5.25,16.0,115.25,1.75,3.7072934506557975,0.25,105.0,0.8988536312364775,7.0,0.5350686912509038,0.047700426615967156,0.08914822974308456,1.8689189189189188
20261008_195431_052,187,374.0,378.0,43033,43493,460,unknown,4.0,2.0,0.5,115.0,0.07839094959717392,1.0880911776175015,1.0431160901920273,1.0460575120882447,3.51386,3.4354690504028262,26.0,6.5,10.0,0.535805010461739,1.2604820828426986,1.1227119322616548,1.244013300603576,2.6075785,3.1433835104617387,16.0,4.0,14.0,9.865337275,7.628216433252814,2.7619225972595274,10.244661828618709,16.186249,6.320911725,23.0,5.75,14.0,10.00709086046721,7.453033903785739,2.7300245243927277,10.37279621863999,16.301747550325867,6.294656689858657,23.0,5.75,14.0,115.0,1.75,3.1096042947476246,0.25,105.0,0.8833928142198879,6.0,0.5443478260869565,0.027826086956521705,0.051118210862619744,1.8370607028753994
20261008_195431_052,188,376.0,380.0,43263,43723,460,unknown,4.0,2.0,0.5,115.0,-0.261608340418913,0.653272889053638,0.8082529857993956,0.8495362339714393,2.1355941,2.397202440418913,35.0,8.75,10.0,1.0240084510499998,0.6854548783162321,0.8279220242971146,1.3168326340648049,2.3790638,2.33706995105,18.0,4.5,14.0,9.763559106086957,7.438958590988572,2.727445433182591,10.137358877392183,18.019152,8.255592893913041,23.0,5.75,14.0,9.901095281621286,7.1901172322672755,2.68143939559843,10.257768032472296,18.08269922347176,8.181603941850474,23.0,5.75,14.0,115.0,1.75,3.179207212999568,0.25,105.0,0.8703920833229642,7.0,0.5347826086956522,0.016460603900870355,0.030779991034147816,1.8699186991869918
20261008_195431_052,189,378.0,382.0,43493,43953,460,unknown,4.0,2.0,0.5,115.0,-0.2735620493384783,0.5894626633601453,0.7677647187518747,0.8150453105186322,1.963311,2.1220175493384783,38.0,9.5,10.0,0.7391585199217391,0.7331173250142745,0.8562227076025691,1.131137764636638,2.312065,1.820116219921739,21.0,5.25,14.0,9.624322826304345,7.982349275569031,2.825305165034218,10.030450595087538,18.019152,8.394829173695653,18.0,4.5,14.0,9.733253851000846,7.817480113254762,2.7959756996896026,10.126880597759486,18.08269922347176,8.349445372470914,18.0,4.5,14.0,115.0,1.75,3.2077266402727607,0.25,105.0,0.9075957786355866,7.0,0.5376811594202898,0.007804586677006483,0.014515269021925804,1.8598382749326148
20261008_195431_052,190,380.0,384.0,43723,44183,460,unknown,4.0,2.0,0.5,115.0,-0.030815395107608716,0.7833640785641639,0.8850785719720955,0.885614852596659,2.9180472,2.948862595107609,27.0,6.75,12.0,0.25461713556847826,0.8081708965326693,0.8989832570925163,0.9343451087568052,2.332404,2.5870211355684782,16.0,4.0,16.0,9.799773905,8.046317910031203,2.836603234509755,10.202053053143281,16.86581,7.066036094999999,17.0,4.25,15.0,9.883227074792991,8.061023536626497,2.8391941702931303,10.282956819346648,16.966969190043642,7.083742115250651,17.0,4.25,15.0,115.0,2.0,3.4305320143344327,0.25,120.0,0.9248253140671409,8.0,0.5142857142857143,0.030630628586181256,0.05955955558424132,1.9444444444444442
20261008_195431_052,191,382.0,386.0,43953,44413,460,unknown,4.0,2.0,0.5,115.0,0.09962985369934785,0.8236860776509689,0.9075715275673697,0.9130236499670326,2.9180472,2.8184173463006523,35.0,8.75,8.0,0.09031345119978262,0.7680810129179376,0.8764023122504514,0.8810434338814138,2.332404,2.4227174511997824,21.0,5.25,15.0,9.965549689347826,7.258404510155911,2.694142629883561,10.323303014104374,16.86581,6.900260310652174,20.0,5.0,16.0,10.044993767335896,7.278535052984114,2.69787602624437,10.400982397773834,16.966969190043642,6.921975422707746,20.0,5.0,16.0,115.0,2.0,3.3694386611792093,0.25,120.0,0.8984785353189766,8.0,0.5180124223602485,0.01964147615011414,0.03791699832336183,1.9304556354916067
20261008_195431_052,192,384.0,388.0,44183,44643,460,unknown,4.0,2.0,0.5,115.0,0.04040749300347826,0.82888129340843,0.9104291808858227,0.9113254407176704,2.7481568,2.7077493069965217,37.0,9.25,10.0,0.3087729559747826,0.7640266307288496,0.8740861689380799,0.9270206950603933,1.8729819,2.181754855974783,21.0,5.25,16.0,9.882882887826085,7.227983604708257,2.6884909530642385,10.242038751107806,15.669399,5.786516112173915,23.0,5.75,16.0,9.9726914755781,7.134663940095315,2.671079171439011,10.324206468642686,15.783869904262284,5.811178428684183,23.0,5.75,16.0,115.0,2.0,3.012531218169072,0.25,120.0,0.8312240466577125,8.0,0.5192546583850932,0.03852934762551757,0.07420125559459723,1.9258373205741626
20261008_195431_052,193,386.0,390.0,44413,44874,461,unknown,4.0,2.0,0.5,115.25,-0.06040449940043384,0.7782030082556786,0.8821581537659098,0.8842237905663337,2.693122,2.753526499400434,30.0,7.5,10.0,0.5189012351361388,0.7175590172267224,0.8470885533559773,0.9933868879004459,2.1158533,2.174136235136139,19.0,4.75,16.0,9.686833819739697,7.292085072445153,2.7003860969211706,10.056183894683803,17.49273,7.805896180260305,21.0,5.25,16.0,9.783776305486533,7.173224948754212,2.6782876896917203,10.143742097695204,17.62295325518235,7.8391769496958155,21.0,5.25,16.0,115.25,1.75,3.0504311306747605,0.25,105.0,0.8516907002824394,8.0,0.51688875116207,0.05365940086002691,0.10381228211948851,1.9346522781774582
20261008_195431_052,194,388.0,392.0,44643,45104,461,unknown,4.0,2.0,0.5,115.25,-0.1383710693427332,0.6389091644124345,0.799317937001563,0.8112063345681455,2.396412,2.384035169342733,40.0,10.0,8.0,0.38479416723895876,0.7215295507524508,0.8494289556828463,0.9325213680627242,2.1158533,2.1094210672389586,17.0,4.25,16.0,9.651330797613882,6.378337819936839,2.525537134935228,9.976298110266505,17.49273,7.841399202386119,25.0,6.25,16.0,9.733791055215704,6.307487497446846,2.511471181886594,10.05257060676741,17.62295325518235,7.889162199966645,25.0,6.25,16.0,115.25,2.0,2.5656809985569016,0.25,120.0,0.7853898363333449,8.0,0.5131701270529904,0.04482960352035979,0.08735817062814073,1.9486714975845412
20261008_195431_052,195,390.0,394.0,44874,45334,460,unknown,4.0,2.0,0.5,115.0,-0.12284543410260869,0.670689138129663,0.8189561271091773,0.8281184328400868,2.5639095,2.6867549341026087,40.0,10.0,12.0,0.09219129551478261,0.8502405388168999,0.9220848869908345,0.9266821320094577,2.2606192,2.3528104955147824,16.0,4.0,14.0,9.83887056847826,6.719938436683361,2.592284405053458,10.174640657042936,17.260626,7.4217554315217384,29.0,7.25,16.0,9.915338821795755,6.753888461536201,2.598824438382901,10.25026011438472,17.35316813822937,7.437829316433616,29.0,7.25,16.0,115.0,2.0,3.147812242401518,0.25,120.0,0.8658521438813832,8.0,0.5180124223602485,0.027441890725931076,0.0529753526004185,1.9304556354916067
20261008_195431_052,196,392.0,396.0,45104,45564,460,unknown,4.0,2.0,0.5,115.0,-0.07658072828304348,0.7077932769407396,0.8413045090457673,0.8447827441923166,2.5639095,2.6404902282830434,39.0,9.75,10.0,0.056590255408695646,0.8571544483856377,0.9258263597379573,0.9275542600801633,2.2606192,2.3172094554086953,17.0,4.25,16.0,9.93894253847826,6.660037406150559,2.5807048273970734,10.268525511938082,17.609978,7.6710354615217415,28.0,7.0,14.0,10.016155116404763,6.69326766371993,2.5871350300515683,10.34488429029543,17.758432751229556,7.742277634824793,28.0,7.0,14.0,115.0,2.0,2.811828456474186,0.25,120.0,0.834370576720048,8.0,0.5217391304347826,0.0222911285030141,0.04272466296411036,1.9166666666666667
20261008_195431_052,197,394.0,398.0,45334,45794,460,unknown,4.0,2.0,0.5,115.0,-0.053687658221739126,0.793077640155808,0.890549066675053,0.892165906544933,2.6859434,2.739631058221739,42.0,10.5,10.0,0.21066722668391302,0.9078295644361667,0.9528009049303883,0.9758126074379537,2.6889346,2.899601826683913,19.0,4.75,14.0,9.792486218260871,7.184075636908709,2.6803126005950704,10.152677576469065,17.609978,7.817491781739131,27.0,6.75,16.0,9.88088420012424,7.193159645108956,2.682006645239522,10.238409652937989,17.758432751229556,7.877548551105315,25.0,6.25,16.0,115.0,2.0,3.0238523920245512,0.25,120.0,0.8506377621985519,8.0,0.5192546583850932,0.030019989996508248,0.057813617098538606,1.9258373205741626
20261008_195431_052,198,396.0,400.0,45564,46024,460,unknown,4.0,2.0,0.5,115.0,-0.09763236509413042,0.7211986746248588,0.8492341694873439,0.8548279086101087,2.6859434,2.7835757650941306,49.0,12.25,12.0,0.2364941057552174,0.8319586861433649,0.9121176931423735,0.9422781692262242,2.6889346,2.9254287057552175,15.0,3.75,14.0,9.709111953478262,6.983236730069329,2.642581451927136,10.062310453133703,17.44248,7.733368046521738,23.0,5.75,14.0,9.79158846684705,6.993505852690655,2.6445237478023627,10.142421335991857,17.45595706172157,7.664368594874519,23.0,5.75,14.0,115.0,2.0,3.0320519254288802,0.25,120.0,0.915364916793581,7.0,0.5304347826086957,0.00869565217391303,0.016393442622950793,1.8852459016393441
20261008_195431_052,199,398.0,402.0,45794,46254,460,unknown,4.0,2.0,0.5,115.0,-0.26014143595065214,0.7253196324578013,0.8516569922555683,0.8905016558975444,2.181058,2.359843435950652,53.0,13.25,10.0,0.15067500026065217,0.6102181245323927,0.7811645950325659,0.7955633728597239,1.8622142,1.7115391997393479,23.0,5.75,14.0,9.837034323478262,5.90346860602112,2.429705456638956,10.132655766743017,16.54278,6.7057456765217385,27.0,6.75,16.0,9.911338378736781,5.8619987088821,2.4211564817008626,10.2027754638972,16.63709267856469,6.72575429982791,27.0,6.75,16.0,115.0,2.0,2.6867318241185454,0.25,120.0,0.8388456058942405,8.0,0.5180124223602485,0.03504779125382828,0.06765820613748624,1.9304556354916067
20261008_195431_052,200,400.0,404.0,46024,46485,461,unknown,4.0,2.0,0.5,115.25,-0.31674276095878523,0.7811297918497504,0.8838154738686975,0.9388587585305601,2.181058,2.4164447609587856,48.0,12.0,10.0,0.20432032129522776,0.7808910488934654,0.88368039974499,0.9069938492556883,2.2821546,2.486474921295228,31.0,7.75,14.0,9.942056109978308,6.034549012522262,2.4565319074911813,10.241046270107331,15.351153,5.409096890021692,26.0,6.5,14.0,10.029947047326848,5.983284545355911,2.446075335175904,10.323910224209452,15.46033049791818,5.430383450591332,26.0,6.5,14.0,115.25,1.75,2.765776883878709,0.25,105.0,0.8438628954276801,8.0,0.5280446234893089,0.03260724248643546,0.06175092224397139,1.8937793427230047
20261008_195431_052,201,402.0,406.0,46254,46715,461,unknown,4.0,2.0,0.5,115.25,-0.16625446041887204,0.7050839951861331,0.8396927981030521,0.8559933065131428,2.2959132,2.4621676604188725,47.0,11.75,12.0,0.4368601207366595,0.8004670542123152,0.894688244145588,0.9956474372499353,2.2821546,2.7190147207366597,20.0,5.0,14.0,9.778088079392624,5.981140745591425,2.4456370837864365,10.079292992762516,16.217356,6.439267920607374,27.0,6.75,16.0,9.866951912449569,5.95944555145702,2.4411975650194764,10.16445697487324,16.292695225061188,6.425743312611619,29.0,7.25,15.0,115.25,2.0,2.6415156600303678,0.25,120.0,0.8623115102194748,8.0,0.5206073752711496,0.042759685926644767,0.0821342300507635,1.9208333333333334
20261008_195431_052,202,404.0,408.0,46485,46945,460,unknown,4.0,2.0,0.5,115.0,-0.020422224062173908,0.749539602231351,0.8657595522033534,0.8660003865282027,2.2959132,2.3163354240621743,37.0,9.25,8.0,0.520080003358913,0.761450871671692,0.8726115239163943,1.015841563220121,1.9986051,2.084387803358913,19.0,4.75,14.0,9.588570914999998,6.5699193423043125,2.5631853897649135,9.92525120761627,16.217356,6.6287850850000005,28.0,7.0,14.0,9.682083797053965,6.549755632145827,2.5592490367578193,10.014614435180256,16.292695225061188,6.610611428007223,28.0,7.0,14.0,115.0,1.75,2.8225339296152745,0.25,105.0,0.8845347315701899,7.0,0.5333333333333333,0.022823211229019726,0.04279352105441199,1.875
20261008_195431_052,203,406.0,410.0,46715,47175,460,unknown,4.0,2.0,0.5,115.0,0.05470200383717392,0.7270877445070757,0.852694402765185,0.8544472211499536,3.0735807,3.018878696162826,44.0,11.0,10.0,0.39918523736543476,1.0031326805038443,1.0015651154587226,1.0781843693146098,3.7106698,4.109855037365435,22.0,5.5,16.0,9.782503980000001,8.223429083354928,2.8676521900946996,10.194155835677163,18.583857,8.801353019999997,21.0,5.25,16.0,9.877304296192687,8.252234630449497,2.872670296161656,10.286562826816157,18.856119678656242,8.978815382463555,21.0,5.25,16.0,115.0,1.75,3.4661678095539146,0.25,105.0,0.9209831480984172,8.0,0.5192546583850931,0.02965797859953619,0.05711644203977664,1.925837320574163
20261008_195431_052,204,408.0,412.0,46945,47405,460,unknown,4.0,2.0,0.5,115.0,0.024203918055652165,0.7044950108153815,0.8393420106341524,0.8396909196035326,3.0735807,3.0493767819443476,45.0,11.25,10.0,0.24144620826739127,1.0557833564712846,1.0275131904123103,1.0554997053329693,3.7106698,3.952116008267391,23.0,5.75,16.0,9.982450324782608,8.007717861774834,2.829791133948729,10.375790685462349,18.583857,8.60140667521739,30.0,7.5,16.0,10.071274606226895,8.045620622919177,2.8364803230269686,10.46308715518273,18.856119678656242,8.784845072429347,24.0,6.0,16.0,115.0,2.0,3.2030169642520523,0.25,120.0,0.8411743339668176,8.0,0.5180124223602485,0.015315314293090623,0.029565534786421946,1.9304556354916067
20261008_195431_052,205,410.0,414.0,47175,47635,460,unknown,4.0,2.0,0.5,115.0,-0.11498553219847826,0.8637822332765656,0.9293988558614463,0.9364848668780147,2.7601209,2.875106432198478,33.0,8.25,12.0,0.22257932576608694,0.9115406466901176,0.9547463782021473,0.9803480009407901,2.885146,3.1077253257660873,19.0,4.75,15.0,9.923909390434781,7.069773538328972,2.658904574882102,10.273935522860198,16.951952,7.028042609565217,30.0,7.5,16.0,10.016826600999,7.055022082247594,2.6561291539094243,10.363003292324517,17.019508533264673,7.0026819322656735,30.0,7.5,16.0,115.0,2.0,3.0858777031112106,0.25,120.0,0.8425020157929664,8.0,0.515527950310559,0.025336742924684637,0.04914717603462924,1.9397590361445785
20261008_195431_052,206,412.0,416.0,47405,47865,460,unknown,4.0,2.0,0.5,115.0,-0.28984364677956526,0.6831726549839066,0.8265425911493651,0.8758892593030149,2.7601209,3.0499645467795653,36.0,9.0,10.0,0.619611021803913,0.7868212359477895,0.8870294448031528,1.082006956672959,2.2259233,2.504557021803913,17.0,4.25,15.0,9.724186737608694,6.277550125829985,2.50550396643669,10.04178061071416,16.46621,6.742023262391307,21.0,5.25,16.0,9.827506930410706,6.195386415295433,2.4890533170857214,10.137814304995228,16.50709147386828,6.6795845434575725,19.0,4.75,16.0,115.0,2.0,2.780617860991055,0.25,120.0,0.8613734952366547,8.0,0.5142857142857143,0.04516685456570893,0.08782443943332291,1.9444444444444442
20261008_195431_052,207,414.0,418.0,47635,48095,460,unknown,4.0,2.0,0.5,115.0,-0.2554702300708696,0.6114001225327842,0.7819207904466949,0.8225965967503435,2.8749764,3.1304466300708698,38.0,9.5,8.0,0.7113185499726087,0.9059053613390026,0.9517906079275014,1.1882253325334118,2.2259233,2.5412296499726086,19.0,4.75,16.0,9.658831486956522,6.430800435666271,2.5359022922159817,9.9861817592656,16.46621,6.807378513043478,16.0,4.0,14.0,9.77076220216141,6.344576719762303,2.5188443222562014,10.090211629641292,16.50709147386828,6.736329271706868,14.0,3.5,14.0,115.0,1.75,2.841385131559883,0.25,105.0,0.8582561619740654,7.0,0.5304347826086957,0.02354793740474192,0.04439365248434952,1.8852459016393441
20261008_195431_052,208,416.0,420.0,47865,48326,461,unknown,4.0,2.0,0.5,115.25,0.03117676561973969,0.9148443407178104,0.9564749556145264,0.956982931630611,2.8749764,2.8437996343802605,37.0,9.25,10.0,0.17412196683015183,1.34529461699426,1.1598683619248609,1.1728653274468728,2.9306095,3.104731466830152,19.0,4.75,14.0,9.884877527548806,6.503945469162407,2.550283409576749,10.208562543463296,15.774683,5.889805472451194,23.0,5.75,16.0,10.000734288697922,6.491492298422843,2.5478407129219915,10.32018307064178,15.788791951143546,5.788057662445624,19.0,4.75,16.0,115.25,2.0,2.866972484799591,0.25,120.0,0.890786477440346,8.0,0.5193678339014565,0.028750947641135914,0.055357582361542715,1.925417661097852
20261008_195431_052,209,418.0,422.0,48095,48556,461,unknown,4.0,2.0,0.5,115.25,0.09739203219869848,0.7735373676903629,0.8795097314358511,0.8848856285566825,2.6189444,2.5215523678013017,34.0,8.5,10.0,0.2538584986804772,1.5679716079151946,1.2521867304500534,1.2776602620679336,2.9306095,3.184467998680477,19.0,4.75,14.0,9.931820439913231,6.519700958486021,2.553370509441593,10.254791963231838,15.650256,5.718435560086769,20.0,5.0,14.0,10.050548983955215,6.5626616511747375,2.56176924237425,10.371894548733994,15.694623916053423,5.6730180060985225,20.0,5.0,14.0,115.25,1.75,2.8573359372982026,0.25,105.0,0.8422944543421848,8.0,0.5255655407499225,0.05504456972091606,0.10473397788289866,1.9027122641509437
20261008_195431_052,210,420.0,424.0,48326,48786,460,unknown,4.0,2.0,0.5,115.0,0.0052590066032608684,0.991629229861992,0.9958058193553561,0.9958197060775835,3.2769706,3.271711593396739,39.0,9.75,14.0,0.5414281396282609,1.9238170471005513,1.387017320403949,1.488946432039068,2.9880373,3.5294654396282605,15.0,3.75,14.0,9.694755016304347,6.7443416559862195,2.5969870342352923,10.036563977883294,15.650256,5.955500983695654,27.0,6.75,14.0,9.84977460871509,6.923175004150329,2.6311926961266687,10.195157421376035,15.694623916053423,5.8448493073383325,23.0,5.75,14.0,115.0,1.75,3.0774308915786723,0.25,105.0,0.7761306421919792,7.0,0.5478260869565217,0.046013066279384195,0.08399210511316163,1.8253968253968256
20261008_195431_052,211,422.0,426.0,48556,49016,460,unknown,4.0,2.0,0.5,115.0,0.039908119549130434,1.038244358247076,1.0189427649515335,1.0197239902311919,3.2769706,3.237062480450869,52.0,13.0,14.0,0.3258088104552174,2.2300297342232196,1.4933284080279259,1.52845710283065,2.9880373,3.3138461104552173,15.0,3.75,14.0,9.777291803695652,8.219703155694509,2.8670024687283595,10.188971399032814,17.377874,7.600582196304346,28.0,7.0,16.0,9.940120197719684,8.385166756640363,2.8957152409448623,10.353316198289086,17.425033998435914,7.48491380071623,26.0,6.5,16.0,115.0,2.0,3.1478081438827346,0.25,120.0,0.8340682175324182,8.0,0.5167701863354036,0.05397654902459732,0.10444981241538667,1.9350961538461542
20261008_195431_052,212,424.0,428.0,48786,49246,460,unknown,4.0,2.0,0.5,115.0,0.14911966516521738,0.8436304452528101,0.9184935738767093,0.9305198116062853,3.028117,2.8789973348347826,41.0,10.25,18.0,0.3005801377595652,2.1143650355976042,1.4540856355791443,1.4848277525737332,2.9270203,3.2024759377595653,18.0,4.5,14.0,9.96624675826087,10.069535524099505,3.1732531452910444,10.459235630324272,17.377874,7.411627241739129,20.0,5.0,14.0,10.119982533198092,10.052144073015272,3.170511642151038,10.605007805053694,17.425033998435914,7.305051465237822,22.0,5.5,14.0,115.0,1.75,3.911714618730305,0.25,105.0,0.7852270964147542,6.0,0.542608695652174,0.03234969606563178,0.059618830890186776,1.8429487179487178
20261008_195431_052,213,426.0,430.0,49016,49476,460,unknown,4.0,2.0,0.5,115.0,0.23608836519673915,1.1254377096793617,1.0608664900350853,1.0868189480592574,2.8295128,2.9076748651967392,33.0,8.25,18.0,0.030903824682608695,2.760261483962848,1.6614034681445828,1.6616908648550912,4.158128,4.189031824682608,16.0,4.0,14.0,9.795404427173914,11.604936524223865,3.4066019028092884,10.370867100494642,17.064415,7.269010572826087,18.0,4.5,14.0,10.010950750034791,11.278141452703506,3.3582944261490097,10.559227072675617,17.084009831863753,7.108263492355346,18.0,4.5,14.0,115.0,1.75,4.002225612546952,0.25,105.0,0.8021372080040162,7.0,0.563768115942029,0.031117261671860717,0.055195142811269644,1.7737789203084833
20261008_195431_052,214,428.0,432.0,49246,49706,460,unknown,4.0,2.0,0.5,115.0,0.2522711313402174,1.5633449644870077,1.250337940113395,1.2755334916005463,4.578666,4.326394868659783,33.0,8.25,14.0,-0.040568745679130436,3.0818473058133655,1.755519098675194,1.7559877929357433,4.158128,4.117559254320869,15.0,3.75,14.0,9.843625011086957,11.002572967913077,3.317012657183128,10.387469678743221,17.219948,7.376322988913042,17.0,4.25,14.0,10.08788906460084,10.84449936425057,3.2930987480260243,10.61178614296122,17.410827818194683,7.322938753593842,15.0,3.75,14.0,115.0,1.75,4.1919900708582665,0.25,105.0,0.8023499743324555,6.0,0.5617391304347825,0.013014460475735457,0.023168157193646715,1.7801857585139322
20261008_195431_052,215,430.0,434.0,49476,49937,461,unknown,4.0,2.0,0.5,115.25,0.08276519368503252,1.3160906698766053,1.147209950216875,1.1501916132376928,4.578666,4.4959008063149675,45.0,11.25,12.0,0.29932731763470716,1.9389734313237181,1.3924702622762606,1.4242788611806703,3.9343987,3.9693190176347075,19.0,4.75,14.0,9.939040421908896,8.377923301913746,2.894464251275829,10.35192966602134,17.219948,7.280907578091103,21.0,5.25,16.0,10.10106594686679,8.482425568869267,2.912460397819903,10.512561953768506,17.410827818194683,7.309761871327893,19.0,4.75,16.0,115.25,2.0,3.228663824202183,0.25,120.0,0.8217939688089858,8.0,0.5206073752711498,0.024541667025997305,0.04714045207910315,1.920833333333333
20261008_195431_052,216,432.0,436.0,49706,50167,461,unknown,4.0,2.0,0.5,115.25,-0.007840255891973963,1.0357634570302383,1.0177246469601875,1.0177548460423511,4.537988,4.5458282558919745,48.0,12.0,10.0,0.32013086010629066,1.190422361922598,1.0910647835589773,1.137060301617725,3.3840494,3.0639185398937094,21.0,5.25,16.0,9.730143355965293,6.993161006061157,2.644458546860048,10.083097278797656,16.688742,6.9585986440347085,25.0,6.25,16.0,9.845827913615343,7.057254485327305,2.656549356840054,10.197920463989428,16.793877684190207,6.948049770574864,23.0,5.75,16.0,115.25,2.0,3.124917976584019,0.25,120.0,0.8636371018021449,7.0,0.5278380332610267,0.018349352914605217,0.03476322613821783,1.8945205479452056
20261008_195431_052,217,434.0,438.0,49937,50397,460,unknown,4.0,2.0,0.5,115.0,0.10956006572478261,1.2124429132357244,1.1011098552077918,1.1065470262204598,4.537988,4.428427934275218,48.0,12.0,14.0,0.19487979912826084,1.6767219925165526,1.2948830034086294,1.3094655889426128,3.7322052,3.927084999128261,19.0,4.75,14.0,9.639647267826087,7.822390041453794,2.796853596714314,10.037190318488573,15.559329,5.919681732173913,21.0,5.25,14.0,9.777548714150601,8.083877081834814,2.8432159752355806,10.182550561594226,15.625405970970403,5.847857256819802,21.0,5.25,14.0,115.0,1.75,3.380667235144213,0.25,105.0,0.8931135970400174,8.0,0.5142857142857143,0.06173800566354871,0.12004612212356691,1.9444444444444442
20261008_195431_052,218,436.0,440.0,50167,50627,460,unknown,4.0,2.0,0.5,115.0,0.29412472070891305,1.3942799468636469,1.1807963189575275,1.216876862379979,4.5762734,4.282148679291087,45.0,11.25,20.0,-0.023647331580434784,2.7402096195224668,1.6553578524060792,1.6555267487459517,4.8137608,4.790113468419565,16.0,4.0,14.0,9.922307260434785,10.06562540442045,3.172636979614978,10.41718804548028,17.251055,7.328747739565216,16.0,4.0,14.0,10.12650510108228,10.193259326660906,3.192688416783089,10.617879491165189,17.658704450647736,7.532199349565456,16.0,4.0,14.0,115.0,1.75,3.6768009351810305,0.25,105.0,0.8975549034876603,8.0,0.5304347826086957,0.02180115375749594,0.04110053577232841,1.8852459016393441
20261008_195431_052,219,438.0,442.0,50397,50857,460,unknown,4.0,2.0,0.5,115.0,0.4373351570104348,1.3843783708984976,1.1765960950549248,1.2552451595030507,4.5762734,4.138938242989565,33.0,8.25,18.0,0.02491656511000002,2.9385115842064184,1.7142087341413292,1.7143898096475316,4.8137608,4.83867736511,17.0,4.25,14.0,9.939847667608698,10.354534501583812,3.2178462520113995,10.447732105909388,17.251055,7.311207332391303,21.0,5.25,14.0,10.16098555474381,10.424251543016624,3.2286609520072904,10.661607711162937,17.658704450647736,7.497718895903926,21.0,5.25,14.0,115.0,1.75,3.565234414993849,0.25,105.0,0.8591812440298643,7.0,0.5333333333333333,0.029559533412132088,0.055424125147747666,1.875
20261008_195431_052,220,440.0,444.0,50627,51087,460,unknown,4.0,2.0,0.5,115.0,0.3800062439908695,1.3192920278350737,1.148604382646642,1.2098333659257057,3.6478581,3.3961591439908694,34.0,8.5,14.0,-0.031954580659565225,2.9102473366767043,1.7059447050466507,1.7062439543927572,4.854439,4.822484419340435,16.0,4.0,14.0,9.69364183369565,9.672295558058766,3.1100314400434548,10.18032354878926,16.109678,6.416036166304348,21.0,5.25,14.0,9.899140129889767,10.020977452048143,3.1655927489252536,10.39297612636737,16.3723963542983,6.473256224408532,21.0,5.25,14.0,115.0,1.75,3.6375728609793665,0.25,105.0,0.8620032542033493,7.0,0.5449275362318841,0.040372139933867,0.07408717168714955,1.8351063829787233
20261008_195431_052,221,442.0,446.0,50857,51317,460,unknown,4.0,2.0,0.5,115.0,0.47499610117391305,1.2589482563334053,1.1220286343642953,1.2184291331316006,3.6478581,3.491149001173913,45.0,11.25,10.0,-0.20619368513478262,3.1452797961452226,1.773493669609571,1.7854398987181517,4.854439,4.648245314865218,15.0,3.75,14.0,9.853295156304348,9.03181728293592,3.005298201998584,10.301419451715704,17.145771,7.292475843695652,17.0,4.25,16.0,10.076291602745059,9.259955441034561,3.043017489439481,10.525759255492458,17.33093948440197,7.254647881656911,17.0,4.25,16.0,115.0,1.75,3.414576372550044,0.25,105.0,0.9210098591335427,7.0,0.5362318840579711,0.036778485624491354,0.06858690562405144,1.8648648648648647
20261008_195431_052,222,444.0,448.0,51087,51547,460,unknown,4.0,2.0,0.5,115.0,0.4032530351080435,1.1112838050927218,1.0541744661547832,1.128670375006171,3.0400813,2.6368282648919568,43.0,10.75,16.0,0.07810485124130433,2.6612792114200285,1.6313427633149413,1.6332114312627912,4.1700916,4.248196451241305,15.0,3.75,14.0,9.997317059999999,8.531847180092404,2.9209325873926644,10.415286629673686,17.145771,7.148453940000001,18.0,4.5,14.0,10.190566475549499,8.571826880290134,2.9277682422435922,10.60280491063018,17.33093948440197,7.140373008852471,18.0,4.5,14.0,115.0,2.0,3.436463613869328,0.25,120.0,0.8954835657400576,8.0,0.5279503105590063,0.025759554476183485,0.04879162671371224,1.8941176470588232
20261008_195431_052,223,446.0,450.0,51317,51778,461,unknown,4.0,2.0,0.5,115.25,0.12723743312234276,0.9779022216617688,0.9888893879811679,0.9970414164162547,3.4947174,3.367479966877657,39.0,9.75,16.0,0.4116238900225596,1.9463097365833775,1.3951020523902105,1.4545597146286853,3.315854,3.7274778900225596,15.0,3.75,14.0,9.791209663557485,7.882569736404881,2.807591447558722,10.185791889300818,15.480366,5.689156336442515,25.0,6.25,15.0,9.945022680011807,7.956715855667122,2.8207651188404754,10.337320347247461,15.55329721875513,5.6082745387433235,23.0,5.75,16.0,115.25,1.75,3.3451272120450875,0.25,105.0,0.9240497258570588,8.0,0.51688875116207,0.044932306068526454,0.08692838829924153,1.9346522781774582
20261008_195431_052,224,448.0,452.0,51547,52008,461,unknown,4.0,2.0,0.5,115.25,0.014260912368112805,0.7762937002053473,0.8810753090430734,0.8811907136522253,3.4947174,3.480456487631887,38.0,9.5,12.0,0.45416007438720174,1.3333026611075758,1.1546872568395201,1.2407916965691559,2.6171498,3.0713098743872016,15.0,3.75,16.0,9.642107222993491,6.669984405280637,2.5826312948775008,9.981994595519671,15.377475,5.735367777006509,20.0,5.0,14.0,9.757739364526202,6.7427997070615815,2.5966901445997714,10.097340105844003,15.458992968600375,5.701253604074173,20.0,5.0,14.0,115.25,2.0,2.9861558950049463,0.25,120.0,0.9213333147902485,7.0,0.5278380332610267,0.01966951628161306,0.03726430276365872,1.8945205479452056
20261008_195431_052,225,450.0,454.0,51778,52238,460,unknown,4.0,2.0,0.5,115.0,-0.09055273039413043,0.6934717762397057,0.832749527913229,0.8376583869463362,2.975475,3.06602773039413,35.0,8.75,10.0,0.3267815468502174,1.0535348348231561,1.0264184501572233,1.0771819782121204,3.1555347,3.4823162468502176,16.0,4.0,16.0,9.79176317673913,6.732690283670202,2.5947428164791595,10.129724398670213,16.782063,6.990299823260871,23.0,5.75,16.0,9.882982775799071,6.799960433679994,2.6076733755744783,10.221218566316889,17.12028812177633,7.2373053459772585,23.0,5.75,16.0,115.0,1.75,2.9394429985997337,0.25,105.0,0.8683505471154661,8.0,0.5167701863354037,0.034738214792818786,0.0672217858370652,1.9350961538461537
20261008_195431_052,226,452.0,456.0,52008,52468,460,unknown,4.0,2.0,0.5,115.0,-0.03914345586065219,0.7546431160696334,0.8687019719498934,0.8695834210737623,2.4299114,2.469054855860652,34.0,8.5,8.0,0.24719418542826088,1.1274747447551217,1.061826136782817,1.0902200282808343,3.1555347,3.402728885428261,19.0,4.75,15.0,9.947530736521738,7.48978669325019,2.736747466108298,10.317129176631207,16.782063,6.834532263478263,23.0,5.75,14.0,10.04210666610177,7.544003190200312,2.7466348847635924,10.410951420670733,17.12028812177633,7.07818145567456,23.0,5.75,14.0,115.0,2.0,3.254137179820593,0.25,120.0,0.8822616136549934,8.0,0.5267080745341615,0.01964147615011416,0.03729101014349504,1.8985849056603774
20261008_195431_052,227,454.0,458.0,52238,52698,460,unknown,4.0,2.0,0.5,115.0,0.019792807426521723,0.7967065222443891,0.892584182161206,0.8928036052067736,2.4299114,2.410118592573478,39.0,9.75,8.0,0.3837047170130435,1.114450411061685,1.0556753341163585,1.123245174002428,2.169692,2.5533967170130434,21.0,5.25,14.0,9.824893377173913,7.753339410608483,2.7844818926702475,10.211849454601468,16.648064,6.823170622826089,21.0,5.25,15.0,9.928220102047002,7.771092887144069,2.787668001599916,10.31216016564106,16.743512794928662,6.815292692881661,19.0,4.75,15.0,115.0,2.0,3.211022791023882,0.25,120.0,0.907134203771837,8.0,0.5180124223602485,0.04281661599904121,0.0826555776480292,1.9304556354916067
20261008_195431_052,228,456.0,460.0,52468,52928,460,unknown,4.0,2.0,0.5,115.0,-0.033281040280869575,0.5718415153671165,0.7562020334322809,0.7569340413862315,2.3485553,2.3818363402808695,41.0,10.25,10.0,0.41834862669586953,0.871984806209629,0.9338012669779523,1.0232303649071157,1.9998015,2.4181501266958696,19.0,4.75,14.0,9.687873080652173,7.2545999434409385,2.693436456172846,10.055321216662648,16.657635,6.969761919347826,23.0,5.75,14.0,9.77240840898937,7.229468180857071,2.6887670372974064,10.135552984072612,16.697922055495997,6.9255136465066265,24.0,6.0,14.0,115.0,2.0,2.9128860775839724,0.25,120.0,0.8973324005889108,7.0,0.5333333333333333,0.03942455219923314,0.07392103537356214,1.875
20261008_195431_052,229,458.0,462.0,52698,53158,460,unknown,4.0,2.0,0.5,115.0,-0.014024020030000008,0.46710601343821645,0.6834515443235288,0.6835954114650115,2.1308086,2.14483262003,41.0,10.25,12.0,0.42687435743434776,0.7610613610094175,0.8723883086157319,0.9712276139218885,2.079961,2.426675857434348,19.0,4.75,14.0,9.820154559130435,5.651734141098082,2.3773376161366064,10.10381956026078,16.657635,6.837480440869564,21.0,5.25,16.0,9.893603739263561,5.614360521358836,2.3694641844431485,10.173384661504192,16.697922055495997,6.804318316232436,23.0,5.75,16.0,115.0,1.75,2.6429217684814987,0.25,105.0,0.8166061022572596,7.0,0.5391304347826088,0.030948052904438566,0.05740364651629733,1.854838709677419
20261008_195431_052,230,460.0,464.0,52928,53389,461,unknown,4.0,2.0,0.5,115.25,-0.08141046887331886,0.5105174515452354,0.7145050395520213,0.7191280247545697,2.003989,2.0853994688733186,36.0,9.0,10.0,0.5163786533286334,0.6895516661694601,0.8303924771874202,0.9778540687561478,2.079961,2.3223616533286333,21.0,5.25,14.0,9.927860085683298,5.4652239823352815,2.337781850886708,10.199393602721626,16.325033,6.3971729143167035,28.0,7.0,14.0,10.00570080489539,5.386924961924932,2.320975002434307,10.271366684088793,16.35005180478971,6.344350999894321,27.0,6.75,14.0,115.25,1.75,2.663528383238727,0.25,105.0,0.9004339515921991,7.0,0.5437454808387563,0.017110859820967793,0.031468509484572416,1.8390957446808511
20261008_195431_052,231,462.0,466.0,53158,53619,461,unknown,4.0,2.0,0.5,115.25,-0.12171992827787419,0.7262560876581403,0.8522065991636889,0.8608552889993248,2.3581266,2.475060928277874,30.0,7.5,8.0,0.537213340056833,0.6670250051049866,0.8167159880307148,0.9775598078071772,2.0105693,2.221162340056833,23.0,5.75,16.0,9.73824057613883,6.179370034029578,2.48583387096354,10.05050742762704,16.325033,6.586792423861171,19.0,4.75,15.0,9.828665084809199,6.106737209877001,2.4711813389302293,10.134564349750038,16.35005180478971,6.521386719980512,21.0,5.25,15.0,115.25,1.75,2.936855424153107,0.25,105.0,0.8684461903908971,8.0,0.5206073752711496,0.04842150600464731,0.09300964278392672,1.9208333333333334
20261008_195431_052,232,464.0,468.0,53389,53849,460,unknown,4.0,2.0,0.5,115.0,-0.12380776501586958,0.9006852155476271,0.9490443696411813,0.9570859826712812,2.3581266,2.4771487650158694,32.0,8.0,8.0,0.27534626591956524,0.7643274142546792,0.8742582079996042,0.9165931378809941,1.9148563,2.0693649659195654,21.0,5.25,16.0,9.652100381086957,6.153320378884116,2.480588716188985,9.96575948663538,15.516258,5.864157618913044,23.0,5.75,14.0,9.744535895588488,6.116538883686892,2.473163739764695,10.053482914099941,15.518059350528892,5.773523454940404,22.0,5.5,14.0,115.0,2.0,2.722924539914063,0.25,120.0,0.8488793195896477,7.0,0.5376811594202898,0.048001435251244035,0.08927490653196331,1.8598382749326148
20261008_195431_052,233,466.0,470.0,53619,54079,460,unknown,4.0,2.0,0.5,115.0,-0.1284321550854348,0.8904255328887204,0.9436236182338382,0.9523236589251627,3.071188,3.1996201550854346,40.0,10.0,12.0,-0.03258920242826087,0.863591787105685,0.9292963935718705,0.9298676482277438,2.519044,2.486454797571739,19.0,4.75,14.0,9.88627967565217,6.239885531121079,2.497976287141469,10.19698050191008,15.516258,5.62997832434783,25.0,6.25,14.0,9.975700401020456,6.235387059983826,2.4970757016926473,10.283481198062432,15.545798558695164,5.570098157674709,25.0,6.25,14.0,115.0,2.0,2.797797681681971,0.25,120.0,0.8120634781897642,8.0,0.5229813664596273,0.0398291168742395,0.07615781255050545,1.9121140142517814
20261008_195431_052,234,468.0,472.0,53849,54309,460,unknown,4.0,2.0,0.5,115.0,-0.12656991477086957,0.9709933583812049,0.9853899524458349,0.9934854310488453,3.674179,3.8007489147708697,38.0,9.5,10.0,-0.011839268468695647,1.258826862088969,1.1219745371838743,1.122037000444657,2.99043,2.9785907315313045,19.0,4.75,16.0,9.973576105652175,7.262006038225984,2.6948109466576655,10.33122579239569,16.045073,6.071496894347824,19.0,4.75,14.0,10.080793435144317,7.3578104234863115,2.712528418926945,10.439358538987685,16.241448078853534,6.160654643709217,19.0,4.75,14.0,115.0,1.75,3.2363626205702025,0.25,105.0,0.9046284092062503,8.0,0.5329192546583851,0.03824796103935566,0.07177064950275364,1.8764568764568765
20261008_195431_052,235,470.0,474.0,54079,54539,460,unknown,4.0,2.0,0.5,115.0,-0.1332021942828261,0.8721310419324496,0.9338795650042084,0.9433312602125561,3.674179,3.807381194282826,41.0,10.25,12.0,0.05866577128043479,1.3868643571260795,1.1776520526565049,1.1791123906761425,2.99043,3.0490957712804345,17.0,4.25,14.0,9.75642224826087,7.551530005026176,2.7480047316236877,10.136039911690652,16.045073,6.288650751739128,19.0,4.75,14.0,9.866407764047523,7.673482821268839,2.7701052003974214,10.247901491901944,16.241448078853534,6.375040314806011,19.0,4.75,14.0,115.0,2.0,3.0495464752582913,0.25,120.0,0.832805888890164,7.0,0.5318840579710145,0.037373324516601795,0.07026592347807968,1.8801089918256133
20261008_195431_052,236,472.0,476.0,54309,54769,460,unknown,4.0,2.0,0.5,115.0,-0.13019035720391303,0.6868262284908074,0.8287497984861338,0.8389134386810655,2.7266214,2.856811757203913,42.0,10.5,10.0,0.1824735347173913,1.2589281173496825,1.1220196599657613,1.1367606204570695,3.5431721,3.725645634717391,19.0,4.75,14.0,9.675815298695653,6.819792308862341,2.6114732066139106,10.022035422175236,15.611971,5.936155701304347,19.0,4.75,14.0,9.775347761889988,6.879770603269248,2.622931681014442,10.121126146292061,15.729817241683504,5.9544694797935165,19.0,4.75,14.0,115.0,2.0,2.6649458156206687,0.25,120.0,0.7668568282100392,7.0,0.5376811594202898,0.04773817128116117,0.08878527812399248,1.8598382749326148
20261008_195431_052,237,474.0,478.0,54539,54999,460,unknown,4.0,2.0,0.5,115.0,0.0418171793602174,0.9167918549633177,0.9574924829800585,0.9584052021211917,2.382055,2.3402378206397825,31.0,7.75,8.0,0.12764668533913043,1.4033999733394624,1.184651836338197,1.1915089800826215,3.5431721,3.6708187853391303,17.0,4.25,14.0,9.898945991956522,7.3708440325948,2.7149298393503285,10.264500756698636,17.660227,7.761281008043477,27.0,6.75,16.0,10.012888367404633,7.440276507230383,2.727687025160765,10.3777748079893,17.831811953181223,7.81892358577659,27.0,6.75,16.0,115.0,1.75,3.139831396026027,0.25,105.0,0.8884988159733338,8.0,0.5204968944099378,0.04245467699536661,0.08156566821305519,1.921241050119332
20261008_195431_052,238,476.0,480.0,54769,55230,461,unknown,4.0,2.0,0.5,115.25,0.16434435696420827,1.0896409197389363,1.043858668469509,1.0567166069504705,3.3224342,3.1580898430357918,30.0,7.5,10.0,-0.035512134420824286,1.4021493803782359,1.1841238872593678,1.1846562759169255,2.8827531,2.8472409655791755,15.0,3.75,16.0,9.980450254229934,7.747676595979878,2.7834648544538654,10.361325391721769,17.660227,7.679776745770065,22.0,5.5,16.0,10.100949139750956,7.847950828776965,2.8014194310700717,10.482228978257082,17.831811953181223,7.730862813430267,22.0,5.5,16.0,115.25,2.0,3.1445694120733076,0.25,120.0,0.8867925751950719,8.0,0.5181282925317633,0.03872451032367725,0.07473923134838904,1.9300239234449759
20261008_195431_052,239,478.0,482.0,54999,55460,461,unknown,4.0,2.0,0.5,115.25,0.0885474150364425,1.1561831548250203,1.0752595755560703,1.0788993463408236,3.60718,3.5186325849635574,28.0,7.0,10.0,0.05154820152950109,1.1787803891054995,1.085716532574456,1.0869395595829723,2.8779674,2.929515601529501,18.0,4.5,16.0,9.769757319956618,8.221571762528935,2.8673283318324283,10.181833324768915,16.482958,6.713200680043382,19.0,4.75,16.0,9.881337748840233,8.37435555244094,2.8938478799758878,10.296367867315926,16.5596238112019,6.678286062361666,19.0,4.75,16.0,115.25,1.75,3.166333193577091,0.25,105.0,0.8927033258799081,8.0,0.51688875116207,0.05882273575558561,0.11380153973817432,1.9346522781774582
20261008_195431_052,240,480.0,484.0,55230,55690,460,unknown,4.0,2.0,0.5,115.0,0.04795008460369563,1.0538523021898945,1.0265730866284652,1.0276923239975064,3.60718,3.5592299153963043,35.0,8.75,10.0,0.17048861533934784,1.2417898931455165,1.1143562685001223,1.1273226073781386,2.5357938,2.7062824153393477,21.0,5.25,16.0,9.670691559347826,8.63761732422559,2.9389823620133533,10.107417699900745,17.140985,7.470293440652174,14.0,3.5,14.0,9.783178327856568,8.776322139533656,2.9624858041066893,10.221883404450283,17.297923344651352,7.514745016794784,14.0,3.5,14.0,115.0,1.75,3.3751151922545213,0.25,105.0,0.8651253279849979,7.0,0.5362318840579711,0.030812016848506214,0.05746024763640348,1.8648648648648647
20261008_195431_052,241,482.0,486.0,55460,55920,460,unknown,4.0,2.0,0.5,115.0,-0.16557292358065218,0.8337824293640103,0.9131168760700956,0.928006908587999,2.5328028,2.698375723580652,35.0,8.75,10.0,0.583396170926087,1.1147355599379407,1.0558103806735093,1.2062697261347317,2.5357938,3.119189970926087,19.0,4.75,16.0,9.833975683913044,6.872651797592943,2.621574297553465,10.17741271391634,17.140985,7.3070093160869565,17.0,4.25,14.0,9.95305071741446,6.832794440537683,2.613961445878206,10.290578847857013,17.297923344651352,7.344872627236892,15.0,3.75,14.0,115.0,1.75,3.0078923687296535,0.25,105.0,0.8799312991857936,8.0,0.5267080745341615,0.025819390920281377,0.049020305874590824,1.8985849056603774
20261008_195431_052,242,484.0,488.0,55690,56150,460,unknown,4.0,2.0,0.5,115.0,-0.10915952893413042,0.9720543270681485,0.985928155124981,0.9919526852754973,3.5976088,3.7067683289341304,34.0,8.5,12.0,0.8859321803043478,0.7951236856590319,0.8916970817822788,1.2569803155808952,2.175674,2.4215261803043475,21.0,5.25,14.0,9.846116648260868,6.839551545138812,2.6152536292181705,10.187520041516416,16.150356,6.304239351739131,23.0,5.75,14.0,9.976370388099028,6.8215681193426425,2.611813186149163,10.312591053652898,16.196298349431743,6.219927961332715,19.0,4.75,14.0,115.0,1.75,2.843606062690608,0.25,105.0,0.8575568624658967,7.0,0.5304347826086956,0.01810144347361852,0.034125672122395576,1.8852459016393446
20261008_195431_052,243,486.0,490.0,55920,56380,460,unknown,4.0,2.0,0.5,115.0,0.11155755303978261,1.0101460244651148,1.0050602093731076,1.0112324718408419,4.21735,4.105792446960217,44.0,11.0,12.0,0.43689820127260875,1.686724868127427,1.298739723011284,1.3702572409597653,3.086143,3.5230412012726084,18.0,4.5,14.0,9.670733168478261,8.526672980452808,2.920046742854095,10.101967778426062,16.150356,6.479622831521738,22.0,5.5,14.0,9.812552148912658,8.663769339735968,2.9434281611304813,10.24450823684897,16.196298349431743,6.383746200519084,22.0,5.5,14.0,115.0,1.75,3.584760777525926,0.25,105.0,0.8839308692804967,7.0,0.5376811594202898,0.021545027170026786,0.04007026616527893,1.8598382749326148
20261008_195431_052,244,488.0,492.0,56150,56610,460,unknown,4.0,2.0,0.5,115.0,0.08813390127717391,0.9785052721505154,0.9891942540019707,0.9931127109773844,4.21735,4.129216098722826,41.0,10.25,18.0,0.004863670793043484,2.2631536880043215,1.5043781732012471,1.5043860353306606,3.4331024,3.4379660707930437,14.0,3.5,14.0,9.868427123695652,10.134469230131364,3.1834681135722662,10.369200698502436,17.385054,7.516626876304349,19.0,4.75,15.0,10.025208694155339,10.264963964458342,3.2038982450225135,10.524722007056821,17.5137509218232,7.48854222766786,19.0,4.75,15.0,115.0,2.0,3.9165372685361026,0.25,120.0,0.9101457530015082,7.0,0.5362318840579711,0.03317542939785389,0.06186769266086265,1.8648648648648647
20261008_195431_052,245,490.0,494.0,56380,56841,461,unknown,4.0,2.0,0.5,115.25,0.013539432492624716,0.967576254077189,0.9836545400074098,0.9837477168001008,3.5976088,3.5840693675073756,38.0,9.5,16.0,0.03310633583817787,1.9883185961919716,1.4100775142494726,1.4104661022742098,3.4331024,3.466208735838178,14.0,3.5,14.0,9.943052645119305,9.78914963429715,3.1287616774527827,10.423696347165489,17.385054,7.442001354880695,15.0,3.75,14.0,10.087693285350428,9.84906391458107,3.1383218309442182,10.564592738666512,17.5137509218232,7.4260576364727715,17.0,4.25,14.0,115.25,1.75,3.7699031120780884,0.25,105.0,0.8986924721753666,7.0,0.5509761388286333,0.057500781929345025,0.10436165539144907,1.8149606299212602
20261008_195431_052,246,492.0,496.0,56610,57071,461,unknown,4.0,2.0,0.5,115.25,0.053501126679175705,0.8339296948622722,0.9131975114192287,0.9147633931341009,2.7433712,2.689870073320824,40.0,10.0,12.0,0.02277204278177875,1.4282881365973779,1.195110093923308,1.195327027440538,2.992823,3.015595042781779,15.0,3.75,14.0,9.665256862255966,7.666106323206359,2.7687734329855087,10.05401892461877,14.989838,5.4526923622559655,20.0,5.0,14.0,9.782544330523992,7.650721725873304,2.76599380438086,10.166065871542465,15.07470839597744,5.546970510247076,20.0,5.0,14.0,115.25,1.75,3.3811677764142423,0.25,105.0,0.8381223660111592,7.0,0.5538684020245843,0.042923563498643034,0.07749776542901216,1.8054830287206263
20261008_195431_052,247,494.0,498.0,56841,57301,460,unknown,4.0,2.0,0.5,115.0,0.16921417627195648,0.8129746126950085,0.9016510481860532,0.9173919828221767,3.1190443,2.9498301237280438,34.0,8.5,14.0,-0.1060124458076087,1.400025259416192,1.1832266306233103,1.187966286593312,2.8803604,2.774347954192391,17.0,4.25,14.0,9.886217225869567,7.536874548200764,2.745336873354664,10.26031995530748,15.123836,5.673652725869567,17.0,4.25,14.0,9.99886520763719,7.549732093012072,2.7476775817064256,10.369524460336143,15.23863358178539,5.763291387360273,17.0,4.25,14.0,115.0,1.75,3.549601702369525,0.25,105.0,0.92165973587828,6.0,0.5460869565217392,0.04711727716224022,0.08628163811556727,1.8312101910828023
20261008_195431_052,248,496.0,500.0,57071,57531,460,unknown,4.0,2.0,0.5,115.0,0.05262649359304347,0.7380779015102185,0.8591146032458176,0.8607249556845189,3.4325042,3.3798777064069565,31.0,7.75,12.0,0.21623834110891302,1.1249768188568272,1.0606492440278394,1.0824674771199188,2.8803604,3.0965987411089126,17.0,4.25,14.0,9.915492885869567,7.143833736659907,2.6727951168505055,10.26941249080929,15.123836,5.208343114130434,17.0,4.25,14.0,10.011660458122215,7.140071066022471,2.6720911410396297,10.3621144654337,15.23863358178539,5.226973123663175,17.0,4.25,14.0,115.0,1.75,3.163917057084137,0.25,105.0,0.9045691898702111,7.0,0.5463768115942029,0.029877576997229417,0.054683098482992826,1.8302387267904507
20261008_195431_052,249,498.0,502.0,57301,57761,460,unknown,4.0,2.0,0.5,115.0,-0.05958128413478261,0.5950629570443889,0.771403238938228,0.7737007732085698,3.4325042,3.4920854841347824,37.0,9.25,8.0,0.39053466550434784,0.6611319087832669,0.8131001837309267,0.9020250737888941,1.9387846,2.203696065504348,17.0,4.25,14.0,9.647684037826085,6.672318039124178,2.583083049211577,9.987498452207562,15.834504,6.1868199621739155,18.0,4.5,14.0,9.723967127874428,6.6068507490734225,2.570379495147248,10.05795145410117,15.864980187359555,6.141013059485127,18.0,4.5,14.0,115.0,2.0,2.941040795107992,0.25,120.0,0.9294453071179422,7.0,0.5289855072463768,0.022122228293440193,0.0418201028012979,1.8904109589041096
20261008_195431_052,250,500.0,504.0,57531,57991,460,unknown,4.0,2.0,0.5,115.0,0.04032426142173914,0.9259911708245682,0.9622843502959861,0.9631288682641471,3.6574295,3.617105238578261,40.0,10.0,10.0,0.07459884723065219,1.0614853241281585,1.0302840987456607,1.032981273855582,2.3515465,2.4261453472306522,17.0,4.25,14.0,9.812284238478261,8.525866636110752,2.9199086691386005,10.237518674600777,17.952152,8.13986776152174,25.0,6.25,16.0,9.913174424289643,8.530428975429462,2.9206898115735367,10.33447899711542,17.96949040632154,8.056315982031897,23.0,5.75,16.0,115.0,2.0,3.3336057739171565,0.25,120.0,0.8834459072867297,7.0,0.5260869565217391,0.0503922859440977,0.0957869898110948,1.9008264462809918
20261008_195431_052,251,502.0,506.0,57761,58221,460,unknown,4.0,2.0,0.5,115.0,0.16111499012108696,1.1469661718089075,1.0709650656342191,1.0830162565033938,3.6574295,3.4963145098789132,36.0,9.0,10.0,-0.056340570148913055,1.6031193775938934,1.2661435059241481,1.2673964010674001,2.9880373,2.9316967298510868,19.0,4.75,14.0,9.944924645869566,10.003770727513096,3.16287380834473,10.435770069311463,17.952152,8.007227354130436,24.0,6.0,16.0,10.092536404774567,9.825223707126309,3.134521288351111,10.568089457836086,17.96949040632154,7.876954001546974,22.0,5.5,16.0,115.0,1.75,3.2824531908524386,0.25,105.0,0.8680448011404903,8.0,0.5217391304347826,0.04506424135954547,0.08637312927246214,1.9166666666666667
20261008_195431_052,252,504.0,508.0,57991,58452,461,unknown,4.0,2.0,0.5,115.25,0.08008170050520609,1.0814315059522361,1.0399189900911687,1.0429978833669997,3.1166515,3.110591700505206,38.0,9.5,9.0,0.2815550290537961,1.8519715693695997,1.3608716211934173,1.389692341403335,3.464209,3.745764029053796,18.0,4.5,14.0,9.785832313232103,9.793707385152189,3.1294899560714664,10.274055744828805,15.798612,6.762500913232103,21.0,5.25,16.0,9.948766930063464,9.597347407588492,3.09795858713258,10.419947736736155,15.798988054182793,6.329400126334434,19.0,4.75,16.0,115.25,1.75,3.870776599219964,0.25,105.0,0.7907661980933177,8.0,0.5230864580105361,0.05322816375229969,0.10175786992219851,1.9117298578199051
20261008_195431_052,253,506.0,510.0,58221,58682,461,unknown,4.0,2.0,0.5,115.25,-0.11480098704273317,0.8501264042998067,0.9220229955374252,0.9291424384483751,3.1166515,3.2314524870427332,33.0,8.25,10.0,0.862029926521475,1.2036969750704085,1.0971312478780324,1.3952750873175612,3.464209,4.326238926521475,17.0,4.25,16.0,9.612033421258134,8.048881042682996,2.837054994652553,10.021979222392469,15.590436,5.978402578741866,21.0,5.25,16.0,9.763483216049123,7.924561264208232,2.8150597265792126,10.161208873666617,15.605162652795794,5.841679436746672,21.0,5.25,16.0,115.25,2.0,3.0588257058161745,0.25,120.0,0.9240030953816212,7.0,0.5336225596529284,0.027323851956169466,0.05120445427558588,1.8739837398373986
20261008_195431_052,254,508.0,512.0,58452,58912,460,unknown,4.0,2.0,0.5,115.0,-0.018643209062173923,0.9915913111844898,0.9957867799807797,0.995961284603285,3.2267213,3.2453645090621737,31.0,7.75,10.0,0.9594646601370869,0.8835386501487609,0.9399673665339456,1.343172023309277,3.391228,2.822875260137087,22.0,5.5,16.0,9.757681020869565,6.98444531640855,2.6428101173577625,10.109242514721203,16.370497,6.612815979130435,19.0,4.75,16.0,9.904034968416736,6.902925530454535,2.627341913503938,10.246601104077197,16.411891588125783,6.507856619709047,17.0,4.25,16.0,115.0,2.0,3.1365433606823285,0.25,120.0,0.8856382112350367,8.0,0.5180124223602485,0.04179528904661048,0.08068395127702982,1.9304556354916067
20261008_195431_052,255,510.0,514.0,58682,59142,460,unknown,4.0,2.0,0.5,115.0,0.061932492503478265,1.0057214725483725,1.0028566560323426,1.0047671900376056,3.2267213,3.164788807496522,24.0,6.0,14.0,0.7876183819753478,0.982026202609723,0.9909723520914814,1.2658471148741415,3.391228,2.651028981975348,19.0,4.75,16.0,9.920320128913044,7.161317586024839,2.6760638232345726,10.274924284204829,17.341982,7.4216618710869575,17.0,4.25,14.0,10.05030525114415,7.177359429377715,2.6790594299824173,10.401249687924688,17.34998563676045,7.2996803856163,19.0,4.75,14.0,115.0,1.75,2.866606584511677,0.25,105.0,0.8697371690671516,7.0,0.5333333333333333,0.029559533412132067,0.055424125147747624,1.875
20261008_195431_052,256,512.0,516.0,58912,59372,460,unknown,4.0,2.0,0.5,115.0,-0.07616978672760867,0.6620625140001364,0.8136722399099876,0.8172296803287713,2.5375884,2.6137581867276087,37.0,9.25,10.0,0.7901984693534784,0.7755694188727056,0.8806641918874104,1.183208789623068,2.4699912,2.2611861693534783,23.0,5.75,16.0,9.817688862391305,5.984865136520101,2.446398401021408,10.117898978307817,17.341982,7.524293137608696,21.0,5.25,16.0,9.926486671191217,5.904589492157028,2.4299361086573916,10.219575682262642,17.34998563676045,7.423498965569234,19.0,4.75,16.0,115.0,2.0,2.819824586282682,0.25,120.0,0.8894863717346347,8.0,0.5167701863354037,0.033471288410701815,0.06477016146782442,1.9350961538461537
20261008_195431_052,257,514.0,518.0,59142,59602,460,unknown,4.0,2.0,0.5,115.0,-0.11967234393326087,0.7985086961553075,0.8935931379298453,0.9015709434413846,2.5543382,2.657260743933261,34.0,8.5,12.0,0.745249812067826,0.758019106738848,0.870642927231852,1.1460437989562082,2.1637099,2.551232812067826,21.0,5.25,14.0,9.711197871304348,5.466016470181253,2.337951340422048,9.988662601460083,16.344175,6.632977128695652,19.0,4.75,14.0,9.822666790219165,5.414844249316682,2.3269817896401084,10.094534517301485,16.34833004392057,6.5256632537014045,19.0,4.75,14.0,115.0,2.0,2.6597442921600467,0.25,120.0,0.8429589394101583,7.0,0.5231884057971015,0.024294282049623483,0.046435054333075355,1.9113573407202216
20261008_195431_052,258,516.0,520.0,59372,59832,460,unknown,4.0,2.0,0.5,115.0,-0.025816476086956523,0.9011122404704943,0.9492693192505983,0.9496203088119181,2.9132617,2.9390781760869564,32.0,8.0,8.0,0.7430494556944782,0.9617813799661847,0.9807045324490882,1.2304080110166893,2.5561328,2.549032455694478,17.0,4.25,14.0,9.786665423695654,5.408954924647983,2.325716002578127,10.059213440424056,15.686149,5.8994835763043465,23.0,5.75,15.0,9.910141836600834,5.392546422943922,2.322185699496042,10.178578370503914,15.701806193146325,5.791664356545491,19.0,4.75,16.0,115.0,1.75,2.4012128661999896,0.25,105.0,0.7577600289200453,7.0,0.5405797101449274,0.03804175289393242,0.07037214342309216,1.8498659517426277
20261008_195431_052,259,518.0,522.0,59602,60062,460,unknown,4.0,2.0,0.5,115.0,-0.10529459910978262,0.8393801941522064,0.9161769447831606,0.9222077568280893,2.9132617,3.0185562991097825,29.0,7.25,12.0,0.8910923546449132,1.030138405836128,1.0149573418800064,1.3506235561187077,2.5669005,3.457992854644913,17.0,4.25,16.0,9.856931201304349,6.197359588754168,2.4894496557982784,10.166437542030215,16.794025,6.937093798695653,20.0,5.0,14.0,9.994933562565462,6.132406513000479,2.4763696236629293,10.297140546438024,16.975150225582567,6.980216663017105,20.0,5.0,14.0,115.0,1.75,2.7709698999035046,0.25,105.0,0.8337976417747228,7.0,0.5434782608695653,0.02828872651585963,0.05205125678918171,1.8399999999999996
20261008_195431_052,260,520.0,524.0,59832,60293,461,unknown,4.0,2.0,0.5,115.25,-0.12961468659175707,1.1198401834807106,1.0582250155239719,1.066133270497169,3.5880375,3.717652186591757,32.0,8.0,14.0,0.6207233714911063,1.5209629898353791,1.2332732827055726,1.3806739273813586,3.842275,4.462998371491106,14.0,3.5,14.0,9.770779854446854,8.238836578319104,2.870337363154217,10.183662187169388,16.794025,8.386531954446854,19.0,4.75,16.0,9.93039264745738,8.137178053919687,2.852573934873501,10.331983168133561,16.975150225582567,7.097187996170465,19.0,4.75,16.0,115.25,2.0,3.2855233113294418,0.25,120.0,0.916640662719961,8.0,0.5206073752711496,0.04819887721158618,0.09258200997725513,1.9208333333333334
20261008_195431_052,261,522.0,526.0,60062,60523,461,unknown,4.0,2.0,0.5,115.25,0.007601494250542299,1.2641877673808148,1.1243610484985749,1.1243867440056627,3.5880375,3.5804360057494575,32.0,8.0,10.0,0.22458924618438178,1.926422175244603,1.3879561143078707,1.4060094255538516,3.842275,4.066864246184382,15.0,3.75,16.0,9.68891003275488,7.526718969546166,2.7434866446815747,10.069840941760914,15.1453705,8.30466213275488,23.0,5.75,14.0,9.85278570612147,7.565418476454714,2.750530580897932,10.22950656909737,15.676031930739803,7.019581054834555,21.0,5.25,14.0,115.25,1.75,3.1446858983408355,0.25,105.0,0.8188642936819188,7.0,0.5350686912509038,0.047436643432702034,0.08865524036138772,1.8689189189189188
20261008_195431_052,262,524.0,528.0,60293,60753,460,unknown,4.0,2.0,0.5,115.0,0.017576843546086966,0.8789330064001765,0.9375142699714903,0.9376790238824904,2.8677979,2.8853747435460866,39.0,9.75,8.0,0.14274227639969564,1.6789861950632474,1.2957569969184992,1.303595624622534,2.905485,2.9991742763996956,17.0,4.25,14.0,9.862289049782609,6.989175883484364,2.6437049539395208,10.21048094777843,16.121643,6.25935395021739,25.0,6.25,16.0,9.994935358244074,6.9337918738329964,2.6332094246058357,10.335982037973487,16.165673721472125,6.17073836322805,23.0,5.75,16.0,115.0,1.75,2.8190060589482466,0.25,105.0,0.7833935296795332,8.0,0.5254658385093168,0.05821304106265831,0.11078368334619369,1.9030732860520092
20261008_195431_052,263,526.0,530.0,60523,60983,460,unknown,4.0,2.0,0.5,115.0,0.050535372721086956,0.6672845256785773,0.8168748531314802,0.8184365275173368,2.906083,2.8555476272789133,45.0,11.25,14.0,0.37179262144839126,1.2572611579356796,1.121276575130186,1.1813089821461389,2.905485,2.835801621448391,16.0,4.0,14.0,9.900787492608695,7.984674786249023,2.8257166854178823,10.296128775420682,16.504494,6.603706507391307,21.0,5.25,14.0,10.01378554665522,7.799696046518607,2.7927935918213875,10.39594137252224,16.52307476019096,6.509289213535739,21.0,5.25,14.0,115.0,1.75,2.9873499372130303,0.25,105.0,0.8658661023265959,6.0,0.5339130434782609,0.06681520943408191,0.12514249323972995,1.8729641693811077
20261008_195431_052,264,528.0,532.0,60753,61213,460,unknown,4.0,2.0,0.5,115.0,0.03165288073978261,0.6844606354977621,0.8273213616834526,0.8279266515560959,2.906083,2.8744301192602175,42.0,10.5,16.0,0.46497225291391303,1.2432203472419785,1.1149979135594732,1.2080643787571168,2.2378874,2.615521652913913,17.0,4.25,14.0,9.702058360869566,8.481317473148442,2.912270157995038,10.129721314570675,16.607386,6.9053276391304355,22.0,5.5,14.0,9.816301220603517,8.396366340824096,2.8976484156681424,10.235044503784348,16.67096230142661,6.854661080823092,22.0,5.5,14.0,115.0,1.75,3.363074871848934,0.25,105.0,0.844799467966296,7.0,0.5434782608695653,0.06285579258609113,0.11565465835840766,1.8399999999999996
20261008_195431_052,265,530.0,534.0,60983,61443,460,unknown,4.0,2.0,0.5,115.0,0.010772902768913052,0.71463706499395,0.8453620910556316,0.8454307307095115,2.973082,2.9623090972310866,45.0,11.25,18.0,0.3666220423260869,1.5906283503926493,1.261201153818315,1.313407808836235,2.5489542,2.517171442326087,16.0,4.0,14.0,9.870154123478262,8.261493058748618,2.8742813116931716,10.280147639015869,16.607386,6.73723187652174,27.0,6.75,14.0,9.995731158805194,8.206587273594536,2.8647141696152754,10.39813582680586,16.67096230142661,6.675231142621415,27.0,6.75,14.0,115.0,1.75,3.298113042308906,0.25,105.0,0.876866061461406,7.0,0.5434782608695653,0.057406673392285106,0.10562827904180458,1.8399999999999996
20261008_195431_052,266,532.0,536.0,61213,61673,460,unknown,4.0,2.0,0.5,115.0,0.02325719417326088,0.7025406910140587,0.8381770045843889,0.838499605303945,2.973082,2.949824805826739,47.0,11.75,12.0,0.5041261176465217,1.49977446009545,1.224652791649719,1.3243555423634563,2.5489542,2.7025318176465216,19.0,4.75,14.0,9.933501506304346,7.820869008108363,2.7965816648380506,10.319657028402597,16.054644,6.121142493695654,25.0,6.25,14.0,10.059274796834769,7.763310936307585,2.7862718704942604,10.438022819219299,16.145366423208852,6.086091626374083,22.0,5.5,14.0,115.0,1.75,3.3232860786329783,0.25,105.0,0.8412156003891424,8.0,0.5354037267080746,0.04713954276027397,0.08804485364737945,1.8677494199535962
20261008_195431_052,267,534.0,538.0,61443,61904,461,unknown,4.0,2.0,0.5,115.25,0.01985108572451193,0.9423578955068357,0.9707512016509873,0.9709541498501759,3.1980073,3.217858385724512,32.0,8.0,10.0,0.5027120547969631,1.112706009090415,1.054848808640563,1.168514192951288,2.1984057,2.701117754796963,19.0,4.75,14.0,9.669881637093276,7.366024992872418,2.714042187010441,10.043537019808616,15.2985115,5.628629862906724,23.0,5.75,14.0,9.792820365585897,7.281482535872108,2.6984222308364028,10.157795688460466,15.39089828576672,5.598077920180824,21.0,5.25,14.0,115.25,1.75,3.1867352100209225,0.25,105.0,0.865335678588424,7.0,0.5408532176428055,0.04796275907961532,0.088679807228754,1.8489304812834226
20261008_195431_052,268,536.0,540.0,61673,62134,461,unknown,4.0,2.0,0.5,115.25,-0.0577158135327549,1.0209310317879448,1.0104113181214593,1.0120583713006344,3.1980073,3.140291486467245,24.0,6.0,12.0,0.457959523245987,0.9940579310956956,0.99702453886336,1.0971712974861252,2.1589243,2.553474023245987,15.0,3.75,14.0,9.733179822776572,6.977561214744777,2.6415073754855913,10.085254120608452,15.607185,5.874005177223427,21.0,5.25,16.0,9.848906789349478,6.939432734902634,2.634280306820562,10.19511636423032,15.66169237061784,5.812785581268363,21.0,5.25,16.0,115.25,2.0,3.089709622367351,0.25,120.0,0.9033717762928958,8.0,0.5181282925317632,0.05540625135079519,0.10693539061544025,1.9300239234449763
20261008_195431_052,269,538.0,542.0,61904,62364,460,unknown,4.0,2.0,0.5,115.0,-0.2324367093419565,0.7450304302534114,0.8631514526741013,0.8939000246689384,2.5878377,2.3554009906580435,34.0,8.5,10.0,0.4127619058326087,0.936989295798729,0.9679820741102229,1.0523125423111217,2.1589243,2.4915266058326084,15.0,3.75,16.0,9.957975908695651,7.381863983545122,2.716958590693852,10.321974044808877,16.131214,6.1732380913043485,29.0,7.25,14.0,10.05356386824084,7.375420669718808,2.715772573268757,10.413912191031597,16.40506636615181,6.351502497910971,29.0,7.25,14.0,115.0,2.0,2.7611822557395604,0.25,120.0,0.8197530376437946,6.0,0.5269565217391304,0.015161387629706686,0.028771610188387278,1.8976897689768977
20261008_195431_052,270,540.0,544.0,62134,62594,460,unknown,4.0,2.0,0.5,115.0,-0.26110896814499995,0.6693277436582764,0.8181245282096585,0.8587814837920197,2.3365912,2.171777768145,33.0,8.25,8.0,0.5682953760275219,1.0167903173253146,1.008360212089566,1.1574756808415358,3.3649068,2.796611423972478,14.0,3.5,14.0,9.771429411739131,7.229861111917077,2.6888401053088073,10.134628452021198,17.198412,7.42698258826087,27.0,6.75,15.0,9.880040329419334,7.172752538208676,2.678199495595628,10.23659852925576,17.25180123892304,7.371760909503706,27.0,6.75,15.0,115.0,2.0,3.3351306208441986,0.25,120.0,0.8861291224808429,7.0,0.5260869565217391,0.026446793609992227,0.05027076471320837,1.9008264462809918
20261008_195431_052,271,542.0,546.0,62364,62824,460,unknown,4.0,2.0,0.5,115.0,-0.4435304853689131,0.7590663689412416,0.8712441500183755,0.977642910470293,2.7888348,2.345304314631087,21.0,5.25,8.0,1.047182413738739,0.993694423624591,0.9968422260441173,1.4457819445781865,3.3649068,2.6713107137387393,23.0,5.75,16.0,9.557511056739132,6.322134812913501,2.5143855736369276,9.882719889413249,17.198412,7.640900943260869,22.0,5.5,14.0,9.723736938814186,6.163163449005878,2.482571942362573,10.035647637510264,17.25180123892304,7.528064300108854,20.0,5.0,14.0,115.0,1.75,2.803038740678016,0.25,105.0,0.9155918062200268,7.0,0.5405797101449277,0.03869863745744548,0.07158729181136025,1.8498659517426268
20261008_195431_052,272,544.0,548.0,62594,63054,460,unknown,4.0,2.0,0.5,115.0,-0.5057282680908696,0.7358197099245581,0.8577993412940803,0.9957814976543542,2.7888348,2.6102156680908695,24.0,6.0,8.0,1.1772583319961303,0.8368855981697473,0.9148145157187588,1.490913404066131,2.9653056,2.3252149319961304,16.0,4.0,14.0,9.803846921521739,6.2046371914851814,2.4909109160074716,10.115337446280103,15.363118,5.559271078478261,21.0,5.25,14.0,9.975627246264153,6.021316265203555,2.453837049439827,10.272996409111183,15.405645139917771,5.430017893653618,19.0,4.75,14.0,115.0,1.75,2.7787391707535742,0.25,105.0,0.8942967413836206,8.0,0.5267080745341615,0.047595637417808735,0.09036435877673593,1.8985849056603774
20261008_195431_052,273,546.0,550.0,62824,63284,460,unknown,4.0,2.0,0.5,115.0,-0.44392061805717387,0.6755974720619149,0.8219473657491183,0.9341643255863383,2.5040889,2.5484080180571738,26.0,6.5,10.0,1.4195056199727392,0.7991412516835197,0.8939470072009412,1.6775391073884716,3.1686954,2.5674622199727395,19.0,4.75,14.0,9.767517645,6.276803800023222,2.505355024746637,10.08370987015243,15.363118,5.595600355,21.0,5.25,14.0,9.966094807734732,6.044959472668257,2.458649928856944,10.264891874219886,15.405645139917771,5.439550332183039,23.0,5.75,14.0,115.0,1.75,3.042536027439519,0.25,105.0,0.9082461771360836,7.0,0.5376811594202898,0.034570609976453795,0.06429574362197607,1.8598382749326148
20261008_195431_052,274,548.0,552.0,63054,63515,461,unknown,4.0,2.0,0.5,115.25,-0.4673971603199566,0.7140172013274297,0.8449953853882456,0.9656486456276884,2.5040889,2.0717847603199564,19.0,4.75,8.0,1.6162881113284164,0.496411475745673,0.704564742054038,1.7631785883929207,3.1686954,1.9506850713284165,17.0,4.25,16.0,9.483926580477224,5.61519297615629,2.3696398410214767,9.775482410604537,16.593029,7.109102419522777,31.0,7.75,14.0,9.710391712597083,5.309625189334449,2.304262395938112,9.980046713388097,16.77119309027953,7.0608013776824485,25.0,6.25,14.0,115.25,1.75,2.6615694472466362,0.25,105.0,0.865884452351432,7.0,0.5394070860448301,0.010527996947621871,0.019517720882789608,1.8538873994638068
20261008_195431_052,275,550.0,554.0,63284,63745,461,unknown,4.0,2.0,0.5,115.25,-0.4079606893796095,0.7106444409508685,0.8429972959333075,0.936523552843149,2.5615165,2.1535558106203907,19.0,4.75,8.0,1.2503263899914534,0.553497086942709,0.7439738482922025,1.4549272038324699,3.025126,2.0369668599914537,23.0,5.75,16.0,9.685764529501085,5.631996945462921,2.3731828723178756,9.972263106557323,16.593029,6.907264470498916,23.0,5.75,16.0,9.850559627352933,5.406396027850458,2.3251658065287426,10.121260840423293,16.77119309027953,6.920633462926599,21.0,5.25,16.0,115.25,1.75,2.7251525313032094,0.25,105.0,0.8912066387392443,8.0,0.5218469166408429,0.04961263364410165,0.09507124036194538,1.9162707838479809
20261008_195431_052,276,552.0,556.0,63515,63975,460,unknown,4.0,2.0,0.5,115.0,-0.4727281203934782,0.5626340941487528,0.7500893907720284,0.8866261726113794,2.5615165,2.088788379606522,33.0,8.25,10.0,1.3618906142905651,0.599745030945088,0.7744320699358259,1.5666815490832275,3.0346973,2.148531084290565,25.0,6.25,15.0,9.820300181521741,5.762726734426859,2.400568002458347,10.109452131031768,15.841682,6.021381818478259,19.0,4.75,14.0,9.995721807276258,5.527164987361981,2.3509923409832667,10.268476977420756,15.945370066423152,5.949648259146894,19.0,4.75,14.0,115.0,1.75,2.5389042751229,0.25,105.0,0.8648293984065448,7.0,0.5362318840579711,0.019871462609858084,0.0370575924346002,1.8648648648648647
20261008_195431_052,277,554.0,558.0,63745,64205,460,unknown,4.0,2.0,0.5,115.0,-0.6086872645586956,0.5681232351279707,0.7537395008409541,0.9688257950549821,2.5663023,1.9576150354413042,26.0,6.5,12.0,1.6965060519173913,0.5544492598559919,0.7446134969606661,1.8527228729759684,3.3433714,2.0907235719173913,22.0,5.5,16.0,9.598547949999999,5.092442726200769,2.256644129277093,9.860251795702276,15.841682,6.243134050000002,23.0,5.75,16.0,9.838293936196463,4.80374336486212,2.1917443657648854,10.079472751084861,15.945370066423152,6.107076130226689,23.0,5.75,16.0,115.0,2.0,2.349566162806356,0.25,120.0,0.874538657593,8.0,0.520496894409938,0.033655197973028725,0.0646597478956757,1.9212410501193316
20261008_195431_052,278,556.0,560.0,63975,64435,460,unknown,4.0,2.0,0.5,115.0,-0.4001839817797826,0.6665707381053625,0.8164378348076249,0.9092403188258227,2.5663023,2.1661183182202173,29.0,7.25,10.0,1.382650947427174,0.8320195242454699,0.9121510424515612,1.656424814673679,3.3433714,2.2913253474271738,22.0,5.5,16.0,9.571358185217393,5.751306967086517,2.3981882676484174,9.867228814455176,15.908681,6.337322814782606,24.0,6.0,14.0,9.766695810248372,5.5443185509365716,2.3546376687160535,10.046525051024343,15.911030876666294,6.144335066417922,22.0,5.5,14.0,115.0,2.0,2.749822808220518,0.25,120.0,0.8820023017307745,7.0,0.5304347826086957,0.01004087424677609,0.01892951702261066,1.8852459016393441
20261008_195431_052,279,558.0,562.0,64205,64665,460,unknown,4.0,2.0,0.5,115.0,-0.05391653565478262,0.5871707394732365,0.7662706698505669,0.7681651725314353,1.8843478,1.8304312643452174,33.0,8.25,10.0,0.9849430159236956,0.7435075405197317,0.8622688330907778,1.3090532017976186,2.8169506,1.8936174159236956,18.0,4.5,14.0,9.787279211956522,6.227584512761747,2.4955128756954443,10.100416767913986,15.908681,6.121401788043478,25.0,6.25,16.0,9.911908680470448,6.0761832129994575,2.4649915239204083,10.213819897716274,15.911030876666294,5.999122196195845,25.0,6.25,16.0,115.0,1.75,2.8543690480172086,0.25,105.0,0.8476911655218585,7.0,0.5333333333333333,0.037119560796712144,0.06959917649383528,1.875
20261008_195431_052,280,560.0,564.0,64435,64895,460,unknown,4.0,2.0,0.5,115.0,-0.11054840519956521,0.7592916901291373,0.8713734504385231,0.8783579225015874,2.3629124,2.473460805199565,34.0,8.5,10.0,0.9286388608504347,0.7667725114919753,0.8756554753394599,1.2763787233315855,2.7212377,2.4690183608504346,19.0,4.75,14.0,9.878430163913045,5.133421518008394,2.2657055232329717,10.13492989720775,15.049658,5.171227836086956,23.0,5.75,14.0,10.003781863901162,5.04180772619252,2.2453970085916923,10.25268059127516,15.11659611324751,5.112814249346348,22.0,5.5,14.0,115.0,2.0,2.6032652557854696,0.25,120.0,0.9222927448599504,8.0,0.5279503105590063,0.032772437163410974,0.06207485156834312,1.8941176470588232
20261008_195431_052,281,562.0,566.0,64665,65126,461,unknown,4.0,2.0,0.5,115.25,-0.13284318018047722,0.7699045672920262,0.8774420592221609,0.8874411968195353,2.3629124,2.495755580180477,32.0,8.0,10.0,1.1053088813062906,0.6839613527571888,0.8270195600813737,1.3804597335133513,2.5824537,2.6456883813062904,23.0,5.75,14.0,9.718537409978309,4.553234236462505,2.1338308828167487,9.95003535800805,15.049658,5.331120590021692,19.0,4.75,16.0,9.858615413631458,4.504126705382881,2.1222927944520005,10.084464516238562,15.11659611324751,5.257980699616052,19.0,4.75,16.0,115.25,1.75,2.362362110864715,0.25,105.0,0.8657634043355027,8.0,0.5193678339014565,0.04530689031917464,0.08723468678996216,1.925417661097852
20261008_195431_052,282,564.0,568.0,64895,65356,461,unknown,4.0,2.0,0.5,115.25,-0.05571228190260303,0.6910975392769413,0.8313227648013384,0.8331874924839765,2.3605196,2.416231881902603,33.0,8.25,8.0,1.1852270796386117,0.5716205719960561,0.7560559317908009,1.4058391808114925,2.5824537,2.203971279638612,19.0,4.75,16.0,9.585795435140996,4.732340869939039,2.1753944170975155,9.829537883049692,15.157335,5.571539564859004,21.0,5.25,14.0,9.729611479650352,4.62506064930159,2.1505954173906328,9.964456843915052,15.166320354513125,5.436708874862774,22.0,5.5,14.0,115.25,1.75,2.397946551120166,0.25,105.0,0.9209910761054957,7.0,0.5350686912509038,0.01711085982096777,0.03197880963837625,1.8689189189189188
20261008_195431_052,283,566.0,570.0,65126,65586,460,unknown,4.0,2.0,0.5,115.0,-0.078812296405,0.5861229356063207,0.7655866610687001,0.7696325835559136,2.3605196,2.439331896405,43.0,10.75,8.0,1.0135684576217392,0.7008923042651083,0.8371931104978757,1.3146152754896847,2.5226333,2.3314154576217394,15.0,3.75,14.0,9.819639539347827,5.238927065696843,2.2888702596907593,10.082869023666827,15.157335,5.3376954606521725,25.0,6.25,14.0,9.943905193398114,5.103544889351827,2.2591026734860518,10.19729353233699,15.166320354513125,5.222415161115011,25.0,6.25,14.0,115.0,1.75,2.922211121261269,0.25,105.0,0.8589088206361134,6.0,0.5547826086956522,0.023590712984783553,0.042522445035268155,1.8025078369905956
