timestamp_ns,x_m_s2,y_m_s2,z_m_s2
758454996491128,-0.2883351,0.68494546,9.780663
758455005183836,-0.29072794,0.6801598,9.792626
758455013876440,-0.2883351,0.6969096,9.790234
758455022569044,-0.2835495,0.68494546,9.783055
758455031261700,-0.28594232,0.6801598,9.785448
758455039954305,-0.2835495,0.6801598,9.76152
758455048646909,-0.29312077,0.6873383,9.780663
758455057339565,-0.28594232,0.68494546,9.780663
758455066032169,-0.28594232,0.68494546,9.8117695
758455074724773,-0.28594232,0.69212395,9.795019
758455083417378,-0.29072794,0.6945168,9.790234
758455092110034,-0.29312077,0.6897311,9.771091
758455100802638,-0.29072794,0.68494546,9.775877
758455109495242,-0.2835495,0.6801598,9.783055
758455118187898,-0.29072794,0.68494546,9.792626
758455126880503,-0.2955136,0.6873383,9.797412
758455135573107,-0.28594232,0.6969096,9.795019
758455144265711,-0.29790643,0.6945168,9.720842
758455152958367,-0.2739782,0.6801598,9.869197
758455161650971,-0.27158538,0.6897311,9.730413
758455170343575,-0.30269206,0.6753742,9.8117695
758455179036232,-0.26919255,0.69212395,9.809377
758455187728836,-0.30029923,0.6897311,9.708878
758455196421440,-0.2955136,0.67776704,9.835697
758455205114044,-0.29072794,0.6873383,9.773484
758455213806700,-0.2739782,0.6945168,9.809377
758455222499305,-0.2955136,0.6897311,9.76152
758455231191909,-0.28594232,0.69212395,9.766306
758455239884565,-0.29072794,0.6897311,9.792626
758455248577169,-0.29312077,0.69212395,9.787841
758455257269773,-0.29072794,0.68255264,9.742377
758455265962378,-0.28594232,0.69212395,9.826126
758455274655034,-0.2883351,0.6873383,9.756734
758455283347638,-0.2955136,0.6873383,9.768699
758455292040242,-0.29312077,0.6969096,9.809377
758455300732898,-0.28594232,0.6801598,9.766306
758455309425503,-0.2883351,0.68255264,9.787841
758455318118107,-0.2835495,0.6873383,9.787841
758455326810763,-0.2883351,0.6873383,9.763913
758455335503367,-0.28594232,0.68255264,9.797412
758455344195971,-0.2883351,0.6945168,9.780663
758455352888575,-0.28115666,0.68494546,9.797412
758455361581232,-0.2835495,0.68494546,9.77827
758455370273836,-0.29790643,0.6873383,9.766306
758455378966440,-0.2835495,0.6897311,9.792626
758455387659096,-0.2835495,0.69212395,9.773484
758455396351700,-0.29072794,0.6897311,9.792626
758455405044305,-0.28594232,0.6873383,9.77827
758455413736961,-0.27876383,0.6945168,9.799805
758455422429565,-0.27876383,0.6873383,9.775877
758455431122169,-0.29312077,0.68494546,9.763913
758455439814773,-0.2955136,0.6801598,9.783055
758455448507430,-0.28594232,0.6969096,9.809377
758455457200034,-0.28594232,0.69212395,9.785448
758455465892638,-0.28115666,0.6969096,9.795019
758455474585294,-0.29312077,0.6897311,9.76152
758455483277898,-0.28594232,0.68255264,9.780663
758455491970503,-0.29072794,0.68494546,9.763913
758455500663159,-0.30029923,0.6873383,9.797412
758455509355763,-0.29312077,0.68494546,9.802198
758455518048367,-0.2883351,0.6945168,9.787841
758455526740971,-0.29072794,0.68494546,9.780663
758455535433628,-0.28594232,0.6801598,9.759128
758455544126232,-0.29072794,0.6897311,9.773484
758455552818836,-0.29312077,0.6897311,9.799805
758455561511492,-0.2835495,0.6897311,9.783055
758455570204096,-0.28594232,0.6969096,9.797412
758455578896700,-0.2883351,0.69212395,9.775877
758455587589357,-0.276371,0.6873383,9.771091
758455596281961,-0.29312077,0.68255264,9.759128
758455604974565,-0.29312077,0.6801598,9.792626
758455613667221,-0.29072794,0.69212395,9.806984
758455622359825,-0.28594232,0.6897311,9.787841
758455631052430,-0.2835495,0.69212395,9.785448
758455639745086,-0.28115666,0.6945168,9.759128
758455648437690,-0.276371,0.68494546,9.785448
758455657130294,-0.2883351,0.68255264,9.780663
758455665822898,-0.28594232,0.6801598,9.785448
758455674515555,-0.28594232,0.68255264,9.792626
758455683208159,-0.2883351,0.68255264,9.780663
758455691900763,-0.28594232,0.67776704,9.780663
758455700593419,-0.28594232,0.6873383,9.780663
758455709286023,-0.2835495,0.69212395,9.795019
758455717978628,-0.28115666,0.6897311,9.792626
758455726671232,-0.2955136,0.6945168,9.771091
758455735363888,-0.29072794,0.6897311,9.797412
758455744056492,-0.28115666,0.69212395,9.780663
758455752749096,-0.2883351,0.69212395,9.806984
758455761441753,-0.2835495,0.6897311,9.77827
758455770134357,-0.2835495,0.6873383,9.771091
758455778826961,-0.28115666,0.68494546,9.780663
758455787519617,-0.29072794,0.6897311,9.773484
758455796212221,-0.28594232,0.6873383,9.804591
758455804904825,-0.28115666,0.6945168,9.780663
758455813597430,-0.27876383,0.6897311,9.797412
758455822290086,-0.27876383,0.6897311,9.790234
758455830982690,-0.28594232,0.69212395,9.766306
758455839675294,-0.28594232,0.69212395,9.787841
758455848367950,-0.29072794,0.68494546,9.768699
758455857060555,-0.29072794,0.69212395,9.809377
758455865753159,-0.28115666,0.6969096,9.799805
758455874445815,-0.2835495,0.6897311,9.787841
758455883138419,-0.29072794,0.69930243,9.763913
758455891831023,-0.2883351,0.6897311,9.768699
758455900523680,-0.2835495,0.6873383,9.792626
758455909216284,-0.29312077,0.6897311,9.783055
758455917908888,-0.2835495,0.6897311,9.799805
758455926601544,-0.2883351,0.6897311,9.787841
758455935294148,-0.27876383,0.69930243,9.783055
758455943986753,-0.29072794,0.6873383,9.766306
758455952679409,-0.2883351,0.6873383,9.785448
758455961372013,-0.28594232,0.6801598,9.790234
758455970064617,-0.29312077,0.6945168,9.790234
758455978757221,-0.28115666,0.70169526,9.802198
758455987449878,-0.28115666,0.6873383,9.787841
758455996142482,-0.28115666,0.6897311,9.780663
758456004835086,-0.27876383,0.6873383,9.771091
758456013527742,-0.29072794,0.68494546,9.780663
758456022220346,-0.29072794,0.6945168,9.780663
758456030912950,-0.29312077,0.6969096,9.797412
758456039605607,-0.27876383,0.6969096,9.792626
758456048298211,-0.2835495,0.6969096,9.792626
758456056990815,-0.276371,0.6873383,9.773484
758456065683471,-0.28594232,0.6873383,9.780663
758456074376075,-0.28594232,0.6873383,9.768699
758456083068680,-0.28594232,0.68255264,9.795019
758456091761284,-0.29072794,0.69212395,9.792626
758456100453940,-0.29072794,0.6897311,9.792626
758456109146544,-0.2835495,0.69212395,9.785448
758456117839148,-0.28594232,0.6873383,9.785448
758456126531805,-0.2835495,0.6873383,9.771091
758456135224409,-0.29072794,0.68255264,9.775877
758456143917013,-0.28594232,0.6897311,9.790234
758456152609669,-0.2883351,0.6897311,9.792626
758456161302273,-0.27876383,0.6873383,9.802198
758456169994878,-0.2883351,0.6897311,9.775877
758456178687534,-0.28115666,0.68494546,9.77827
758456187380138,-0.2835495,0.69212395,9.785448
758456196072742,-0.2883351,0.68494546,9.775877
758456204765398,-0.29790643,0.6873383,9.795019
758456213458003,-0.2883351,0.68255264,9.790234
758456222150607,-0.29312077,0.69212395,9.792626
758456230843263,-0.28594232,0.6873383,9.790234
758456239535867,-0.2955136,0.6801598,9.756734
758456248228471,-0.27876383,0.6897311,9.780663
758456256921075,-0.2883351,0.6873383,9.771091
758456265613732,-0.2883351,0.6873383,9.806984
758456274306336,-0.29312077,0.6897311,9.792626
758456282998992,-0.2955136,0.6873383,9.771091
758456291691596,-0.27876383,0.68494546,9.785448
758456300384200,-0.28115666,0.6897311,9.771091
758456309076805,-0.27876383,0.6945168,9.790234
758456317769461,-0.29072794,0.69212395,9.775877
758456326462065,-0.2883351,0.6873383,9.783055
758456335154669,-0.2883351,0.6945168,9.785448
758456343847325,-0.29072794,0.69212395,9.780663
758456352539930,-0.29072794,0.68255264,9.783055
758456361232534,-0.2955136,0.6945168,9.77827
758456369925190,-0.2883351,0.70169526,9.785448
758456378617794,-0.28594232,0.69212395,9.792626
758456387310398,-0.2835495,0.6897311,9.780663
758456396003055,-0.29312077,0.68255264,9.795019
758456404695659,-0.2883351,0.6897311,9.780663
758456413388263,-0.2835495,0.69212395,9.795019
758456422080919,-0.30029923,0.6873383,9.792626
758456430773523,-0.28594232,0.6897311,9.773484
758456439466128,-0.2955136,0.68494546,9.783055
758456448158784,-0.29072794,0.6873383,9.795019
758456456851388,-0.28115666,0.6969096,9.780663
758456465543992,-0.2883351,0.6945168,9.783055
758456474236648,-0.29072794,0.6945168,9.783055
758456482929253,-0.2883351,0.6873383,9.77827
758456491621857,-0.2835495,0.6897311,9.795019
758456500314513,-0.2955136,0.67776704,9.768699
758456509007117,-0.2835495,0.68255264,9.785448
758456517699721,-0.29312077,0.69212395,9.785448
758456526392378,-0.2835495,0.6873383,9.785448
758456535084982,-0.276371,0.69212395,9.783055
758456543777586,-0.2835495,0.69212395,9.780663
758456552470242,-0.28594232,0.69212395,9.771091
758456561162846,-0.30029923,0.6897311,9.780663
758456569855450,-0.30269206,0.68494546,9.785448
758456578548107,-0.29072794,0.6897311,9.780663
758456587240711,-0.2883351,0.6873383,9.787841
758456595933315,-0.2835495,0.68255264,9.77827
758456604625971,-0.28594232,0.69212395,9.775877
758456613318575,-0.29312077,0.6897311,9.783055
758456622011180,-0.2955136,0.6753742,9.77827
758456630703836,-0.2835495,0.68255264,9.780663
758456639396440,-0.28115666,0.68494546,9.802198
758456648089044,-0.2883351,0.6873383,9.780663
758456656781700,-0.28594232,0.69212395,9.783055
758456665474305,-0.29790643,0.69212395,9.773484
758456674166909,-0.2835495,0.6873383,9.77827
758456682859565,-0.2835495,0.68255264,9.787841
758456691552169,-0.2955136,0.68255264,9.785448
758456700244773,-0.29312077,0.6897311,9.790234
758456708937430,-0.2883351,0.6873383,9.775877
758456717630034,-0.28594232,0.6873383,9.785448
758456726322638,-0.29072794,0.6897311,9.792626
758456735015294,-0.2883351,0.69212395,9.790234
758456743707898,-0.27876383,0.6897311,9.795019
758456752400503,-0.29072794,0.69212395,9.77827
758456761093159,-0.2835495,0.6873383,9.783055
758456769785763,-0.29312077,0.6897311,9.787841
758456778478367,-0.28594232,0.68255264,9.756734
758456787171023,-0.29072794,0.69212395,9.816555
758456795863628,-0.27158538,0.6945168,9.797412
758456804556232,-0.29312077,0.69930243,9.749556
758456813248888,-0.29790643,0.68494546,9.783055
758456821941492,-0.28594232,0.6873383,9.790234
758456830634096,-0.29072794,0.68255264,9.785448
758456839326753,-0.2955136,0.68494546,9.77827
758456848019357,-0.29072794,0.6969096,9.795019
758456856711961,-0.28594232,0.70169526,9.797412
758456865404617,-0.28594232,0.6969096,9.780663
758456874097221,-0.28115666,0.6873383,9.780663
758456882789825,-0.29072794,0.6729814,9.783055
758456891482482,-0.28115666,0.6801598,9.792626
758456900175086,-0.29072794,0.68255264,9.780663
758456908867690,-0.29072794,0.69212395,9.795019
758456917560346,-0.29072794,0.69930243,9.792626
758456926252950,-0.27876383,0.69212395,9.795019
758456934945555,-0.2835495,0.6897311,9.775877
758456943638211,-0.29072794,0.6897311,9.773484
758456952330815,-0.29312077,0.68255264,9.773484
758456961023419,-0.2955136,0.6945168,9.792626
758456969716075,-0.29312077,0.6945168,9.804591
758456978408680,-0.2883351,0.6897311,9.77827
758456987101284,-0.27876383,0.68494546,9.792626
758456995793940,-0.28115666,0.67776704,9.76152
758457004486544,-0.29072794,0.68494546,9.775877
758457013179148,-0.2955136,0.6873383,9.795019
758457021871805,-0.2955136,0.6969096,9.787841
758457030564409,-0.28594232,0.68494546,9.809377
758457039257013,-0.28594232,0.69212395,9.787841
758457047949669,-0.28115666,0.6873383,9.775877
758457056642273,-0.2883351,0.68494546,9.756734
758457065334878,-0.28594232,0.68255264,9.787841
758457074027534,-0.2883351,0.68255264,9.795019
758457082720138,-0.28594232,0.6873383,9.806984
758457091412742,-0.276371,0.68255264,9.783055
758457100105398,-0.29072794,0.67776704,9.775877
758457108798003,-0.2835495,0.6801598,9.759128
758457117490607,-0.2883351,0.68494546,9.77827
758457126183263,-0.30029923,0.68255264,9.785448
758457134875867,-0.2883351,0.69212395,9.797412
758457143568523,-0.28594232,0.6969096,9.802198
758457152261128,-0.2835495,0.6945168,9.768699
758457160953732,-0.27876383,0.69212395,9.787841
758457169646336,-0.2883351,0.6945168,9.783055
758457178338992,-0.28594232,0.6873383,9.799805
758457187031596,-0.29312077,0.6897311,9.790234
758457195724200,-0.2955136,0.6897311,9.792626
758457204416857,-0.29072794,0.6873383,9.790234
758457213109461,-0.2835495,0.67776704,9.76152
758457221802065,-0.28594232,0.69212395,9.797412
758457230494721,-0.29312077,0.68494546,9.773484
758457239187325,-0.28115666,0.68494546,9.795019
758457247879982,-0.28594232,0.6945168,9.785448
758457256572586,-0.28594232,0.6873383,9.795019
758457265265190,-0.28594232,0.69212395,9.787841
758457273957794,-0.2883351,0.69212395,9.780663
758457282650450,-0.2835495,0.68494546,9.795019
758457291343055,-0.2835495,0.6873383,9.780663
758457300035711,-0.2883351,0.69212395,9.785448
758457308728315,-0.2835495,0.6873383,9.780663
758457317420919,-0.29312077,0.6801598,9.785448
758457326113575,-0.2883351,0.68494546,9.77827
758457334806180,-0.2883351,0.6873383,9.787841
758457343498784,-0.27876383,0.6873383,9.783055
758457352191440,-0.29072794,0.68494546,9.780663
758457360884044,-0.29072794,0.6897311,9.783055
758457369576648,-0.2835495,0.69212395,9.783055
758457378269253,-0.2835495,0.6897311,9.787841
758457386961909,-0.2835495,0.6873383,9.77827
758457395654513,-0.2835495,0.69212395,9.792626
758457404347169,-0.27876383,0.69930243,9.77827
758457413039773,-0.29312077,0.69212395,9.787841
758457421732378,-0.2955136,0.6945168,9.790234
758457430425034,-0.2883351,0.6753742,9.780663
758457439117638,-0.2883351,0.6873383,9.773484
758457447810242,-0.30269206,0.69930243,9.806984
758457456502898,-0.2835495,0.69212395,9.785448
758457465195503,-0.276371,0.6897311,9.785448
758457473888107,-0.28115666,0.68494546,9.771091
758457482580763,-0.2883351,0.68255264,9.768699
758457491273367,-0.29072794,0.68494546,9.787841
758457499965971,-0.2955136,0.6945168,9.797412
758457508658628,-0.28594232,0.6945168,9.809377
758457517351232,-0.2739782,0.6945168,9.799805
758457526043836,-0.28115666,0.6873383,9.773484
758457534736492,-0.28594232,0.6873383,9.771091
758457543429096,-0.2955136,0.6801598,9.766306
758457552121753,-0.2883351,0.6897311,9.797412
758457560814357,-0.28594232,0.6897311,9.804591
758457569506961,-0.28594232,0.6969096,9.785448
758457578199565,-0.2739782,0.6873383,9.77827
758457586892221,-0.27876383,0.6801598,9.76152
758457595584825,-0.27876383,0.68494546,9.77827
758457604277430,-0.29790643,0.6897311,9.77827
758457612970086,-0.29790643,0.6897311,9.802198
758457621662690,-0.2835495,0.6897311,9.809377
758457630355294,-0.28115666,0.6897311,9.785448
758457639047950,-0.276371,0.70169526,9.780663
758457647740555,-0.2955136,0.6729814,9.751948
758457656433159,-0.2883351,0.68494546,9.787841
758457665125815,-0.2835495,0.68494546,9.797412
758457673818419,-0.28115666,0.69212395,9.8117695
758457682511023,-0.2835495,0.69212395,9.77827
758457691203680,-0.2883351,0.70169526,9.790234
758457699896284,-0.276371,0.6897311,9.780663
758457708588888,-0.28594232,0.6897311,9.785448
758457717281544,-0.2883351,0.68255264,9.780663
758457725974148,-0.2955136,0.69212395,9.799805
758457734666805,-0.28115666,0.6897311,9.780663
758457743359409,-0.2835495,0.6897311,9.797412
758457752052013,-0.28594232,0.67776704,9.775877
758457760744669,-0.28115666,0.68494546,9.787841
758457769437273,-0.28115666,0.6945168,9.785448
758457778129878,-0.2883351,0.6897311,9.783055
758457786822534,-0.28594232,0.69212395,9.785448
758457795515138,-0.29312077,0.6969096,9.783055
758457804207742,-0.28594232,0.6801598,9.785448
758457812900398,-0.2883351,0.68494546,9.797412
758457821593003,-0.2883351,0.6945168,9.77827
758457830285607,-0.28594232,0.69212395,9.780663
758457838978263,-0.27876383,0.6897311,9.775877
758457847670867,-0.28594232,0.6897311,9.785448
758457856363471,-0.29312077,0.6873383,9.780663
758457865056128,-0.28115666,0.6873383,9.799805
758457873748732,-0.28594232,0.6873383,9.790234
758457882441336,-0.2883351,0.69212395,9.77827
758457891133992,-0.2835495,0.6945168,9.773484
758457899826596,-0.29072794,0.69212395,9.785448
758457908519200,-0.2835495,0.6873383,9.795019
758457917211857,-0.2835495,0.6873383,9.792626
758457925904461,-0.2883351,0.6945168,9.790234
758457934597065,-0.2835495,0.6897311,9.773484
758457943289721,-0.2883351,0.68494546,9.771091
758457951982325,-0.28594232,0.6897311,9.77827
758457960674930,-0.2883351,0.6873383,9.780663
758457969367586,-0.2883351,0.6897311,9.790234
758457978060190,-0.2955136,0.69212395,9.790234
758457986752794,-0.2883351,0.6969096,9.783055
758457995445450,-0.2739782,0.68255264,9.790234
758458004138055,-0.2835495,0.69212395,9.771091
758458012830659,-0.2955136,0.6801598,9.785448
758458021523315,-0.2955136,0.6969096,9.783055
758458030215919,-0.2835495,0.69212395,9.792626
758458038908523,-0.28115666,0.6873383,9.795019
758458047601180,-0.28594232,0.6801598,9.773484
758458056293784,-0.28115666,0.6897311,9.785448
758458064986440,-0.28594232,0.6873383,9.780663
758458073679044,-0.28594232,0.6897311,9.775877
758458082371648,-0.29790643,0.69212395,9.792626
758458091064305,-0.29312077,0.69212395,9.77827
758458099756909,-0.28115666,0.6969096,9.785448
758458108449513,-0.28594232,0.6897311,9.773484
758458117142169,-0.28115666,0.68255264,9.77827
758458125834773,-0.2883351,0.69212395,9.783055
758458134527378,-0.2955136,0.69212395,9.787841
758458143220034,-0.2955136,0.68255264,9.799805
758458151912638,-0.2835495,0.6897311,9.787841
758458160605242,-0.28115666,0.6873383,9.790234
758458169297898,-0.28594232,0.6897311,9.771091
758458177990503,-0.28594232,0.68255264,9.773484
758458186683107,-0.2835495,0.68494546,9.787841
758458195375763,-0.29312077,0.6969096,9.787841
758458204068367,-0.28594232,0.6897311,9.797412
758458212761023,-0.28594232,0.6945168,9.787841
758458221453628,-0.2835495,0.6969096,9.785448
758458230146232,-0.29072794,0.6873383,9.771091
758458238838888,-0.2883351,0.68255264,9.77827
758458247531492,-0.2955136,0.6873383,9.790234
758458256224096,-0.28115666,0.68494546,9.783055
758458264916753,-0.2883351,0.6897311,9.797412
758458273609357,-0.2955136,0.6897311,9.766306
758458282301961,-0.2835495,0.6897311,9.775877
758458290994617,-0.29072794,0.6897311,9.773484
758458299687221,-0.2883351,0.6873383,9.799805
758458308379825,-0.2883351,0.6873383,9.787841
758458317072482,-0.2883351,0.6873383,9.783055
758458325765086,-0.2883351,0.69212395,9.783055
758458334457742,-0.28594232,0.6801598,9.773484
758458343150346,-0.30269206,0.6801598,9.76152
758458351842950,-0.27876383,0.69212395,9.821341
758458360535607,-0.29790643,0.6945168,9.71845
758458369228211,-0.28594232,0.6873383,9.830912
758458377920867,-0.27876383,0.68255264,9.775877
758458386613471,-0.29072794,0.68494546,9.759128
758458395306075,-0.29072794,0.6873383,9.804591
758458403998732,-0.2883351,0.6969096,9.728021
758458412691336,-0.276371,0.67776704,9.85484
758458421383940,-0.29790643,0.69212395,9.737592
758458430076596,-0.28594232,0.6897311,9.804591
758458438769200,-0.29072794,0.6945168,9.768699
758458447461857,-0.2835495,0.6873383,9.775877
758458456154461,-0.2835495,0.6897311,9.787841
758458464847065,-0.28594232,0.69212395,9.763913
758458473539721,-0.28115666,0.6897311,9.790234
758458482232325,-0.2955136,0.69212395,9.771091
758458490924930,-0.2883351,0.68494546,9.77827
758458499617586,-0.2883351,0.68255264,9.780663
758458508310190,-0.28594232,0.69212395,9.795019
758458517002846,-0.28594232,0.69930243,9.787841
758458525695450,-0.28594232,0.69212395,9.775877
758458534388055,-0.28594232,0.6969096,9.785448
758458543080711,-0.28594232,0.68255264,9.775877
758458551773315,-0.2883351,0.68494546,9.787841
758458560465971,-0.29072794,0.6873383,9.77827
758458569158575,-0.2883351,0.6945168,9.775877
758458577851180,-0.2835495,0.6945168,9.785448
758458586543836,-0.29072794,0.69212395,9.785448
758458595236440,-0.28115666,0.67776704,9.775877
758458603929096,-0.2883351,0.68494546,9.775877
758458612621700,-0.29312077,0.69212395,9.771091
758458621314305,-0.29312077,0.6945168,9.799805
758458630006961,-0.2955136,0.69212395,9.783055
758458638699565,-0.27876383,0.70169526,9.797412
758458647392221,-0.2835495,0.68494546,9.790234
758458656084825,-0.29072794,0.6897311,9.76152
758458664777430,-0.2835495,0.6873383,9.792626
758458673470086,-0.2883351,0.6897311,9.763913
758458682162690,-0.2883351,0.69212395,9.814162
758458690855346,-0.29072794,0.69212395,9.77827
758458699547950,-0.27876383,0.6897311,9.783055
758458708240607,-0.2883351,0.68255264,9.763913
758458716933211,-0.2883351,0.67776704,9.756734
758458725625815,-0.2955136,0.6873383,9.787841
758458734318471,-0.30269206,0.6873383,9.77827
758458743011075,-0.2835495,0.6897311,9.802198
758458751703732,-0.28594232,0.6969096,9.787841
758458760396336,-0.28594232,0.6945168,9.790234
758458769088940,-0.28594232,0.68255264,9.756734
758458777781596,-0.29312077,0.68494546,9.77827
758458786474200,-0.2955136,0.68494546,9.783055
758458795166857,-0.29072794,0.6873383,9.790234
758458803859461,-0.28594232,0.6945168,9.787841
758458812552117,-0.29072794,0.7040881,9.797412
758458821244721,-0.28594232,0.6969096,9.775877
758458829937325,-0.28594232,0.69212395,9.773484
758458838629982,-0.2835495,0.6897311,9.775877
758458847322586,-0.29072794,0.6897311,9.792626
758458856015242,-0.29312077,0.6897311,9.773484
758458864707846,-0.2835495,0.69212395,9.795019
758458873400503,-0.2883351,0.6897311,9.790234
758458882093107,-0.2835495,0.6801598,9.768699
758458890785711,-0.2739782,0.68494546,9.795019
758458899478367,-0.2883351,0.69212395,9.756734
758458908170971,-0.28594232,0.68494546,9.797412
758458916863628,-0.30029923,0.6897311,9.780663
758458925556232,-0.29312077,0.68494546,9.802198
758458934248888,-0.29072794,0.69212395,9.802198
758458942941492,-0.27876383,0.6945168,9.77827
758458951634096,-0.2739782,0.6945168,9.77827
758458960326753,-0.28594232,0.68494546,9.749556
758458969019357,-0.28594232,0.6873383,9.787841
758458977712013,-0.2955136,0.68494546,9.785448
758458986404617,-0.29072794,0.6897311,9.826126
758458995097273,-0.27876383,0.6897311,9.780663
758459003789878,-0.28594232,0.68494546,9.771091
758459012482482,-0.2835495,0.68255264,9.756734
758459021175138,-0.29072794,0.6897311,9.775877
758459029867742,-0.29072794,0.69212395,9.802198
758459038560398,-0.30269206,0.6897311,9.799805
758459047253003,-0.27876383,0.6969096,9.790234
758459055945659,-0.28115666,0.69212395,9.795019
758459064638263,-0.2835495,0.69212395,9.763913
758459073330919,-0.28594232,0.6873383,9.783055
758459082023523,-0.29312077,0.6873383,9.77827
758459090716128,-0.2883351,0.6873383,9.792626
758459099408784,-0.29312077,0.6945168,9.785448
758459108101388,-0.29072794,0.6945168,9.780663
758459116794044,-0.28115666,0.6873383,9.799805
758459125486648,-0.2835495,0.6873383,9.768699
758459134179253,-0.2883351,0.68255264,9.797412
758459142871909,-0.29072794,0.68494546,9.775877
758459151564513,-0.29312077,0.6897311,9.785448
758459160257169,-0.29072794,0.68494546,9.785448
758459168949773,-0.29790643,0.6729814,9.780663
758459177642430,-0.28594232,0.68494546,9.799805
758459186335034,-0.29072794,0.6897311,9.766306
758459195027690,-0.29312077,0.6945168,9.792626
758459203720294,-0.29072794,0.6873383,9.773484
758459212412898,-0.28594232,0.6873383,9.802198
758459221105555,-0.29312077,0.68494546,9.768699
758459229798159,-0.2835495,0.68255264,9.790234
758459238490815,-0.29312077,0.6969096,9.797412
758459247183419,-0.276371,0.6945168,9.783055
758459255876075,-0.2955136,0.6897311,9.77827
758459264568680,-0.28594232,0.6873383,9.771091
758459273261336,-0.2883351,0.67776704,9.792626
758459281953940,-0.28594232,0.68494546,9.790234
758459290646544,-0.29072794,0.68494546,9.780663
758459299339200,-0.28115666,0.6969096,9.795019
758459308031805,-0.28594232,0.69212395,9.780663
758459316724461,-0.27876383,0.6873383,9.780663
758459325417065,-0.29072794,0.68494546,9.773484
758459334109721,-0.28115666,0.68494546,9.792626
758459342802325,-0.28115666,0.6897311,9.785448
758459351494930,-0.29072794,0.69930243,9.792626
758459360187586,-0.2883351,0.6897311,9.783055
758459368880242,-0.28594232,0.68494546,9.775877
758459377572846,-0.276371,0.68494546,9.790234
758459386265450,-0.29072794,0.6873383,9.773484
758459394958107,-0.2883351,0.6897311,9.783055
758459403650711,-0.29312077,0.6897311,9.795019
758459412343367,-0.2883351,0.69212395,9.787841
758459421035971,-0.2883351,0.6897311,9.787841
758459429728628,-0.2883351,0.68494546,9.77827
758459438421232,-0.2883351,0.68494546,9.780663
758459447113836,-0.28594232,0.68255264,9.783055
758459455806492,-0.28594232,0.68494546,9.783055
758459464499096,-0.28594232,0.6897311,9.797412
758459473191753,-0.28594232,0.6945168,9.783055
758459481884357,-0.28115666,0.6897311,9.795019
758459490577013,-0.2883351,0.68255264,9.766306
758459499269617,-0.29072794,0.6873383,9.780663
758459507962221,-0.29072794,0.68494546,9.787841
758459516654878,-0.28115666,0.69930243,9.806984
758459525347482,-0.28594232,0.6969096,9.785448
758459534040138,-0.29072794,0.6897311,9.790234
758459542732742,-0.28594232,0.69212395,9.775877
758459551425398,-0.2883351,0.68255264,9.783055
758459560118003,-0.29312077,0.6729814,9.720842
758459568810659,-0.317049,0.6681957,9.656236
758459577503263,-0.34576288,0.6753742,9.862019
758459586195867,-0.20458634,0.7160522,10.192228
758459594888523,-0.18065812,0.7423732,9.641879
758459603581128,-0.3385844,0.7040881,9.469596
758459612273784,-0.30987054,0.6945168,9.8524475
758459620966388,-0.26919255,0.68494546,9.83809
758459629659044,-0.31944183,0.6562316,9.873982
758459638351648,-0.34576288,0.6586244,9.728021
758459647044305,-0.25004998,0.6897311,9.833304
758459655736909,-0.2620141,0.69212395,9.780663
758459664429565,-0.29790643,0.70648086,9.661021
758459673122169,-0.276371,0.6873383,9.773484
758459681814773,-0.27876383,0.69212395,9.881161
758459690507430,-0.27876383,0.6801598,9.847662
758459699200034,-0.30269206,0.6873383,9.716056
758459707892690,-0.27876383,0.6969096,9.768699
758459716585294,-0.30508488,0.70648086,9.818948
758459725277950,-0.28115666,0.69930243,9.826126
758481908905168,-0.51086766,0.7471589,10.314262
758481917597824,-0.6017949,0.79740816,9.605987
758481926290428,-0.12562318,0.6466603,10.031909
758481934983085,-0.1902294,0.76630145,9.0747795
758481943675741,-0.05623133,0.6969096,9.802198
758481952368397,-0.2548356,0.7471589,9.383454
758481961061053,-0.25244278,0.6753742,9.945767
758481969753710,-0.45104706,0.66341007,9.924232
758481978446366,-0.45104706,0.62751776,10.1802635
758481987139022,-0.34097722,0.6729814,9.833304
758481995831626,-0.20458634,0.71365935,9.629914
758482004524283,-0.17826529,0.7256235,9.570094
758482013216939,-0.23808585,0.71365935,9.68495
758482021909595,-0.2883351,0.68494546,9.818948
758482030602251,-0.3385844,0.68494546,9.828519
758482039294908,-0.34097722,0.66341007,9.917053
758482047987564,-0.3385844,0.67058855,9.857233
758482056680220,-0.2739782,0.6801598,9.785448
758482065372876,-0.2428715,0.7112665,9.663414
758482074065480,-0.25962126,0.6969096,9.730413
758482082758137,-0.30269206,0.68255264,9.804591
758482091450793,-0.30029923,0.6801598,9.823733
758482100143449,-0.30029923,0.68255264,9.792626
758482108836105,-0.31465617,0.68255264,9.802198
758482117528762,-0.30508488,0.69212395,9.809377
758482126221418,-0.2883351,0.6897311,9.787841
758482134914074,-0.26919255,0.6897311,9.756734
758482143606730,-0.29072794,0.6897311,9.76152
758482152299335,-0.29790643,0.6897311,9.790234
758482160991991,-0.2883351,0.6897311,9.773484
758482169684647,-0.2835495,0.6801598,9.783055
758482178377303,-0.30029923,0.6801598,9.797412
758482187069960,-0.30987054,0.68494546,9.8117695
758482195762616,-0.29312077,0.6873383,9.792626
758482204455272,-0.2835495,0.69212395,9.759128
758482213147928,-0.276371,0.69212395,9.771091
758482221840533,-0.28594232,0.6897311,9.780663
758482230533189,-0.29312077,0.68255264,9.792626
758482239225845,-0.29790643,0.6873383,9.797412
758482247918501,-0.30029923,0.6801598,9.795019
758482256611158,-0.29312077,0.6873383,9.795019
758482265303814,-0.276371,0.6897311,9.759128
758482273996470,-0.27158538,0.6897311,9.759128
758482282689126,-0.2883351,0.68494546,9.768699
758482291381730,-0.3074777,0.6897311,9.806984
758482300074387,-0.30029923,0.6897311,9.806984
758482308767043,-0.29790643,0.69212395,9.792626
758482317459699,-0.2883351,0.6873383,9.773484
758482326152355,-0.2835495,0.6873383,9.775877
758482334845012,-0.28594232,0.6873383,9.773484
758482343537668,-0.29312077,0.6897311,9.77827
758482352230324,-0.30269206,0.68494546,9.809377
758482360922928,-0.29790643,0.69212395,9.806984
758482369615585,-0.2883351,0.6801598,9.787841
758482378308241,-0.28594232,0.69212395,9.77827
758482387000897,-0.29072794,0.69212395,9.754341
758482395693553,-0.2883351,0.6873383,9.797412
758482404386210,-0.30029923,0.69212395,9.792626
758482413078866,-0.29312077,0.6897311,9.799805
758482421771470,-0.29312077,0.6897311,9.797412
758482430464126,-0.28594232,0.6897311,9.780663
758482439156783,-0.28115666,0.68494546,9.771091
758482447849439,-0.30029923,0.68255264,9.775877
758482456542095,-0.29072794,0.6801598,9.797412
758482465234751,-0.29072794,0.6897311,9.797412
758482473927408,-0.29072794,0.69930243,9.77827
758482482620064,-0.29312077,0.6945168,9.783055
758482491312720,-0.28594232,0.68494546,9.780663
758482500005324,-0.29312077,0.69212395,9.780663
758482508697980,-0.28594232,0.68494546,9.797412
758482517390637,-0.30269206,0.6873383,9.792626
758482526083293,-0.29072794,0.69212395,9.795019
758482534775949,-0.2883351,0.6873383,9.783055
758482543468605,-0.2883351,0.6873383,9.795019
758482552161262,-0.2883351,0.6897311,9.783055
758482560853866,-0.29312077,0.6873383,9.783055
758482569546522,-0.2955136,0.67776704,9.766306
758482578239178,-0.29790643,0.68494546,9.775877
758482586931835,-0.29312077,0.6873383,9.783055
758482595624491,-0.2883351,0.69212395,9.783055
758482604317147,-0.2835495,0.6897311,9.787841
758482613009803,-0.28594232,0.6873383,9.783055
758482621702408,-0.2835495,0.6873383,9.790234
758482630395064,-0.29790643,0.6801598,9.768699
758482639087720,-0.29790643,0.69212395,9.792626
758482647780376,-0.29312077,0.69212395,9.802198
758482656473033,-0.2883351,0.6873383,9.795019
758482665165689,-0.2835495,0.6897311,9.797412
758482673858345,-0.29312077,0.6873383,9.780663
758482682551001,-0.29312077,0.6753742,9.768699
758482691243658,-0.29312077,0.68255264,9.783055
758482699936262,-0.29072794,0.6897311,9.790234
758482708628918,-0.29072794,0.6873383,9.792626
758482717321574,-0.28115666,0.6897311,9.795019
758482726014230,-0.2883351,0.69212395,9.773484
758482734706887,-0.2883351,0.68494546,9.780663
758482743399543,-0.2955136,0.6873383,9.763913
758482752092147,-0.2883351,0.68494546,9.783055
758482760784803,-0.29072794,0.68494546,9.790234
758482769477460,-0.30029923,0.6945168,9.795019
758482778170116,-0.2955136,0.6873383,9.785448
758482786862772,-0.29312077,0.68494546,9.783055
758482795555428,-0.2955136,0.68494546,9.780663
758482804248085,-0.29790643,0.68494546,9.780663
758482812940741,-0.2955136,0.6897311,9.785448
758482821633345,-0.29072794,0.68494546,9.797412
758482830326001,-0.2955136,0.68494546,9.790234
758482839018658,-0.29790643,0.6897311,9.785448
758482847711314,-0.2835495,0.6945168,9.785448
758482856403970,-0.2883351,0.68494546,9.780663
758482865096626,-0.29072794,0.6873383,9.795019
758482873789283,-0.30029923,0.69212395,9.775877
758482882481887,-0.29312077,0.6873383,9.785448
758482891174543,-0.2955136,0.6897311,9.790234
758482899867199,-0.29072794,0.67776704,9.783055
758482908559855,-0.29312077,0.6801598,9.780663
758482917252512,-0.2883351,0.6873383,9.785448
758482925945168,-0.2955136,0.6897311,9.775877
758482934637824,-0.29072794,0.6873383,9.792626
758482943330480,-0.29312077,0.68255264,9.771091
758482952023085,-0.2883351,0.6873383,9.790234
758482960715741,-0.29790643,0.6945168,9.787841
758482969408397,-0.29312077,0.68255264,9.783055
758482978101053,-0.29312077,0.68494546,9.77827
758482986793710,-0.29312077,0.6801598,9.780663
758482995486366,-0.2883351,0.6873383,9.773484
758483004179022,-0.2955136,0.68494546,9.799805
758483012871626,-0.2955136,0.68494546,9.76152
758483021564283,-0.2835495,0.68494546,9.799805
758483030256939,-0.29072794,0.6945168,9.783055
758483038949595,-0.2835495,0.6969096,9.797412
758483047642251,-0.2883351,0.68494546,9.787841
758483056334908,-0.28594232,0.68494546,9.783055
758483065027564,-0.29312077,0.6969096,9.795019
758483073720168,-0.2835495,0.6897311,9.8428755
758483082412824,-0.2883351,0.69212395,9.747163
758483091105480,-0.30508488,0.69212395,9.783055
758483099798137,-0.2955136,0.68255264,9.783055
758483108490793,-0.29072794,0.6873383,9.804591
758483117183449,-0.2883351,0.67776704,9.775877
758483125876105,-0.29312077,0.6873383,9.783055
758483134568710,-0.28115666,0.69212395,9.787841
758483143261366,-0.29072794,0.6945168,9.785448
758483151954022,-0.28594232,0.68255264,9.77827
758483160646678,-0.29072794,0.68255264,9.790234
758483169339335,-0.29312077,0.6801598,9.799805
758483178031991,-0.29312077,0.69212395,9.790234
758483186724647,-0.29072794,0.6873383,9.77827
758483195417251,-0.28594232,0.68494546,9.804591
758483204109908,-0.2835495,0.6945168,9.795019
758483212802564,-0.28115666,0.67776704,9.787841
758483221495220,-0.2883351,0.69212395,9.785448
758483230187876,-0.2955136,0.69212395,9.792626
758483238880533,-0.29790643,0.6897311,9.797412
758483247573137,-0.29790643,0.6873383,9.787841
758483256265793,-0.27876383,0.68494546,9.783055
758483264958449,-0.2835495,0.6969096,9.77827
758483273651105,-0.2883351,0.6873383,9.759128
758483282343762,-0.2883351,0.68255264,9.775877
758483291036418,-0.28594232,0.6945168,9.795019
758483299729074,-0.29790643,0.6969096,9.783055
758483308421730,-0.2883351,0.6969096,9.792626
758483317114335,-0.2883351,0.6897311,9.795019
758483325806991,-0.28594232,0.6873383,9.783055
758483334499647,-0.2883351,0.69212395,9.780663
758483343192303,-0.2835495,0.6873383,9.785448
758483351884960,-0.2883351,0.68494546,9.795019
758483360577616,-0.28594232,0.68494546,9.785448
758483369270272,-0.28594232,0.6969096,9.783055
758483377962876,-0.29312077,0.6873383,9.785448
758483386655533,-0.29072794,0.69212395,9.783055
758483395348189,-0.28594232,0.68255264,9.780663
758483404040845,-0.2955136,0.68494546,9.783055
758483412733501,-0.2883351,0.68494546,9.785448
758483421426158,-0.29312077,0.69212395,9.797412
758483430118762,-0.2835495,0.68494546,9.797412
758483438811418,-0.2835495,0.6945168,9.77827
758483447504074,-0.2835495,0.6873383,9.780663
758483456196730,-0.28115666,0.6801598,9.780663
758483464889387,-0.2883351,0.6873383,9.785448
758483473582043,-0.2955136,0.6873383,9.792626
758483482274699,-0.2883351,0.68494546,9.783055
758483490967355,-0.28594232,0.6897311,9.802198
758483499659960,-0.2883351,0.68494546,9.771091
758483508352616,-0.2883351,0.68255264,9.77827
758483517045272,-0.29312077,0.6873383,9.783055
758483525737928,-0.28594232,0.69212395,9.785448
758483534430585,-0.2883351,0.68494546,9.804591
758483543123241,-0.29072794,0.69212395,9.792626
758483551815897,-0.2883351,0.69212395,9.787841
758483560508501,-0.2835495,0.6873383,9.773484
758483569201158,-0.2955136,0.68494546,9.780663
758483577893814,-0.28594232,0.6969096,9.792626
758483586586470,-0.28594232,0.6801598,9.785448
758483595279126,-0.28594232,0.6945168,9.795019
758483603971783,-0.29790643,0.69930243,9.785448
758483612664387,-0.28594232,0.69212395,9.785448
758483621357043,-0.29312077,0.68494546,9.787841
758483630049699,-0.28115666,0.6753742,9.768699
758483638742355,-0.2955136,0.68494546,9.785448
758483647435012,-0.29072794,0.6873383,9.804591
758483656127668,-0.2883351,0.6897311,9.787841
758483664820272,-0.2835495,0.68255264,9.804591
758483673512928,-0.2883351,0.70169526,9.771091
758483682205585,-0.2835495,0.6873383,9.785448
758483690898241,-0.2883351,0.69212395,9.773484
758483699590897,-0.29072794,0.68255264,9.795019
758483708283553,-0.30269206,0.68255264,9.795019
758483716976210,-0.28594232,0.69212395,9.802198
758483725668814,-0.28115666,0.6969096,9.787841
758483734361470,-0.28594232,0.6945168,9.783055
758483743054126,-0.28594232,0.68255264,9.775877
758483751746783,-0.2835495,0.6873383,9.792626
758483760439439,-0.29312077,0.68255264,9.780663
758483769132043,-0.2883351,0.69212395,9.797412
758483777824699,-0.29072794,0.6945168,9.783055
758483786517355,-0.29312077,0.69212395,9.77827
758483795210012,-0.28594232,0.6945168,9.790234
758483803902668,-0.29312077,0.68494546,9.768699
758483812595324,-0.29072794,0.69212395,9.795019
758483821287928,-0.2955136,0.68494546,9.775877
758483829980585,-0.29312077,0.6945168,9.785448
758483838673241,-0.2835495,0.69212395,9.799805
758483847365897,-0.29072794,0.6969096,9.797412
758483856058553,-0.27876383,0.6873383,9.775877
758483864751210,-0.2835495,0.6945168,9.806984
758483873443866,-0.29790643,0.68494546,9.766306
758483882136470,-0.29312077,0.6897311,9.797412
758483890829126,-0.29072794,0.68255264,9.795019
758483899521783,-0.29790643,0.6897311,9.8117695
758483908214439,-0.2883351,0.69212395,9.785448
758483916907095,-0.2835495,0.6969096,9.780663
758483925599751,-0.28115666,0.6801598,9.773484
758483934292408,-0.28594232,0.67776704,9.775877
758483942985012,-0.2955136,0.6801598,9.785448
758483951677668,-0.30269206,0.6873383,9.799805
758483960370324,-0.2883351,0.68494546,9.799805
758483969062980,-0.27876383,0.69930243,9.792626
758483977755637,-0.28594232,0.6897311,9.775877
758483986448241,-0.2835495,0.6801598,9.751948
758483995140897,-0.29790643,0.6873383,9.783055
758484003833553,-0.29790643,0.6873383,9.790234
758484012526210,-0.2883351,0.69930243,9.814162
758484021218866,-0.29072794,0.68494546,9.780663
758484029911522,-0.28594232,0.6945168,9.780663
758484038604126,-0.28115666,0.68494546,9.768699
758484047296783,-0.2883351,0.6897311,9.771091
758484055989439,-0.2955136,0.6801598,9.780663
758484064682095,-0.29312077,0.6873383,9.804591
758484073374751,-0.2835495,0.6897311,9.797412
758484082067408,-0.2883351,0.6945168,9.799805
758484090760012,-0.28115666,0.68494546,9.771091
758484099452668,-0.28594232,0.68255264,9.785448
758484108145324,-0.29072794,0.69930243,9.780663
758484116837980,-0.29072794,0.68255264,9.795019
758484125530637,-0.28594232,0.6873383,9.785448
758484134223293,-0.29312077,0.6873383,9.790234
758484142915897,-0.29312077,0.68255264,9.771091
758484151608553,-0.28594232,0.68494546,9.787841
758484160301210,-0.28115666,0.68494546,9.759128
758484168993866,-0.2883351,0.6897311,9.795019
758484177686522,-0.29072794,0.6897311,9.783055
758484186379178,-0.28594232,0.6873383,9.802198
758484195071783,-0.29072794,0.68255264,9.775877
758484203764439,-0.29072794,0.6945168,9.795019
758484212457095,-0.2883351,0.6897311,9.771091
758484221149751,-0.2835495,0.6873383,9.799805
758484229842408,-0.29312077,0.6873383,9.773484
758484238535064,-0.29312077,0.6897311,9.792626
758484247227668,-0.2883351,0.6873383,9.783055
758484255920324,-0.2883351,0.6873383,9.790234
758484264612980,-0.2883351,0.69212395,9.785448
758484273305637,-0.29312077,0.6969096,9.787841
758484281998293,-0.29072794,0.6873383,9.785448
758484290690949,-0.29072794,0.6873383,9.775877
758484299383553,-0.29072794,0.6897311,9.768699
758484308076210,-0.2835495,0.69212395,9.797412
758484316768866,-0.29312077,0.68255264,9.77827
758484325461522,-0.29312077,0.6873383,9.795019
758484334154178,-0.29072794,0.69212395,9.780663
758484342846835,-0.2883351,0.6873383,9.787841
758484351539439,-0.2883351,0.6897311,9.785448
758484360232095,-0.29072794,0.68255264,9.787841
758484368924751,-0.29072794,0.6873383,9.775877
758484377617408,-0.2883351,0.6897311,9.799805
758484386310064,-0.28594232,0.69930243,9.787841
758484395002668,-0.27876383,0.6873383,9.77827
758484403695324,-0.2883351,0.6945168,9.790234
758484412387980,-0.28594232,0.69212395,9.792626
758484421080637,-0.2835495,0.69212395,9.77827
758484429773293,-0.28594232,0.68494546,9.783055
758484438465949,-0.29072794,0.6873383,9.790234
758484447158605,-0.28594232,0.69930243,9.787841
758484455851210,-0.2883351,0.6873383,9.792626
758484464543866,-0.2835495,0.68494546,9.780663
758484473236522,-0.28594232,0.69212395,9.77827
758484481929178,-0.28594232,0.6873383,9.790234
758484490621835,-0.29072794,0.68255264,9.797412
758484499314439,-0.29072794,0.70169526,9.795019
758484508007095,-0.29312077,0.68494546,9.799805
758484516699751,-0.29312077,0.6897311,9.785448
758484525392408,-0.29072794,0.68494546,9.768699
758484534085064,-0.29312077,0.6897311,9.783055
758484542777720,-0.2955136,0.6897311,9.790234
758484551470324,-0.29072794,0.6897311,9.775877
758484560162980,-0.2883351,0.6873383,9.795019
758484568855637,-0.2883351,0.6897311,9.783055
758484577548293,-0.29072794,0.6897311,9.790234
758484586240949,-0.29072794,0.68494546,9.773484
758484594933553,-0.28594232,0.68494546,9.792626
758484603626262,-0.2955136,0.69212395,9.775877
758484612318866,-0.2883351,0.6969096,9.795019
758484621011522,-0.2883351,0.6897311,9.783055
758484629704178,-0.2883351,0.69212395,9.785448
758484638396835,-0.28594232,0.69212395,9.785448
758484647089439,-0.2883351,0.6873383,9.766306
758484655782095,-0.2835495,0.6801598,9.775877
758484664474751,-0.29072794,0.6945168,9.790234
758484673167408,-0.29790643,0.6897311,9.790234
758484681860064,-0.2883351,0.6873383,9.797412
758484690552668,-0.29072794,0.6897311,9.790234
758484699245324,-0.2835495,0.69212395,9.768699
758484707937980,-0.28594232,0.6873383,9.785448
758484716630637,-0.2883351,0.6897311,9.799805
758484725323293,-0.2883351,0.6873383,9.785448
758484734015949,-0.28594232,0.67776704,9.802198
758484742708553,-0.28594232,0.69212395,9.792626
758484751401210,-0.2955136,0.6897311,9.787841
758484760093866,-0.28594232,0.68255264,9.771091
758484768786522,-0.2955136,0.6897311,9.768699
758484777479178,-0.2955136,0.68255264,9.787841
758484786171783,-0.2955136,0.6945168,9.795019
758484794864439,-0.2955136,0.6873383,9.799805
758484803557095,-0.29312077,0.69212395,9.795019
758484812249751,-0.28115666,0.6897311,9.77827
758484820942408,-0.28115666,0.6897311,9.785448
758484829635064,-0.2955136,0.68255264,9.763913
758484838327668,-0.2955136,0.6873383,9.792626
758484847020324,-0.29312077,0.6873383,9.799805
758484855712980,-0.29312077,0.6897311,9.795019
758484864405637,-0.27876383,0.6873383,9.787841
758484873098293,-0.2883351,0.68255264,9.775877
758484881790949,-0.29072794,0.6873383,9.766306
758484890483553,-0.2955136,0.6873383,9.783055
758484899176210,-0.29072794,0.68255264,9.787841
758484907868866,-0.29072794,0.69212395,9.806984
758484916561522,-0.2835495,0.6873383,9.790234
758484925254178,-0.29072794,0.70169526,9.799805
758484933946783,-0.28594232,0.6729814,9.766306
758484942639439,-0.28594232,0.68255264,9.795019
758484951332095,-0.29312077,0.6897311,9.775877
758484960024751,-0.2955136,0.68255264,9.795019
758484968717355,-0.29072794,0.68494546,9.790234
758484977410012,-0.29072794,0.6969096,9.795019
758484986102668,-0.28115666,0.6873383,9.780663
758484994795324,-0.2835495,0.6897311,9.787841
758485003487980,-0.28594232,0.68494546,9.771091
758485012180637,-0.29312077,0.6945168,9.775877
758485020873293,-0.29312077,0.68255264,9.787841
758485029565897,-0.29072794,0.68494546,9.802198
758485038258553,-0.2955136,0.6801598,9.77827
758485046951210,-0.28594232,0.69212395,9.790234
758485055643866,-0.2883351,0.6873383,9.768699
758485064336470,-0.2883351,0.6873383,9.785448
758485073029126,-0.2955136,0.6897311,9.783055
758485081721783,-0.29072794,0.6897311,9.792626
758485090414439,-0.28115666,0.6801598,9.787841
758485099107095,-0.2835495,0.6945168,9.802198
758485107799751,-0.29072794,0.6801598,9.768699
758485116492355,-0.2883351,0.6897311,9.797412
758485125185012,-0.28594232,0.6897311,9.77827
758485133877668,-0.28594232,0.6897311,9.797412
758485142570324,-0.2883351,0.6945168,9.787841
758485151262980,-0.28594232,0.6897311,9.785448
758485159955585,-0.2883351,0.6873383,9.790234
758485168648241,-0.2955136,0.68494546,9.785448
758485177340897,-0.28594232,0.6873383,9.787841
758485186033553,-0.29790643,0.68494546,9.790234
758485194726210,-0.29072794,0.6873383,9.792626
758485203418814,-0.28594232,0.68255264,9.775877
758485212111470,-0.28594232,0.69212395,9.806984
758485220804126,-0.29072794,0.68255264,9.771091
758485229496783,-0.28594232,0.6969096,9.799805
758485238189439,-0.29072794,0.68255264,9.775877
758485246882043,-0.28594232,0.6897311,9.806984
758485255574699,-0.29312077,0.69212395,9.795019
758485264267355,-0.29072794,0.6897311,9.792626
758485272960012,-0.28594232,0.69212395,9.775877
758485281652668,-0.2955136,0.68494546,9.785448
758485290345272,-0.29072794,0.68494546,9.77827
758485299037928,-0.2883351,0.6969096,9.783055
758485307730585,-0.28594232,0.6873383,9.783055
758485316423241,-0.28594232,0.6873383,9.785448
758485325115897,-0.29312077,0.68255264,9.783055
758485333808553,-0.28594232,0.6945168,9.795019
758485342501158,-0.28594232,0.6969096,9.77827
758485351193814,-0.29072794,0.69212395,9.790234
758485359886470,-0.29072794,0.6873383,9.77827
758485368579126,-0.29312077,0.68494546,9.785448
758485377271730,-0.2883351,0.68255264,9.785448
758485385964387,-0.29072794,0.68494546,9.792626
758485394657043,-0.2883351,0.6897311,9.790234
758485403349699,-0.2883351,0.6897311,9.792626
758485412042355,-0.28594232,0.69212395,9.775877
758485420735012,-0.2835495,0.68494546,9.785448
758485429427616,-0.29072794,0.68494546,9.771091
758485438120272,-0.29072794,0.6897311,9.795019
758485446812928,-0.2883351,0.68255264,9.77827
758485455505585,-0.2883351,0.69212395,9.795019
758485464198241,-0.2955136,0.6945168,9.787841
758485472890845,-0.28594232,0.6897311,9.783055
758485481583501,-0.2883351,0.6801598,9.785448
758485490276158,-0.29312077,0.68255264,9.783055
758485498968814,-0.2883351,0.69212395,9.766306
758485507661470,-0.29312077,0.68255264,9.792626
758485516354074,-0.28115666,0.69212395,9.809377
758485525046730,-0.28594232,0.6897311,9.783055
758485533739387,-0.29072794,0.68494546,9.775877
758485542432043,-0.2883351,0.68494546,9.780663
758485551124699,-0.2835495,0.6873383,9.802198
758485559817303,-0.2955136,0.69212395,9.783055
758485568509960,-0.29072794,0.6873383,9.792626
758485577202616,-0.2883351,0.6873383,9.785448
758485585895272,-0.29312077,0.6897311,9.785448
758485594587928,-0.29072794,0.6897311,9.775877
758485603280533,-0.2835495,0.6945168,9.799805
758485611973189,-0.29072794,0.6897311,9.792626
758485620665845,-0.28594232,0.6897311,9.787841
758485629358501,-0.29312077,0.68494546,9.775877
758485638051158,-0.2883351,0.6801598,9.780663
758485646743762,-0.2883351,0.6969096,9.790234
758485655436418,-0.2883351,0.68494546,9.785448
758485664129074,-0.28594232,0.6969096,9.804591
758485672821730,-0.28594232,0.6897311,9.77827
758485681514387,-0.2883351,0.6873383,9.780663
758485690206991,-0.28594232,0.69212395,9.792626
758485698899647,-0.2955136,0.6873383,9.771091
758485707592303,-0.29312077,0.6873383,9.797412
758485716284960,-0.29312077,0.6945168,9.783055
758485724977616,-0.2835495,0.6897311,9.799805
758485733670220,-0.2835495,0.68255264,9.773484
758485742362876,-0.29072794,0.6945168,9.783055
758485751055533,-0.29072794,0.68494546,9.785448
758485759748189,-0.2955136,0.6969096,9.802198
758485768440845,-0.29312077,0.6897311,9.790234
758485777133449,-0.2835495,0.70169526,9.787841
758485785826105,-0.28594232,0.6873383,9.773484
758485794518762,-0.2955136,0.6873383,9.783055
758485803211418,-0.2883351,0.68494546,9.783055
758485811904022,-0.2883351,0.6873383,9.792626
758485820596678,-0.29072794,0.6801598,9.797412
758485829289335,-0.28594232,0.68494546,9.790234
758485837981991,-0.27876383,0.6897311,9.76152
758485846674595,-0.2883351,0.6897311,9.787841
758485855367251,-0.2883351,0.6801598,9.775877
758485864059908,-0.2883351,0.68494546,9.814162
758485872752564,-0.29312077,0.68494546,9.768699
758485881445220,-0.28594232,0.69212395,9.792626
758485890137876,-0.2835495,0.69212395,9.783055
758485898830480,-0.2883351,0.68255264,9.785448
758485907523137,-0.27876383,0.68255264,9.792626
758485916215793,-0.29072794,0.68255264,9.77827
758485924908449,-0.28115666,0.6969096,9.795019
758485933601053,-0.29312077,0.6873383,9.771091
758485942293710,-0.2883351,0.6873383,9.785448
758485950986366,-0.2883351,0.6969096,9.792626
758485959679022,-0.29072794,0.6801598,9.783055
758485968371678,-0.28594232,0.6873383,9.780663
758485977064283,-0.2883351,0.6945168,9.792626
758485985756939,-0.2835495,0.68494546,9.773484
758485994449595,-0.2883351,0.69212395,9.797412
758486003142251,-0.2883351,0.68255264,9.780663
758486011834908,-0.2955136,0.68494546,9.785448
758486020527512,-0.29312077,0.69212395,9.783055
758486029220168,-0.29072794,0.6873383,9.780663
758486037912824,-0.29072794,0.6969096,9.795019
758486046605480,-0.29312077,0.69212395,9.773484
758486055298137,-0.29072794,0.6873383,9.802198
758486063990741,-0.29072794,0.6945168,9.814162
758486072683397,-0.2883351,0.6945168,9.725628
758486081376053,-0.29072794,0.67776704,9.814162
758486090068710,-0.2955136,0.6945168,9.799805
758486098761314,-0.2739782,0.6969096,9.840483
758486107453970,-0.27158538,0.68494546,9.833304
758486116146626,-0.30508488,0.7112665,9.61795
758486124839283,-0.2955136,0.6801598,9.890733
758486133531939,-0.28594232,0.6873383,9.756734
758486142224543,-0.31465617,0.67776704,9.742377
758486150917199,-0.3074777,0.67058855,9.8428755
758486159609855,-0.2883351,0.6945168,9.790234
758486168302512,-0.2644069,0.69930243,9.804591
758486176995168,-0.3074777,0.6969096,9.694521
758486185687772,-0.2883351,0.68255264,9.795019
758486194380428,-0.2883351,0.67776704,9.809377
758486203073085,-0.30029923,0.6753742,9.802198
758486211765741,-0.30029923,0.6753742,9.74477
758486220458345,-0.2955136,0.6897311,9.821341
758486229151001,-0.28594232,0.6969096,9.797412
758486237843658,-0.28594232,0.6945168,9.763913
758486246536314,-0.27876383,0.6945168,9.783055
758486255228970,-0.29312077,0.6873383,9.771091
758486263921574,-0.2955136,0.6729814,9.806984
758486272614230,-0.3074777,0.6801598,9.775877
758486281306887,-0.29072794,0.6801598,9.802198
758486289999543,-0.29790643,0.6969096,9.792626
758486298692199,-0.29312077,0.68494546,9.783055
758486307384803,-0.2739782,0.68494546,9.768699
758486316077460,-0.276371,0.6897311,9.773484
758486324770116,-0.29790643,0.68255264,9.799805
758486333462772,-0.30269206,0.6801598,9.790234
758486342155376,-0.29312077,0.68255264,9.799805
758486350848033,-0.29312077,0.6969096,9.785448
758486359540689,-0.2883351,0.69212395,9.785448
758486368233345,-0.2883351,0.68494546,9.780663
758486376925949,-0.2835495,0.68494546,9.773484
758486385618605,-0.29312077,0.68255264,9.785448
758486394311262,-0.30029923,0.68494546,9.787841
758486403003918,-0.29790643,0.68494546,9.790234
758486411696522,-0.2955136,0.6873383,9.790234
758486420389178,-0.28115666,0.6945168,9.802198
758486429081835,-0.2883351,0.6945168,9.768699
758486437774491,-0.2883351,0.68494546,9.785448
758486446467147,-0.29312077,0.68494546,9.773484
758486455159751,-0.29790643,0.69212395,9.785448
758486463852408,-0.29072794,0.6801598,9.790234
758486472545064,-0.28594232,0.6897311,9.785448
758486481237720,-0.2835495,0.6873383,9.780663
758486489930376,-0.29312077,0.6753742,9.783055
758486498622980,-0.2883351,0.6873383,9.763913
758486507315637,-0.29312077,0.68494546,9.797412
758486516008293,-0.2955136,0.6753742,9.766306
758486524700949,-0.30029923,0.68494546,9.804591
758486533393605,-0.28115666,0.6897311,9.797412
758486542086210,-0.2883351,0.69212395,9.790234
758486550778866,-0.2883351,0.69212395,9.759128
758486559471522,-0.29072794,0.6969096,9.785448
758486568164126,-0.29790643,0.68494546,9.785448
758486576856783,-0.29790643,0.6873383,9.795019
758486585549439,-0.2883351,0.68255264,9.792626
758486594242095,-0.29072794,0.6945168,9.792626
758486602934751,-0.28594232,0.69930243,9.792626
758486611627355,-0.27876383,0.69930243,9.77827
758486620320012,-0.28115666,0.6897311,9.780663
758486629012668,-0.2835495,0.6801598,9.804591
758486637705324,-0.28115666,0.68494546,9.783055
758486646397980,-0.2883351,0.6873383,9.804591
758486655090585,-0.29790643,0.6897311,9.77827
758486663783241,-0.2883351,0.68494546,9.795019
758486672475897,-0.28594232,0.68255264,9.790234
758486681168553,-0.28115666,0.68494546,9.771091
758486689861158,-0.29072794,0.69212395,9.787841
758486698553814,-0.2883351,0.68255264,9.766306
758486707246470,-0.29312077,0.68255264,9.790234
758486715939126,-0.29072794,0.6753742,9.792626
758486724631730,-0.2955136,0.6969096,9.792626
758486733324387,-0.2883351,0.6873383,9.790234
758486742017043,-0.28115666,0.6801598,9.787841
758486750709699,-0.2835495,0.6873383,9.773484
758486759402355,-0.29312077,0.6873383,9.797412
758486768094960,-0.2835495,0.6897311,9.787841
758486776787616,-0.2883351,0.69212395,9.787841
758486785480272,-0.29790643,0.6873383,9.785448
758486794172928,-0.29312077,0.68494546,9.783055
758486802865585,-0.29312077,0.6801598,9.771091
758486811558189,-0.29312077,0.67776704,9.785448
758486820250845,-0.29072794,0.6873383,9.771091
758486828943501,-0.30029923,0.68494546,9.783055
758486837636158,-0.28594232,0.6897311,9.799805
758486846328762,-0.2835495,0.6945168,9.804591
758486855021418,-0.2835495,0.68494546,9.783055
758486863714074,-0.28594232,0.6945168,9.773484
758486872406730,-0.2883351,0.6873383,9.792626
758486881099335,-0.29790643,0.69212395,9.785448
758486889791991,-0.29072794,0.68494546,9.799805
758486898484647,-0.29072794,0.68494546,9.763913
758486907177303,-0.28594232,0.6897311,9.790234
758486915869908,-0.28115666,0.6873383,9.792626
758486924562564,-0.28115666,0.6897311,9.780663
758486933255220,-0.29072794,0.6801598,9.780663
758486941947876,-0.2955136,0.6873383,9.797412
758486950640480,-0.2883351,0.69212395,9.806984
758486959333137,-0.2835495,0.69930243,9.797412
758486968025793,-0.2883351,0.6897311,9.773484
758486976718449,-0.2883351,0.69212395,9.77827
758486985411053,-0.2835495,0.68255264,9.775877
758486994103710,-0.29072794,0.6897311,9.771091
758487002796366,-0.2883351,0.6873383,9.792626
758487011489022,-0.2883351,0.6945168,9.795019
758487020181678,-0.28594232,0.6897311,9.785448
758487028874283,-0.2835495,0.6873383,9.790234
758487037566939,-0.2883351,0.68494546,9.775877
758487046259595,-0.29072794,0.69212395,9.785448
758487054952251,-0.29072794,0.68494546,9.775877
758487063644855,-0.28594232,0.6873383,9.797412
758487072337512,-0.2835495,0.69212395,9.795019
758487081030168,-0.2883351,0.68255264,9.780663
758487089722824,-0.28594232,0.6897311,9.795019
758487098415428,-0.28594232,0.68255264,9.785448
758487107108085,-0.29312077,0.69212395,9.780663
758487115800741,-0.2955136,0.68255264,9.787841
758487124493397,-0.29312077,0.68255264,9.790234
758487133186001,-0.28594232,0.6801598,9.787841
758487141878658,-0.2883351,0.6873383,9.792626
758487150571314,-0.2955136,0.6897311,9.77827
758487159263970,-0.29072794,0.6897311,9.783055
758487167956626,-0.28594232,0.6801598,9.775877
758487176649230,-0.29072794,0.6969096,9.792626
758487185341887,-0.2955136,0.69212395,9.783055
758487194034543,-0.29312077,0.6897311,9.780663
758487202727199,-0.28594232,0.6945168,9.783055
758487211419803,-0.2835495,0.6873383,9.773484
758487220112460,-0.2883351,0.6897311,9.797412
758487228805116,-0.28594232,0.6897311,9.790234
758487237497772,-0.28594232,0.6753742,9.785448
758487246190376,-0.2835495,0.6873383,9.780663
758487254883033,-0.29790643,0.68255264,9.780663
758487263575689,-0.29312077,0.6969096,9.795019
758487272268345,-0.2883351,0.69212395,9.771091
758487280960949,-0.2835495,0.6969096,9.790234
758487289653605,-0.29312077,0.69212395,9.780663
758487298346262,-0.2835495,0.6873383,9.780663
758487307038918,-0.29072794,0.6873383,9.773484
758487315731574,-0.29312077,0.68255264,9.780663
758487324424178,-0.2883351,0.69212395,9.783055
758487333116835,-0.2883351,0.69212395,9.795019
758487341809491,-0.28594232,0.69212395,9.77827
758487350502147,-0.28115666,0.6897311,9.785448
758487359194751,-0.2955136,0.6897311,9.785448
758487367887408,-0.29790643,0.6873383,9.787841
758487376580064,-0.2883351,0.68494546,9.797412
758487385272720,-0.2883351,0.69212395,9.775877
758487393965324,-0.29312077,0.6873383,9.792626
758487402657980,-0.29072794,0.68255264,9.780663
758487411350637,-0.2835495,0.68255264,9.787841
758487420043293,-0.2883351,0.68255264,9.768699
758487428735897,-0.29312077,0.69930243,9.8117695
758487437428553,-0.29312077,0.68494546,9.771091
758487446121210,-0.2835495,0.6945168,9.8117695
758487454813866,-0.28594232,0.68494546,9.773484
758487463506470,-0.29312077,0.6897311,9.790234
758487472199126,-0.2883351,0.68255264,9.775877
758487480891783,-0.2883351,0.67776704,9.795019
758487489584439,-0.28594232,0.69212395,9.787841
758487498277043,-0.2955136,0.6945168,9.802198
758487506969699,-0.2883351,0.6897311,9.775877
758487515662355,-0.2835495,0.6801598,9.797412
758487524355012,-0.29790643,0.68494546,9.766306
758487533047616,-0.29312077,0.6897311,9.792626
758487541740272,-0.2955136,0.6873383,9.787841
758487550432928,-0.2883351,0.68494546,9.809377
758487559125585,-0.28594232,0.6969096,9.785448
758487567818189,-0.29312077,0.68494546,9.785448
758487576510845,-0.28115666,0.68494546,9.780663
758487585203501,-0.29312077,0.6873383,9.785448
758487593896158,-0.2835495,0.68255264,9.795019
758487602588814,-0.29312077,0.6897311,9.799805
758487611281418,-0.2835495,0.6945168,9.797412
758487619974074,-0.29072794,0.67776704,9.77827
758487628666730,-0.2883351,0.6897311,9.780663
758487637359335,-0.28115666,0.67776704,9.771091
758487646051991,-0.29312077,0.68494546,9.795019
758487654744647,-0.29072794,0.6897311,9.775877
758487663437303,-0.2835495,0.6969096,9.816555
758487672129908,-0.29312077,0.6801598,9.787841
758487680822564,-0.2883351,0.68494546,9.787841
758487689515220,-0.29072794,0.68494546,9.756734
758487698207876,-0.29312077,0.68494546,9.792626
758487706900533,-0.29072794,0.6873383,9.783055
758487715593137,-0.30269206,0.6897311,9.802198
758487724285793,-0.29312077,0.6873383,9.780663
758487732978449,-0.28115666,0.68494546,9.809377
758487741671053,-0.28594232,0.6945168,9.768699
758487750363710,-0.2835495,0.6945168,9.797412
758487759056366,-0.28594232,0.68255264,9.763913
758487767749022,-0.29072794,0.6873383,9.792626
758487776441678,-0.29312077,0.68255264,9.802198
758487785134283,-0.2955136,0.69212395,9.792626
758487793826939,-0.2883351,0.6945168,9.783055
758487802519595,-0.28594232,0.6897311,9.783055
758487811212251,-0.28594232,0.6873383,9.783055
758487819904855,-0.29072794,0.69212395,9.797412
758487828597512,-0.29790643,0.67776704,9.783055
758487837290168,-0.29312077,0.68494546,9.783055
758487845982824,-0.2883351,0.69930243,9.792626
758487854675428,-0.29312077,0.68255264,9.792626
758487863368085,-0.27876383,0.6897311,9.787841
758487872060741,-0.2883351,0.68494546,9.771091
758487880753345,-0.2883351,0.6873383,9.799805
758487889446001,-0.28594232,0.69212395,9.780663
758487898138658,-0.29072794,0.69212395,9.780663
758487906831314,-0.30029923,0.6945168,9.792626
758487915523918,-0.28594232,0.6897311,9.787841
758487924216574,-0.28594232,0.68494546,9.792626
758487932909230,-0.29072794,0.6873383,9.787841
758487941601887,-0.28594232,0.6969096,9.771091
758487950294491,-0.28594232,0.69212395,9.790234
758487958987147,-0.29312077,0.6873383,9.783055
758487967679803,-0.29072794,0.68494546,9.780663
758487976372460,-0.2883351,0.69212395,9.785448
758487985065064,-0.2955136,0.6873383,9.768699
758487993757720,-0.29072794,0.69212395,9.797412
758488002450376,-0.29072794,0.6897311,9.785448
758488011143033,-0.29312077,0.6873383,9.77827
758488019835637,-0.29072794,0.6801598,9.790234
758488028528293,-0.29312077,0.68494546,9.77827
758488037220949,-0.29072794,0.6897311,9.795019
758488045913553,-0.2955136,0.6873383,9.780663
758488054606210,-0.28594232,0.6897311,9.785448
758488063298866,-0.28115666,0.69212395,9.787841
758488071991522,-0.2883351,0.69212395,9.780663
758488080684126,-0.28594232,0.69212395,9.785448
758488089376783,-0.29312077,0.6897311,9.787841
758488098069439,-0.2955136,0.6897311,9.773484
758488106762095,-0.29072794,0.6897311,9.785448
758488115454751,-0.28594232,0.6801598,9.792626
758488124147355,-0.2835495,0.67776704,9.771091
758488132840012,-0.2835495,0.68494546,9.785448
758488141532668,-0.29312077,0.69212395,9.790234
758488150225324,-0.29072794,0.69212395,9.785448
758488158917928,-0.2835495,0.6801598,9.783055
758488167610585,-0.29072794,0.69212395,9.787841
758488176303241,-0.2883351,0.68494546,9.771091
758488184995897,-0.2835495,0.6873383,9.785448
758488193688501,-0.29072794,0.6873383,9.787841
758488202381158,-0.2835495,0.6897311,9.77827
758488211073814,-0.28594232,0.69212395,9.797412
758488219766470,-0.2955136,0.6801598,9.773484
758488228459074,-0.29790643,0.6897311,9.795019
758488237151730,-0.29072794,0.6873383,9.771091
758488245844387,-0.29312077,0.68255264,9.790234
758488254537043,-0.29072794,0.69212395,9.792626
758488263229647,-0.2835495,0.6801598,9.790234
758488271922303,-0.2883351,0.69212395,9.77827
758488280614960,-0.29072794,0.68494546,9.77827
758488289307616,-0.29072794,0.6873383,9.787841
758488298000220,-0.29312077,0.68255264,9.795019
758488306692876,-0.2883351,0.68494546,9.787841
758488315385533,-0.2835495,0.69212395,9.787841
758488324078189,-0.29072794,0.68494546,9.773484
758488332770845,-0.29072794,0.68255264,9.773484
758488341463449,-0.2955136,0.68255264,9.77827
758488350156105,-0.2955136,0.6945168,9.790234
758488358848762,-0.29312077,0.6897311,9.783055
758488367541314,-0.2835495,0.6897311,9.783055
758488376234022,-0.29312077,0.68494546,9.775877
758488384926678,-0.2883351,0.69212395,9.77827
758488393619335,-0.2883351,0.6801598,9.783055
758488402311991,-0.2883351,0.6897311,9.787841
758488411004595,-0.28594232,0.6897311,9.795019
758488419697251,-0.2883351,0.6897311,9.787841
758488428389908,-0.28594232,0.68494546,9.783055
758488437082564,-0.29072794,0.6873383,9.780663
758488445775168,-0.2835495,0.6873383,9.775877
758488454467824,-0.2955136,0.6897311,9.775877
758488463160480,-0.2883351,0.68255264,9.775877
758488471853137,-0.28594232,0.69212395,9.787841
758488480545793,-0.2955136,0.6897311,9.787841
758488489238397,-0.2883351,0.6897311,9.787841
758488497931053,-0.28594232,0.68255264,9.766306
758488506623710,-0.29072794,0.6873383,9.775877
758488515316314,-0.29072794,0.69212395,9.783055
758488524008970,-0.29790643,0.6873383,9.799805
758488532701626,-0.2883351,0.6873383,9.785448
758488541394283,-0.2883351,0.68255264,9.785448
758488550086939,-0.2835495,0.6897311,9.780663
758488558779543,-0.29072794,0.68255264,9.775877
758488567472199,-0.2883351,0.68494546,9.771091
758488576164855,-0.29312077,0.68494546,9.790234
758488584857512,-0.29072794,0.68494546,9.783055
758488593550168,-0.29072794,0.68494546,9.792626
758488602242772,-0.2883351,0.6873383,9.787841
758488610935428,-0.28594232,0.6801598,9.771091
758488619628085,-0.29312077,0.68494546,9.783055
758488628320741,-0.29312077,0.6873383,9.780663
758488637013397,-0.29312077,0.67776704,9.785448
758488645706001,-0.2955136,0.6873383,9.790234
758488654398658,-0.28594232,0.68255264,9.790234
758488663091314,-0.28594232,0.68255264,9.783055
758488671783970,-0.27876383,0.6897311,9.785448
758488680476574,-0.29312077,0.6969096,9.787841
758488689169230,-0.2883351,0.69212395,9.775877
758488697861887,-0.28594232,0.6897311,9.783055
758488706554543,-0.29072794,0.6873383,9.785448
758488715247199,-0.28594232,0.6801598,9.792626
758488723939855,-0.2883351,0.6897311,9.783055
758488732632460,-0.29312077,0.69212395,9.783055
758488741325116,-0.2883351,0.68494546,9.783055
758488750017772,-0.2883351,0.6897311,9.780663
758488758710428,-0.29312077,0.6801598,9.783055
758488767403085,-0.29312077,0.68255264,9.775877
758488776095689,-0.2883351,0.69212395,9.792626
758488784788345,-0.29072794,0.6969096,9.790234
758488793481001,-0.28115666,0.68494546,9.787841
758488802173658,-0.2883351,0.68494546,9.773484
758488810866314,-0.29072794,0.6897311,9.792626
758488819558918,-0.2955136,0.6897311,9.780663
758488828251574,-0.29312077,0.68255264,9.799805
758488836944230,-0.2883351,0.68255264,9.780663
758488845636887,-0.2835495,0.68494546,9.797412
758488854329543,-0.28594232,0.69212395,9.780663
758488863022147,-0.29072794,0.6873383,9.77827
758488871714803,-0.28594232,0.6873383,9.780663
758488880407460,-0.2955136,0.6873383,9.783055
758488889100116,-0.29072794,0.6753742,9.795019
758488897792772,-0.2955136,0.68494546,9.785448
758488906485428,-0.2835495,0.68255264,9.780663
758488915178033,-0.29312077,0.6897311,9.775877
758488923870689,-0.2883351,0.6897311,9.780663
758488932563345,-0.2883351,0.69212395,9.799805
758488941255949,-0.2883351,0.6873383,9.775877
758488949948605,-0.29312077,0.6873383,9.780663
758488958641262,-0.2883351,0.6897311,9.783055
758488967333918,-0.29312077,0.70169526,9.806984
758488976026574,-0.28594232,0.6897311,9.773484
758488984719230,-0.27876383,0.68255264,9.795019
758488993411835,-0.29072794,0.6873383,9.77827
758489002104491,-0.29072794,0.67776704,9.783055
758489010797147,-0.29312077,0.68494546,9.775877
758489019489803,-0.30029923,0.6873383,9.802198
758489028182460,-0.29312077,0.6873383,9.790234
758489036875064,-0.28115666,0.69212395,9.787841
758489045567720,-0.2835495,0.6801598,9.763913
758489054260376,-0.29072794,0.68494546,9.773484
758489062953033,-0.30029923,0.6801598,9.768699
758489071645637,-0.29790643,0.6873383,9.806984
758489080338293,-0.29072794,0.6945168,9.799805
758489089030949,-0.28594232,0.6873383,9.780663
758489097723605,-0.28115666,0.68494546,9.77827
758489106416262,-0.2955136,0.6801598,9.759128
758489115108918,-0.29072794,0.6801598,9.785448
758489123801522,-0.30269206,0.6897311,9.802198
758489132494178,-0.29790643,0.6729814,9.780663
758489141186835,-0.2835495,0.6969096,9.806984
758489149879491,-0.2883351,0.68494546,9.766306
758489158572147,-0.28594232,0.6897311,9.775877
758489167264751,-0.29072794,0.6873383,9.775877
758489175957408,-0.29312077,0.69212395,9.785448
758489184650064,-0.2835495,0.68494546,9.785448
758489193342720,-0.2835495,0.6873383,9.785448
758489202035376,-0.29312077,0.6801598,9.780663
758489210728033,-0.2883351,0.6897311,9.787841
758489219420637,-0.28594232,0.68255264,9.783055
758489228113293,-0.2835495,0.6969096,9.775877
758489236805949,-0.2883351,0.69212395,9.799805
758489245498605,-0.2883351,0.6873383,9.785448
758489254191262,-0.29072794,0.68255264,9.787841
758489262883866,-0.30269206,0.6969096,9.799805
758489271576522,-0.29072794,0.69212395,9.775877
758489280269178,-0.29072794,0.6945168,9.797412
758489288961835,-0.29312077,0.68494546,9.76152
758489297654491,-0.28594232,0.6897311,9.802198
758489306347095,-0.29072794,0.68255264,9.763913
758489315039751,-0.29072794,0.68255264,9.785448
758489323732408,-0.29072794,0.6873383,9.783055
758489332425064,-0.2955136,0.68255264,9.792626
758489341117720,-0.29072794,0.6873383,9.790234
758489349810324,-0.29790643,0.69930243,9.768699
758489358502980,-0.29312077,0.6873383,9.768699
758489367195637,-0.29790643,0.68255264,9.787841
758489375888293,-0.29312077,0.67776704,9.790234
758489384580949,-0.29312077,0.6873383,9.797412
758489393273553,-0.28594232,0.6873383,9.783055
758489401966210,-0.29072794,0.6897311,9.780663
758489410658866,-0.29072794,0.6801598,9.785448
758489419351522,-0.29312077,0.6801598,9.783055
758489428044178,-0.2883351,0.6801598,9.792626
758489436736783,-0.29312077,0.68494546,9.797412
758489445429439,-0.2955136,0.68494546,9.773484
758489454122095,-0.30508488,0.6897311,9.797412
758489462814751,-0.29072794,0.6897311,9.773484
758489471507408,-0.29072794,0.67776704,9.809377
758489480200012,-0.29312077,0.6897311,9.77827
758489488892668,-0.29072794,0.6801598,9.802198
758489497585324,-0.29312077,0.68494546,9.773484
758489506277980,-0.2883351,0.6969096,9.795019
758489514970637,-0.29312077,0.68494546,9.785448
758489523663241,-0.28594232,0.6801598,9.797412
758489532355897,-0.2883351,0.6897311,9.780663
758489541048553,-0.2955136,0.6801598,9.787841
758489549741210,-0.29312077,0.6873383,9.768699
758489558433866,-0.2955136,0.6873383,9.790234
758489567126470,-0.29790643,0.68255264,9.799805
758489575819126,-0.2955136,0.6801598,9.783055
758489584511783,-0.2835495,0.68255264,9.785448
758489593204439,-0.29312077,0.6897311,9.775877
758489601897095,-0.28594232,0.68494546,9.787841
758489610589699,-0.29312077,0.6873383,9.775877
758489619282355,-0.29312077,0.69212395,9.792626
758489627975012,-0.2883351,0.68494546,9.790234
758489636667668,-0.29072794,0.69212395,9.795019
758489645360324,-0.2883351,0.68494546,9.780663
758489654052928,-0.29312077,0.6801598,9.783055
758489662745585,-0.29790643,0.6801598,9.780663
758489671438241,-0.30269206,0.68494546,9.783055
758489680130897,-0.2883351,0.68255264,9.785448
758489688823553,-0.29072794,0.6897311,9.773484
758489697516158,-0.29312077,0.67776704,9.759128
758489706208814,-0.30269206,0.68494546,9.787841
758489714901470,-0.28594232,0.6897311,9.823733
758489723594126,-0.276371,0.6945168,9.8117695
758489732286783,-0.2883351,0.6969096,9.763913
758489740979439,-0.2835495,0.6945168,9.766306
758489749672043,-0.2955136,0.6945168,9.785448
758489758364699,-0.30508488,0.6753742,9.795019
758489767057355,-0.2955136,0.69212395,9.802198
758489775750012,-0.2955136,0.6897311,9.804591
758489784442668,-0.29312077,0.69930243,9.785448
758489793135272,-0.29072794,0.6873383,9.751948
758489801827928,-0.2883351,0.6873383,9.773484
758489810520585,-0.2955136,0.6753742,9.77827
758489819213241,-0.2883351,0.6801598,9.790234
758489827905845,-0.29790643,0.68494546,9.780663
758489836598501,-0.29312077,0.69212395,9.792626
758489845291158,-0.27876383,0.6969096,9.785448
758489853983814,-0.2835495,0.69212395,9.783055
758489862676470,-0.28115666,0.6897311,9.775877
758489871369126,-0.2835495,0.68494546,9.773484
758489880061730,-0.29312077,0.68255264,9.780663
758489888754387,-0.29312077,0.69212395,9.804591
758489897447043,-0.29072794,0.6897311,9.797412
758489906139699,-0.2955136,0.6873383,9.77827
758489914832355,-0.29312077,0.6753742,9.728021
758489923524960,-0.2955136,0.68255264,9.763913
758489932217616,-0.2955136,0.67776704,9.77827
758489940910272,-0.2883351,0.68494546,9.816555
758489949602928,-0.28594232,0.6897311,9.799805
758489958295585,-0.28594232,0.6945168,9.77827
758489966988241,-0.2883351,0.6801598,9.71845
758489975680845,-0.33140594,0.7040881,9.732806
758489984373501,-0.24047868,0.6945168,10.144372
758489993066158,-0.21894327,0.7399804,9.646665
758490001758814,-0.33140594,0.70169526,9.57488
758490010451470,-0.32183465,0.6753742,9.902697
758490019144074,-0.28115666,0.6801598,9.74477
758490027836730,-0.29312077,0.66341007,9.897911
758490036529387,-0.3290131,0.6658029,9.653843
758490045222043,-0.25962126,0.6897311,9.864411
758490053914699,-0.26679972,0.6945168,9.795019
758490062607355,-0.28594232,0.6969096,9.737592
758490071299960,-0.2835495,0.6897311,9.725628
758490079992616,-0.28594232,0.6897311,9.87159
758490088685272,-0.30269206,0.68494546,9.773484
758490097377928,-0.30508488,0.68255264,9.763913
758490106070585,-0.2883351,0.6897311,9.775877
758490114763241,-0.28115666,0.6969096,9.826126
758490123455845,-0.2883351,0.6969096,9.77827
758490132148501,-0.27158538,0.6873383,9.759128
758490140841158,-0.26919255,0.68494546,9.783055
758490149533814,-0.30508488,0.68255264,9.783055
758490158226470,-0.29072794,0.6681957,9.821341
758490166919126,-0.2883351,0.6873383,9.77827
758490175611730,-0.29072794,0.69930243,9.77827
758490184304387,-0.29790643,0.6873383,9.76152
758490192997043,-0.27876383,0.6897311,9.806984
758490201689699,-0.276371,0.69212395,9.785448
758490210382355,-0.29312077,0.6945168,9.768699
758490219075012,-0.30508488,0.68494546,9.751948
758490227767616,-0.2955136,0.68494546,9.799805
758490236460272,-0.27876383,0.69930243,9.797412
758490245152928,-0.2883351,0.6897311,9.797412
758490253845585,-0.2835495,0.6897311,9.763913
758490262538241,-0.28594232,0.6897311,9.790234
758490271230897,-0.29312077,0.6729814,9.742377
758490279923553,-0.29312077,0.68255264,9.8117695
758490288616158,-0.30269206,0.6945168,9.809377
758490297308814,-0.28115666,0.6897311,9.792626
758490306001470,-0.2835495,0.7040881,9.773484
758490314694126,-0.2955136,0.6873383,9.7399845
758490323386783,-0.28115666,0.6873383,9.845269
758490332079439,-0.28594232,0.6801598,9.747163
758490340772095,-0.28594232,0.6801598,9.816555
758490349464699,-0.2955136,0.6801598,9.7399845
758490358157355,-0.29312077,0.68494546,9.823733
758490366850012,-0.28594232,0.6897311,9.775877
758490375542668,-0.28594232,0.68255264,9.768699
758490384235324,-0.28115666,0.6801598,9.773484
758490392927980,-0.29072794,0.6801598,9.780663
758490401620637,-0.29072794,0.67776704,9.77827
758490410313241,-0.29312077,0.69212395,9.814162
758490419005897,-0.29072794,0.6945168,9.771091
758490427698553,-0.276371,0.6873383,9.799805
758490436391210,-0.276371,0.68255264,9.759128
758490445083866,-0.28594232,0.68255264,9.775877
758490453776522,-0.29072794,0.6729814,9.799805
758490462469178,-0.29312077,0.68494546,9.759128
758490471161783,-0.29072794,0.6801598,9.804591
758490479854439,-0.3074777,0.6945168,9.804591
758490488547095,-0.276371,0.69212395,9.751948
758490497239751,-0.2835495,0.68255264,9.8428755
758490505932408,-0.29312077,0.6945168,9.653843
758490514625064,-0.2883351,0.67776704,9.881161
758490523317720,-0.30508488,0.6969096,9.716056
758490532010376,-0.2835495,0.68255264,9.864411
758490540702980,-0.2883351,0.6969096,9.74477
758490549395637,-0.28115666,0.6897311,9.804591
758490558088293,-0.26919255,0.6897311,9.754341
758490566780949,-0.29312077,0.68494546,9.759128
758490575473605,-0.29072794,0.6945168,9.806984
758490584166262,-0.2955136,0.68255264,9.785448
758490592858918,-0.28594232,0.6897311,9.806984
758490601551574,-0.29072794,0.6873383,9.747163
758490610244178,-0.2835495,0.68494546,9.795019
758490618936835,-0.29072794,0.6873383,9.720842
758490627629491,-0.2835495,0.69212395,9.881161
758490636322147,-0.29072794,0.69930243,9.704092
758490645014803,-0.2955136,0.6753742,9.8428755
758490653707460,-0.29312077,0.6897311,9.763913
758490662400116,-0.29072794,0.6873383,9.795019
758490671092772,-0.29072794,0.68494546,9.785448
758490679785428,-0.28594232,0.6969096,9.747163
758490688478033,-0.29072794,0.6729814,9.895518
758490697170689,-0.29790643,0.69212395,9.632308
758490705863345,-0.2883351,0.66341007,9.929018
758490714556001,-0.30029923,0.6969096,9.658628
758490723248658,-0.276371,0.6753742,9.907482
758490731941314,-0.29072794,0.6897311,9.689735
758490740633970,-0.27158538,0.6801598,9.850055
758490749326626,-0.27876383,0.7040881,9.751948
758490758019230,-0.29312077,0.68255264,9.797412
758490766711887,-0.27876383,0.6873383,9.787841
758490775404543,-0.29312077,0.67776704,9.773484
758490784097199,-0.2883351,0.6897311,9.814162
758490792789855,-0.3074777,0.6897311,9.763913
758490801482512,-0.27158538,0.68255264,9.792626
758490810175168,-0.3074777,0.68494546,9.773484
758490818867824,-0.2955136,0.6753742,9.790234
758490827560428,-0.28594232,0.6897311,9.818948
758490836253085,-0.2883351,0.69212395,9.754341
758490844945741,-0.28594232,0.68494546,9.814162
758490853638397,-0.2883351,0.6897311,9.732806
758490862331053,-0.29312077,0.6873383,9.828519
758490871023710,-0.29790643,0.7040881,9.77827
758490879716366,-0.2835495,0.67776704,9.780663
758490888409022,-0.28594232,0.6873383,9.821341
758490897101626,-0.29312077,0.6969096,9.742377
758490905794283,-0.28115666,0.69212395,9.821341
758490914486939,-0.2883351,0.6873383,9.754341
758490923179595,-0.28115666,0.6873383,9.821341
758490931872251,-0.2955136,0.69212395,9.766306
758490940564908,-0.28594232,0.68255264,9.804591
758490949257564,-0.2955136,0.68494546,9.76152
758490957950220,-0.28115666,0.6801598,9.806984
758490966642876,-0.29072794,0.69212395,9.790234
758490975335480,-0.27876383,0.6945168,9.797412
758490984028137,-0.28594232,0.6945168,9.737592
758490992720793,-0.29072794,0.68255264,9.826126
758491001413449,-0.28594232,0.68255264,9.720842
758491010106105,-0.3074777,0.68255264,9.876375
758491018798762,-0.29072794,0.6945168,9.723235
758491027491418,-0.29790643,0.69212395,9.85484
758491036184074,-0.29312077,0.7112665,9.708878
758491044876678,-0.27158538,0.66341007,9.8524475
758491053569335,-0.29790643,0.69212395,9.735199
758491062261991,-0.28115666,0.6801598,9.77827
758491070954647,-0.2955136,0.6897311,9.821341
758491079647303,-0.30269206,0.6801598,9.749556
758491088339960,-0.2644069,0.68494546,9.840483
758491097032616,-0.2883351,0.7112665,9.77827
758491105725272,-0.27876383,0.68494546,9.763913
758491114417876,-0.30029923,0.6873383,9.816555
758491123110533,-0.2835495,0.6873383,9.728021
758491131803189,-0.28594232,0.6897311,9.8524475
758491140495845,-0.30508488,0.6945168,9.725628
758491149188501,-0.29072794,0.68255264,9.850055
758491157881158,-0.2835495,0.6945168,9.7399845
758491166573814,-0.28115666,0.68255264,9.806984
758491175266470,-0.2835495,0.6873383,9.763913
758491183959126,-0.29072794,0.6753742,9.763913
758491192651730,-0.29072794,0.6873383,9.809377
758491201344387,-0.29072794,0.69212395,9.771091
758491210037043,-0.2883351,0.6945168,9.816555
758491218729699,-0.29312077,0.68255264,9.783055
758491227422355,-0.276371,0.6945168,9.790234
758491236115012,-0.2883351,0.6945168,9.771091
758491244807668,-0.29072794,0.67776704,9.773484
758491253500324,-0.29312077,0.69212395,9.790234
758491262192980,-0.29072794,0.6801598,9.787841
758491270885585,-0.2883351,0.69212395,9.797412
758491279578241,-0.29312077,0.6873383,9.76152
758491288270897,-0.28115666,0.68255264,9.821341
758491296963553,-0.2883351,0.6873383,9.7399845
758491305656210,-0.2835495,0.6945168,9.823733
758491314348866,-0.2883351,0.6969096,9.759128
758491323041522,-0.29312077,0.6873383,9.818948
758491331734178,-0.29072794,0.68494546,9.759128
758491340426783,-0.2955136,0.6873383,9.785448
758491349119439,-0.28115666,0.68494546,9.795019
758491357812147,-0.29790643,0.6873383,9.76152
758491366504751,-0.29072794,0.6945168,9.816555
758491375197408,-0.29072794,0.6945168,9.74477
758491383890064,-0.29312077,0.68494546,9.8117695
758491392582720,-0.27876383,0.68494546,9.763913
758491401275376,-0.28594232,0.6873383,9.826126
758491409968033,-0.2835495,0.6897311,9.720842
758491418660689,-0.29072794,0.6801598,9.847662
758491427353293,-0.30029923,0.68255264,9.708878
758491436045949,-0.27876383,0.6945168,9.902697
758491444738605,-0.2883351,0.69212395,9.682557
758491453431262,-0.27876383,0.68255264,9.907482
758491462123918,-0.2955136,0.6873383,9.65145
758491470816574,-0.28115666,0.68494546,9.905089
758491479509230,-0.30029923,0.6945168,9.696914
758491488201887,-0.2955136,0.6801598,9.8524475
758491496894491,-0.28594232,0.7040881,9.747163
758491505587147,-0.2883351,0.6753742,9.8117695
758491514279803,-0.28115666,0.6969096,9.787841
758491522972460,-0.29790643,0.69212395,9.768699
758491531665116,-0.2883351,0.69212395,9.759128
758491540357772,-0.28594232,0.6897311,9.85484
758491549050428,-0.2955136,0.69212395,9.706485
758491557743085,-0.2955136,0.68255264,9.850055
758491566435741,-0.2835495,0.6945168,9.730413
758491575128345,-0.28115666,0.68255264,9.857233
758491583821001,-0.27876383,0.69930243,9.6993065
758491592513658,-0.29072794,0.6753742,9.830912
758491601206314,-0.29312077,0.69212395,9.713663
758491609898970,-0.2883351,0.69212395,9.8524475
758491618591626,-0.2883351,0.68494546,9.756734
758491627284283,-0.29312077,0.6873383,9.797412
758491635976939,-0.28115666,0.69212395,9.787841
758491644669543,-0.2883351,0.69212395,9.751948
758491653362251,-0.2883351,0.6897311,9.792626
758491662054855,-0.2955136,0.6969096,9.768699
758491670747512,-0.28594232,0.68494546,9.804591
758491679440168,-0.29312077,0.6945168,9.773484
758491688132824,-0.29790643,0.6945168,9.816555
758491696825480,-0.28115666,0.68255264,9.771091
758491705518137,-0.28115666,0.6945168,9.818948
758491714210793,-0.29072794,0.69212395,9.725628
758491722903397,-0.28115666,0.69212395,9.830912
758491731596053,-0.30508488,0.6897311,9.754341
758491740288710,-0.29072794,0.6873383,9.804591
758491748981366,-0.27876383,0.6873383,9.823733
758491757674022,-0.29790643,0.6969096,9.71127
758491766366678,-0.28594232,0.68494546,9.828519
758491775059335,-0.28115666,0.68494546,9.7399845
758491783751991,-0.2883351,0.69212395,9.818948
758491792444595,-0.29312077,0.6897311,9.771091
758491801137251,-0.29312077,0.68494546,9.795019
758491809829908,-0.28115666,0.68494546,9.783055
758491818522564,-0.2955136,0.6945168,9.783055
758491827215220,-0.2955136,0.69212395,9.77827
758491835907876,-0.27876383,0.6945168,9.77827
758491844600533,-0.28115666,0.67776704,9.821341
758491853293189,-0.30029923,0.69930243,9.76152
758491861985845,-0.2835495,0.69212395,9.792626
758491870678501,-0.28115666,0.69212395,9.780663
758491879371158,-0.29072794,0.67776704,9.783055
758491888063762,-0.28115666,0.68494546,9.754341
758491896756418,-0.29312077,0.6873383,9.797412
758491905449074,-0.29072794,0.68494546,9.783055
758491914141730,-0.2883351,0.69212395,9.821341
758491922834387,-0.28594232,0.6945168,9.759128
758491931527043,-0.28594232,0.6873383,9.780663
758491940219699,-0.29072794,0.68494546,9.773484
758491948912355,-0.29072794,0.68494546,9.799805
758491957605012,-0.2955136,0.6873383,9.768699
758491966297616,-0.29072794,0.68255264,9.823733
758491974990272,-0.28115666,0.6969096,9.754341
758491983682928,-0.2883351,0.6945168,9.840483
758491992375585,-0.2835495,0.6897311,9.728021
758492001068241,-0.2883351,0.6729814,9.795019
758492009760897,-0.29312077,0.6801598,9.768699
758492018453553,-0.29790643,0.6945168,9.799805
758492027146210,-0.2883351,0.6873383,9.828519
758492035838814,-0.2835495,0.6945168,9.759128
758492044531470,-0.2835495,0.6897311,9.792626
758492053224126,-0.28594232,0.68255264,9.735199
758492061916783,-0.2835495,0.6801598,9.783055
758492070609439,-0.29072794,0.68494546,9.780663
758492079302095,-0.29312077,0.6801598,9.821341
758492087994751,-0.2955136,0.69212395,9.787841
758492096687408,-0.28115666,0.6873383,9.785448
758492105380064,-0.28115666,0.6897311,9.76152
758492114072668,-0.28594232,0.68494546,9.780663
758492122765324,-0.2955136,0.6801598,9.797412
758492131457980,-0.29072794,0.6873383,9.77827
758492140150637,-0.29312077,0.6873383,9.799805
758492148843293,-0.2955136,0.70169526,9.783055
758492157535949,-0.29072794,0.68494546,9.799805
758492166228605,-0.2835495,0.68494546,9.783055
758492174921262,-0.2883351,0.68255264,9.759128
758492183613918,-0.29312077,0.69930243,9.818948
758492192306574,-0.2955136,0.69930243,9.747163
758492200999178,-0.2955136,0.6945168,9.850055
758492209691835,-0.29312077,0.69212395,9.71127
758492218384491,-0.2835495,0.68494546,9.857233
758492227077147,-0.2955136,0.6969096,9.732806
758492235769803,-0.2955136,0.68255264,9.806984
758492244462460,-0.2883351,0.6945168,9.76152
758492253155116,-0.30269206,0.68494546,9.787841
758492261847772,-0.28594232,0.6897311,9.792626
758492270540428,-0.2883351,0.68494546,9.785448
758492279233033,-0.2835495,0.69212395,9.816555
758492287925689,-0.28594232,0.6897311,9.747163
758492296618345,-0.276371,0.6801598,9.806984
758492305311001,-0.29790643,0.68494546,9.749556
758492314003658,-0.28115666,0.6873383,9.818948
758492322696314,-0.29072794,0.69212395,9.766306
758492331388970,-0.2883351,0.6873383,9.804591
758492340081626,-0.28594232,0.6897311,9.77827
758492348774283,-0.28594232,0.68255264,9.783055
758492357466939,-0.276371,0.6753742,9.766306
758492366159543,-0.29790643,0.6873383,9.787841
758492374852199,-0.29072794,0.6873383,9.775877
758492383544855,-0.29312077,0.6969096,9.818948
758492392237512,-0.2883351,0.6873383,9.763913
758492400930168,-0.2835495,0.6945168,9.8117695
758492409622824,-0.29072794,0.6897311,9.76152
758492418315480,-0.2883351,0.6897311,9.804591
758492427008137,-0.29312077,0.69212395,9.754341
758492435700741,-0.29312077,0.68255264,9.8524475
758492444393397,-0.28594232,0.69212395,9.737592
758492453086053,-0.28115666,0.6753742,9.83809
758492461778710,-0.2883351,0.69212395,9.725628
758492470471366,-0.29312077,0.6753742,9.802198
758492479164022,-0.29312077,0.68255264,9.756734
758492487856678,-0.2955136,0.6897311,9.804591
758492496549335,-0.2883351,0.69212395,9.787841
758492505241939,-0.28594232,0.68494546,9.783055
758492513934595,-0.28594232,0.6945168,9.792626
758492522627251,-0.28594232,0.6873383,9.768699
758492531319908,-0.276371,0.69930243,9.797412
758492540012564,-0.29790643,0.6873383,9.763913
758492548705220,-0.2883351,0.6897311,9.797412
758492557397876,-0.29312077,0.6897311,9.780663
758492566090533,-0.29312077,0.6873383,9.8117695
758492574783189,-0.29312077,0.6897311,9.775877
758492583475845,-0.27876383,0.68494546,9.797412
758492592168449,-0.29072794,0.69212395,9.768699
758492600861105,-0.29072794,0.6873383,9.780663
758492609553762,-0.29312077,0.68494546,9.802198
758492618246418,-0.29790643,0.69212395,9.77827
758492626939074,-0.29072794,0.6873383,9.785448
758492635631730,-0.29312077,0.68255264,9.763913
758492644324387,-0.28115666,0.6969096,9.806984
758492653017043,-0.2835495,0.69212395,9.783055
758492661709699,-0.2835495,0.69212395,9.766306
758492670402303,-0.2883351,0.6897311,9.780663
758492679094960,-0.2955136,0.68255264,9.77827
758492687787616,-0.28594232,0.68494546,9.792626
758492696480272,-0.29072794,0.6945168,9.775877
758492705172928,-0.2883351,0.69212395,9.785448
758492713865585,-0.28594232,0.69212395,9.768699
758492722558241,-0.28115666,0.6897311,9.771091
758492731250897,-0.28594232,0.6873383,9.783055
758492739943553,-0.29312077,0.6873383,9.77827
758492748636158,-0.29312077,0.69212395,9.792626
758492757328814,-0.29072794,0.69212395,9.783055
758492766021470,-0.2883351,0.69212395,9.790234
758492774714126,-0.276371,0.6945168,9.766306
758492783406783,-0.2835495,0.68494546,9.780663
758492792099439,-0.28115666,0.68494546,9.775877
758492800792095,-0.29312077,0.68255264,9.790234
758492809484751,-0.29312077,0.68255264,9.802198
758492818177408,-0.2883351,0.6873383,9.804591
758492826870012,-0.28594232,0.6945168,9.790234
758492835562668,-0.29312077,0.68494546,9.768699
758492844255324,-0.28594232,0.68494546,9.780663
758492852947980,-0.29072794,0.68494546,9.792626
758492861640637,-0.2835495,0.6897311,9.792626
758492870333293,-0.2883351,0.6969096,9.802198
758492879025949,-0.29072794,0.6873383,9.76152
758492887718605,-0.28594232,0.69212395,9.790234
758492896411262,-0.2835495,0.69212395,9.74477
758492905103918,-0.2835495,0.68255264,9.818948
758492913796522,-0.29790643,0.68255264,9.780663
758492922489178,-0.2955136,0.6897311,9.804591
758492931181835,-0.2835495,0.6945168,9.768699
758492939874491,-0.29312077,0.69212395,9.795019
758492948567147,-0.2835495,0.6873383,9.771091
758492957259803,-0.2883351,0.6897311,9.802198
758492965952460,-0.28115666,0.6873383,9.77827
758492974645116,-0.29072794,0.6897311,9.797412
758492983337772,-0.2883351,0.6897311,9.780663
758492992030376,-0.29790643,0.6897311,9.77827
758493000723033,-0.29312077,0.68494546,9.775877
758493009415689,-0.2883351,0.68255264,9.787841
758493018108345,-0.276371,0.6945168,9.790234
758493026801001,-0.2955136,0.69212395,9.787841
758493035493658,-0.27876383,0.6897311,9.771091
758493044186314,-0.30029923,0.6801598,9.797412
758493052878970,-0.2955136,0.6897311,9.773484
758493061571626,-0.2883351,0.6873383,9.818948
758493070264230,-0.2835495,0.6873383,9.771091
758493078956887,-0.28594232,0.6897311,9.806984
758493087649543,-0.2835495,0.68494546,9.763913
758493096342199,-0.28594232,0.6873383,9.804591
758493105034855,-0.29790643,0.6945168,9.768699
758493113727512,-0.29790643,0.6801598,9.799805
758493122420168,-0.29312077,0.6897311,9.77827
758493131112824,-0.29790643,0.68255264,9.792626
758493139805480,-0.2835495,0.69930243,9.77827
758493148498085,-0.2835495,0.68494546,9.783055
758493157190741,-0.28115666,0.6897311,9.783055
758493165883397,-0.29312077,0.6801598,9.780663
758493174576053,-0.2835495,0.6897311,9.783055
758493183268710,-0.29790643,0.6897311,9.771091
758493191961366,-0.27876383,0.6945168,9.857233
758493200654022,-0.2883351,0.69930243,9.708878
758493209346678,-0.2835495,0.6801598,9.845269
758493218039335,-0.2883351,0.69930243,9.728021
758493226731939,-0.29072794,0.6873383,9.823733
758493235424595,-0.30029923,0.68494546,9.768699
758493244117251,-0.29312077,0.6897311,9.780663
758493252809908,-0.28594232,0.69212395,9.830912
758493261502564,-0.2955136,0.6753742,9.742377
758493270195220,-0.28115666,0.68494546,9.833304
758493278887876,-0.29072794,0.6873383,9.723235
758493287580533,-0.2883351,0.68255264,9.862019
758493296273189,-0.2955136,0.6945168,9.713663
758493304965793,-0.27876383,0.68494546,9.840483
758493313658449,-0.2883351,0.6873383,9.742377
758493322351105,-0.2835495,0.69212395,9.833304
758493331043762,-0.2883351,0.6897311,9.756734
758493339736418,-0.2955136,0.6897311,9.799805
758493348429074,-0.2739782,0.68255264,9.783055
758493357121730,-0.30269206,0.69212395,9.749556
758493365814387,-0.27876383,0.68255264,9.802198
758493374507043,-0.2955136,0.6969096,9.787841
758493383199647,-0.29072794,0.68255264,9.756734
758493391892303,-0.2739782,0.68494546,9.866804
758493400584960,-0.29790643,0.6969096,9.658628
758493409277616,-0.28115666,0.6801598,9.890733
758493417970272,-0.29790643,0.70648086,9.675379
758493426662928,-0.28115666,0.69212395,9.8524475
758493435355585,-0.28594232,0.69212395,9.768699
758493444048241,-0.29790643,0.68494546,9.763913
758493452740897,-0.28115666,0.6897311,9.826126
758493461433501,-0.30029923,0.6873383,9.737592
758493470126158,-0.29312077,0.6801598,9.8117695
758493478818814,-0.29312077,0.69212395,9.771091
758493487511470,-0.27876383,0.6945168,9.809377
758493496204126,-0.28115666,0.6897311,9.77827
758493504896783,-0.28594232,0.6897311,9.787841
758493513589439,-0.29312077,0.6873383,9.749556
758493522282095,-0.2835495,0.68494546,9.823733
758493530974751,-0.29790643,0.68494546,9.747163
758493539667355,-0.28594232,0.69212395,9.873982
758493548360012,-0.29072794,0.6969096,9.71127
758493557052668,-0.28594232,0.6801598,9.845269
758493565745324,-0.28594232,0.6945168,9.74477
758493574437980,-0.2883351,0.6801598,9.797412
758493583130637,-0.28594232,0.68494546,9.768699
758493591823293,-0.29072794,0.6969096,9.783055
758493600515949,-0.2883351,0.69212395,9.802198
758493609208605,-0.2835495,0.69212395,9.780663
758493617901262,-0.27876383,0.6945168,9.792626
758493626593866,-0.2883351,0.6897311,9.775877
758493635286522,-0.28594232,0.6897311,9.773484
758493643979178,-0.2955136,0.6897311,9.8117695
758493652671835,-0.2835495,0.69212395,9.766306
758493661364491,-0.2883351,0.68255264,9.816555
758493670057147,-0.30029923,0.6897311,9.723235
758493678749803,-0.2883351,0.6801598,9.890733
758493687442460,-0.28115666,0.6969096,9.682557
758493696135064,-0.2883351,0.6729814,9.864411
758493704827720,-0.2955136,0.6873383,9.692128
758493713520376,-0.28115666,0.6873383,9.850055
758493722213033,-0.29072794,0.6873383,9.747163
758493730905689,-0.2955136,0.68494546,9.826126
758493739598345,-0.276371,0.6945168,9.77827
758493748291001,-0.2955136,0.6873383,9.783055
758493756983658,-0.27876383,0.69212395,9.773484
758493765676314,-0.29072794,0.6873383,9.783055
758493774368918,-0.27876383,0.68494546,9.806984
758493783061574,-0.28115666,0.69212395,9.783055
758493791754230,-0.2835495,0.6945168,9.8117695
758493800446887,-0.2955136,0.6873383,9.725628
758493809139543,-0.29072794,0.68494546,9.818948
758493817832199,-0.29312077,0.6897311,9.74477
758493826524855,-0.29790643,0.6801598,9.809377
758493835217512,-0.28594232,0.68255264,9.7399845
758493843910168,-0.29790643,0.69212395,9.864411
758493852602772,-0.27876383,0.6945168,9.725628
758493861295428,-0.276371,0.6897311,9.850055
758493869988085,-0.29312077,0.69930243,9.71127
758493878680741,-0.29790643,0.68255264,9.823733
758493887373397,-0.30029923,0.6873383,9.7399845
758493896066053,-0.29312077,0.6801598,9.8835535
758493904758710,-0.2883351,0.69930243,9.735199
758493913451366,-0.29312077,0.6801598,9.847662
758493922143970,-0.2835495,0.6945168,9.723235
758493930836626,-0.28594232,0.6945168,9.809377
758493939529283,-0.2883351,0.68494546,9.754341
758493948221939,-0.30029923,0.6801598,9.795019
758493956914595,-0.29312077,0.68494546,9.799805
758493965607251,-0.29072794,0.6897311,9.773484
758493974299908,-0.276371,0.7040881,9.814162
758493982992564,-0.276371,0.69212395,9.768699
758493991685168,-0.28594232,0.68494546,9.783055
758494000377824,-0.29072794,0.6873383,9.768699
758494009070480,-0.2883351,0.6873383,9.802198
758494017763137,-0.29790643,0.6801598,9.775877
758494026455793,-0.29312077,0.68494546,9.818948
758494035148449,-0.2835495,0.6945168,9.787841
758494043841105,-0.28594232,0.69212395,9.780663
758494052533762,-0.2835495,0.6873383,9.766306
758494061226418,-0.29312077,0.6897311,9.775877
758494069919074,-0.29072794,0.68494546,9.795019
758494078611678,-0.30029923,0.6897311,9.783055
758494087304335,-0.29312077,0.68494546,9.792626
758494095996991,-0.28594232,0.6873383,9.775877
758494104689647,-0.2835495,0.6897311,9.773484
758494113382303,-0.28594232,0.6945168,9.759128
758494122074960,-0.28594232,0.6873383,9.771091
758494130767616,-0.28594232,0.6945168,9.787841
758494139460272,-0.29312077,0.6897311,9.792626
758494148152876,-0.28594232,0.68494546,9.790234
758494156845533,-0.27876383,0.6897311,9.797412
758494165538189,-0.2883351,0.69212395,9.771091
758494174230845,-0.2835495,0.6873383,9.77827
758494182923501,-0.28594232,0.6945168,9.783055
758494191616158,-0.2883351,0.6897311,9.795019
758494200308814,-0.2883351,0.69212395,9.77827
758494209001470,-0.28594232,0.6945168,9.785448
758494217694074,-0.29072794,0.69212395,9.771091
758494226386783,-0.29072794,0.67776704,9.766306
758494235079387,-0.29072794,0.68494546,9.787841
758494243772043,-0.28115666,0.69212395,9.802198
758494252464699,-0.276371,0.6873383,9.790234
758494261157355,-0.29072794,0.6969096,9.785448
758494269850012,-0.29072794,0.6801598,9.773484
758494278542668,-0.2883351,0.6945168,9.802198
758494287235324,-0.29790643,0.67776704,9.780663
758494295927928,-0.29072794,0.68255264,9.792626
758494304620585,-0.29072794,0.6897311,9.780663
758494313313241,-0.2883351,0.6969096,9.806984
758494322005897,-0.2883351,0.68255264,9.780663
758494330698553,-0.2883351,0.6873383,9.790234
758494339391210,-0.2835495,0.6801598,9.771091
758494348083866,-0.2955136,0.6873383,9.806984
758494356776522,-0.29312077,0.6897311,9.77827
758494365469178,-0.28594232,0.6945168,9.816555
758494374161783,-0.29312077,0.6969096,9.763913
758494382854439,-0.2883351,0.68255264,9.790234
758494391547095,-0.2835495,0.68494546,9.787841
758494400239751,-0.2955136,0.68255264,9.792626
758494408932408,-0.2835495,0.6969096,9.797412
758494417625064,-0.28594232,0.6897311,9.773484
758494426317720,-0.2835495,0.6873383,9.809377
758494435010376,-0.26919255,0.6969096,9.783055
758494443702980,-0.2835495,0.68255264,9.766306
758494452395637,-0.2835495,0.6897311,9.799805
758494461088293,-0.2883351,0.68255264,9.775877
758494469780949,-0.28594232,0.6873383,9.768699
758494478473605,-0.29312077,0.69212395,9.804591
758494487166262,-0.29312077,0.6945168,9.787841
758494495858918,-0.28594232,0.69212395,9.806984
758494504551574,-0.28594232,0.6873383,9.71845
758494513244230,-0.29312077,0.67776704,9.818948
758494521936835,-0.28115666,0.68494546,9.806984
758494530629491,-0.29072794,0.6873383,9.759128
758494539322147,-0.29790643,0.6969096,9.802198
758494548014803,-0.2955136,0.69930243,9.816555
758494556707460,-0.276371,0.69930243,9.759128
758494565400116,-0.30029923,0.6873383,9.76152
758494574092772,-0.2955136,0.66101724,9.766306
758494582785428,-0.29072794,0.6753742,9.792626
758494591478033,-0.29072794,0.6753742,9.814162
758494600170689,-0.29312077,0.6873383,9.759128
758494608863345,-0.2835495,0.69212395,9.804591
758494617556001,-0.2883351,0.6969096,9.804591
758494626248658,-0.28115666,0.6873383,9.766306
758494634941314,-0.29072794,0.6897311,9.783055
758494643633970,-0.2955136,0.67058855,9.785448
758494652326574,-0.29312077,0.6801598,9.792626
758494661019230,-0.2955136,0.6969096,9.797412
758494669711887,-0.29072794,0.6945168,9.785448
758494678404543,-0.2835495,0.6945168,9.783055
758494687097199,-0.28115666,0.69212395,9.773484
758494695789855,-0.2835495,0.68255264,9.780663
758494704482512,-0.2883351,0.6873383,9.775877
758494713175168,-0.29072794,0.6873383,9.8117695
758494721867772,-0.2955136,0.68255264,9.792626
758494730560428,-0.2955136,0.69212395,9.792626
758494739253085,-0.29072794,0.68494546,9.773484
758494747945741,-0.29072794,0.68494546,9.785448
758494756638397,-0.2835495,0.68255264,9.780663
758494765331053,-0.2955136,0.69212395,9.802198
758494774023710,-0.2883351,0.68494546,9.780663
758494782716366,-0.29312077,0.6873383,9.785448
758494791408970,-0.29312077,0.6897311,9.775877
758494800101626,-0.28594232,0.6897311,9.790234
758494808794283,-0.2835495,0.6873383,9.77827
758494817486939,-0.29312077,0.68255264,9.792626
758494826179595,-0.29312077,0.6945168,9.785448
758494834872251,-0.29072794,0.6897311,9.795019
758494843564908,-0.29072794,0.68494546,9.783055
758494852257564,-0.28594232,0.6873383,9.77827
758494860950168,-0.2883351,0.69212395,9.785448
758494869642824,-0.30029923,0.6801598,9.773484
758494878335480,-0.29312077,0.69212395,9.790234
758494887028137,-0.2883351,0.68494546,9.787841
758494895720793,-0.2883351,0.6873383,9.804591
758494904413449,-0.29072794,0.6873383,9.790234
758494913106105,-0.29312077,0.69212395,9.792626
758494921798762,-0.29312077,0.6753742,9.763913
758494930491366,-0.29312077,0.6945168,9.804591
758494939184022,-0.29072794,0.6801598,9.77827
758494947876678,-0.28594232,0.6801598,9.787841
758494956569335,-0.29072794,0.68255264,9.785448
758494965261991,-0.29312077,0.6945168,9.804591
758494973954647,-0.29072794,0.69212395,9.785448
758494982647303,-0.29312077,0.6897311,9.792626
758494991339960,-0.2883351,0.68255264,9.771091
758495000032564,-0.29072794,0.68255264,9.77827
758495008725220,-0.29312077,0.6873383,9.780663
758495017417876,-0.29312077,0.68494546,9.799805
758495026110533,-0.29312077,0.6873383,9.790234
758495034803189,-0.28594232,0.6801598,9.766306
758495043495845,-0.28594232,0.68494546,9.780663
758495052188501,-0.29072794,0.6801598,9.763913
758495060881105,-0.2883351,0.68494546,9.780663
758495069573762,-0.29790643,0.6801598,9.790234
758495078266418,-0.29072794,0.6873383,9.823733
758495086959074,-0.27876383,0.69930243,9.799805
758495095651730,-0.2739782,0.7040881,9.773484
758495104344387,-0.29312077,0.69212395,9.754341
758495113037043,-0.28594232,0.69212395,9.799805
758495121729699,-0.29312077,0.6873383,9.809377
758495130422303,-0.30269206,0.6801598,9.785448
758495139114960,-0.29072794,0.6897311,9.792626
758495147807616,-0.2883351,0.69212395,9.790234
758495156500272,-0.29072794,0.69212395,9.785448
758495165192928,-0.2955136,0.68494546,9.766306
758495173885585,-0.2835495,0.68255264,9.785448
758495182578241,-0.29312077,0.68494546,9.802198
758495191270897,-0.29312077,0.6897311,9.792626
758495199963501,-0.29312077,0.6873383,9.766306
758495208656158,-0.2955136,0.6897311,9.797412
758495217348814,-0.2835495,0.69212395,9.799805
758495226041470,-0.28115666,0.6897311,9.804591
758495234734126,-0.2739782,0.69212395,9.77827
758495243426783,-0.28115666,0.6873383,9.768699
758495252119439,-0.29312077,0.6801598,9.787841
758495260812043,-0.29312077,0.68255264,9.797412
758495269504699,-0.29790643,0.6753742,9.773484
758495278197355,-0.29072794,0.68255264,9.783055
758495286890012,-0.2955136,0.6945168,9.790234
758495295582668,-0.27876383,0.6873383,9.797412
758495304275324,-0.28115666,0.69212395,9.768699
758495312967980,-0.2883351,0.6801598,9.773484
758495321660637,-0.29312077,0.68494546,9.799805
758495330353241,-0.28594232,0.6897311,9.787841
758495339045897,-0.2883351,0.6945168,9.806984
758495347738553,-0.2883351,0.6945168,9.790234
758495356431210,-0.2835495,0.69212395,9.787841
758495365123866,-0.28594232,0.6873383,9.775877
758495373816522,-0.29072794,0.6753742,9.766306
758495382509178,-0.29072794,0.6753742,9.790234
758495391201835,-0.30029923,0.6873383,9.792626
758495399894439,-0.2955136,0.69212395,9.799805
758495408587095,-0.2835495,0.6873383,9.785448
758495417279751,-0.29072794,0.6801598,9.77827
758495425972408,-0.29072794,0.68494546,9.792626
758495434665064,-0.2835495,0.6873383,9.773484
758495443357720,-0.2883351,0.6873383,9.787841
758495452050376,-0.29072794,0.6897311,9.795019
758495460742980,-0.2883351,0.70169526,9.785448
758495469435637,-0.2835495,0.6969096,9.790234
758495478128293,-0.28115666,0.6873383,9.787841
758495486820949,-0.2883351,0.6897311,9.775877
758495495513605,-0.29312077,0.68494546,9.792626
758495504206262,-0.30029923,0.68494546,9.785448
758495512898918,-0.2883351,0.6897311,9.790234
758495521591522,-0.2883351,0.6801598,9.797412
758495530284178,-0.29312077,0.68255264,9.775877
758495538976835,-0.2883351,0.69212395,9.792626
758495547669491,-0.2835495,0.69212395,9.790234
758495556362147,-0.28594232,0.6897311,9.783055
758495565054803,-0.2883351,0.68494546,9.780663
758495573747460,-0.29072794,0.6945168,9.77827
758495582440116,-0.2883351,0.68494546,9.795019
758495591132720,-0.2883351,0.68255264,9.785448
758495599825376,-0.29312077,0.6945168,9.780663
758495608518033,-0.2883351,0.68494546,9.792626
758495617210689,-0.27876383,0.69212395,9.787841
758495625903345,-0.29312077,0.68494546,9.756734
758495634596001,-0.2883351,0.67776704,9.795019
758495643288658,-0.2955136,0.68494546,9.773484
758495651981262,-0.2955136,0.69930243,9.816555
758495660673918,-0.28594232,0.6873383,9.780663
758495669366574,-0.2739782,0.6945168,9.785448
758495678059230,-0.2835495,0.6969096,9.773484
758495686751887,-0.2955136,0.68255264,9.766306
758495695444543,-0.2883351,0.68255264,9.780663
758495704137199,-0.29312077,0.68494546,9.795019
758495712829803,-0.29790643,0.6873383,9.787841
758495721522460,-0.29072794,0.6873383,9.799805
758495730215116,-0.29072794,0.6873383,9.790234
758495738907772,-0.29072794,0.68255264,9.775877
758495747600428,-0.28594232,0.69212395,9.785448
758495756293085,-0.2883351,0.6969096,9.792626
758495764985741,-0.2883351,0.6873383,9.799805
758495773678345,-0.29072794,0.69212395,9.795019
758495782371001,-0.29072794,0.6969096,9.785448
758495791063658,-0.28115666,0.6873383,9.780663
758495799756314,-0.2883351,0.6873383,9.771091
758495808448970,-0.2883351,0.6873383,9.797412
758495817141626,-0.29312077,0.68255264,9.775877
758495825834283,-0.29790643,0.6753742,9.799805
758495834526887,-0.29072794,0.67776704,9.792626
758495843219543,-0.2835495,0.68494546,9.783055
758495851912199,-0.2883351,0.69212395,9.785448
758495860604855,-0.2883351,0.6873383,9.783055
758495869297512,-0.28594232,0.6873383,9.790234
758495877990168,-0.29312077,0.6873383,9.799805
758495886682772,-0.29790643,0.6945168,9.785448
758495895375428,-0.29072794,0.6897311,9.802198
758495904068085,-0.28594232,0.68494546,9.783055
758495912760741,-0.29312077,0.68494546,9.775877
758495921453397,-0.2835495,0.6945168,9.790234
758495930146053,-0.29312077,0.6873383,9.773484
758495938838710,-0.2883351,0.68255264,9.787841
758495947531366,-0.2955136,0.6897311,9.785448
758495956223970,-0.29312077,0.6897311,9.792626
758495964916626,-0.28594232,0.6897311,9.792626
758495973609283,-0.28594232,0.68494546,9.77827
758495982301939,-0.28594232,0.6897311,9.77827
758495990994595,-0.28594232,0.68494546,9.785448
758495999687251,-0.29072794,0.6897311,9.780663
758496008379908,-0.30029923,0.68494546,9.797412
758496017072512,-0.29072794,0.6897311,9.792626
758496025765168,-0.28594232,0.6897311,9.790234
758496034457824,-0.2883351,0.69212395,9.785448
758496043150480,-0.29790643,0.6897311,9.756734
758496051843137,-0.29312077,0.6873383,9.785448
758496060535793,-0.30029923,0.68494546,9.792626
758496069228397,-0.29072794,0.6897311,9.792626
758496077921053,-0.29072794,0.6897311,9.797412
758496086613710,-0.29072794,0.68255264,9.771091
758496095306366,-0.2835495,0.6873383,9.785448
758496103999022,-0.2835495,0.6873383,9.763913
758496112691678,-0.29312077,0.68494546,9.787841
758496121384335,-0.28594232,0.68494546,9.783055
758496130076991,-0.29072794,0.68255264,9.795019
758496138769595,-0.2883351,0.6873383,9.787841
758496147462251,-0.29312077,0.6897311,9.77827
758496156154908,-0.28115666,0.68494546,9.775877
758496164847564,-0.27876383,0.6897311,9.795019
758496173540220,-0.2883351,0.69212395,9.792626
758496182232876,-0.2883351,0.69212395,9.795019
758496190925480,-0.29072794,0.69212395,9.780663
758496199618137,-0.28594232,0.68255264,9.785448
758496208310793,-0.29072794,0.68494546,9.771091
758496217003449,-0.30029923,0.6801598,9.804591
758496225696105,-0.28594232,0.69212395,9.773484
758496234388762,-0.2883351,0.69212395,9.799805
758496243081418,-0.29312077,0.6945168,9.768699
758496251774022,-0.28115666,0.6897311,9.797412
758496260466678,-0.29072794,0.68494546,9.775877
758496269159335,-0.29312077,0.6873383,9.780663
758496277851991,-0.29790643,0.69212395,9.787841
758496286544647,-0.2883351,0.6897311,9.799805
758496295237303,-0.28594232,0.6945168,9.77827
758496303929908,-0.29072794,0.69212395,9.797412
758496312622564,-0.29072794,0.6873383,9.771091
758496321315220,-0.2883351,0.69212395,9.783055
758496330007876,-0.29072794,0.68255264,9.77827
758496338700533,-0.2835495,0.6897311,9.785448
758496347393189,-0.2883351,0.68494546,9.790234
758496356085845,-0.29072794,0.6873383,9.77827
758496364778501,-0.28594232,0.6873383,9.785448
758496373471105,-0.28594232,0.6897311,9.799805
758496382163762,-0.28115666,0.69212395,9.785448
758496390856418,-0.29072794,0.6945168,9.780663
758496399549074,-0.2955136,0.6873383,9.785448
758496408241730,-0.29312077,0.6801598,9.790234
758496416934335,-0.29790643,0.68494546,9.790234
758496425626991,-0.29312077,0.68255264,9.790234
758496434319647,-0.29072794,0.6897311,9.787841
758496443012303,-0.2883351,0.6897311,9.773484
758496451704960,-0.28594232,0.6945168,9.780663
758496460397616,-0.2835495,0.69212395,9.780663
758496469090272,-0.29312077,0.69212395,9.809377
758496477782928,-0.2955136,0.6897311,9.775877
758496486475533,-0.2883351,0.6897311,9.795019
758496495168189,-0.28594232,0.6873383,9.785448
758496503860845,-0.2883351,0.69212395,9.790234
758496512553501,-0.28115666,0.6897311,9.77827
758496521246158,-0.2883351,0.69212395,9.787841
758496529938762,-0.29072794,0.68255264,9.773484
758496538631418,-0.29072794,0.6945168,9.797412
758496547324074,-0.29790643,0.6873383,9.790234
758496556016730,-0.2883351,0.69212395,9.792626
758496564709387,-0.28594232,0.69212395,9.792626
758496573402043,-0.29312077,0.68494546,9.787841
758496582094699,-0.2835495,0.6897311,9.795019
758496590787355,-0.2883351,0.68494546,9.77827
758496599479960,-0.2955136,0.68494546,9.785448
758496608172616,-0.29072794,0.6945168,9.780663
758496616865272,-0.2955136,0.68494546,9.797412
758496625557928,-0.2955136,0.68494546,9.785448
758496634250585,-0.28594232,0.6945168,9.783055
758496642943189,-0.29312077,0.6897311,9.768699
758496651635845,-0.29072794,0.67776704,9.790234
758496660328501,-0.29312077,0.68494546,9.768699
758496669021158,-0.30029923,0.68255264,9.792626
758496677713814,-0.28115666,0.69212395,9.799805
758496686406470,-0.29312077,0.68494546,9.787841
758496695099126,-0.29072794,0.6945168,9.804591
758496703791730,-0.2883351,0.68494546,9.756734
758496712484387,-0.2835495,0.6897311,9.790234
758496721177043,-0.2883351,0.6801598,9.771091
758496729869699,-0.29312077,0.6873383,9.804591
758496738562355,-0.2955136,0.6969096,9.768699
758496747255012,-0.29312077,0.6873383,9.787841
758496755947616,-0.2955136,0.67776704,9.773484
758496764640272,-0.28594232,0.6897311,9.795019
758496773332928,-0.29072794,0.69212395,9.775877
758496782025585,-0.29790643,0.6897311,9.806984
758496790718241,-0.28594232,0.6873383,9.785448
758496799410897,-0.27876383,0.68255264,9.792626
758496808103501,-0.2883351,0.6801598,9.785448
758496816796158,-0.29790643,0.6897311,9.785448
758496825488814,-0.29072794,0.6897311,9.783055
758496834181470,-0.29072794,0.6969096,9.792626
758496842874126,-0.30269206,0.6873383,9.77827
758496851566783,-0.29312077,0.69212395,9.797412
758496860259439,-0.29072794,0.68255264,9.766306
758496868952043,-0.29790643,0.6897311,9.795019
758496877644699,-0.2955136,0.6897311,9.785448
758496886337355,-0.2835495,0.69212395,9.795019
758496895030012,-0.2835495,0.69212395,9.787841
758496903722668,-0.2835495,0.69212395,9.783055
758496912415324,-0.2835495,0.6873383,9.77827
758496921107980,-0.29312077,0.68494546,9.785448
758496929800585,-0.29312077,0.6873383,9.792626
758496938493241,-0.29072794,0.68494546,9.792626
758496947185897,-0.29312077,0.6945168,9.790234
758496955878553,-0.2883351,0.6873383,9.799805
758496964571158,-0.28594232,0.69212395,9.775877
758496973263866,-0.28594232,0.68255264,9.785448
758496981956470,-0.2955136,0.68494546,9.785448
758496990649126,-0.29790643,0.6873383,9.783055
758496999341783,-0.29790643,0.6897311,9.797412
758497008034439,-0.28115666,0.6897311,9.790234
758497016727095,-0.27876383,0.69212395,9.780663
758497025419751,-0.28594232,0.6873383,9.768699
758497034112355,-0.2835495,0.68494546,9.783055
758497042805012,-0.29072794,0.6897311,9.785448
758497051497668,-0.30029923,0.68255264,9.792626
758497060190324,-0.29312077,0.6945168,9.792626
758497068882980,-0.2955136,0.6945168,9.799805
758497077575637,-0.29312077,0.6873383,9.780663
758497086268241,-0.2835495,0.68255264,9.780663
758497094960897,-0.29072794,0.68255264,9.775877
758497103653553,-0.2883351,0.69212395,9.783055
758497112346210,-0.2883351,0.6897311,9.799805
758497121038866,-0.30029923,0.6969096,9.792626
758497129731522,-0.28594232,0.6897311,9.787841
758497138424126,-0.27876383,0.69212395,9.790234
758497147116783,-0.29072794,0.68494546,9.780663
758497155809439,-0.29072794,0.6801598,9.785448
758497164502095,-0.29072794,0.6801598,9.785448
758497173194751,-0.2955136,0.68494546,9.799805
758497181887408,-0.29312077,0.6873383,9.792626
758497190580012,-0.28115666,0.69212395,9.785448
758497199272668,-0.2835495,0.69212395,9.77827
758497207965324,-0.29072794,0.6897311,9.754341
758497216657980,-0.28594232,0.6897311,9.797412
758497225350637,-0.29312077,0.6753742,9.766306
758497234043293,-0.29790643,0.6873383,9.809377
758497242735897,-0.29790643,0.68494546,9.77827
758497251428553,-0.2883351,0.69212395,9.804591
758497260121210,-0.29072794,0.68494546,9.766306
758497268813866,-0.28594232,0.6897311,9.790234
758497277506522,-0.29072794,0.6873383,9.787841
758497286199178,-0.29312077,0.6873383,9.795019
758497294891783,-0.28594232,0.69212395,9.795019
758497303584439,-0.2883351,0.6897311,9.787841
758497312277095,-0.27876383,0.69930243,9.795019
758497320969751,-0.2955136,0.6897311,9.763913
758497329662408,-0.2883351,0.6897311,9.797412
758497338355064,-0.2955136,0.6873383,9.759128
758497347047668,-0.2835495,0.68255264,9.830912
758497355740324,-0.29072794,0.6897311,9.76152
758497364432980,-0.30029923,0.6801598,9.823733
758497373125637,-0.28594232,0.6873383,9.751948
758497381818293,-0.28594232,0.6897311,9.828519
758497390510949,-0.2883351,0.6945168,9.759128
758497399203605,-0.29312077,0.6969096,9.802198
758497407896210,-0.29312077,0.6897311,9.783055
758497416588866,-0.28594232,0.68494546,9.785448
758497425281522,-0.29312077,0.6873383,9.783055
758497433974178,-0.29312077,0.6801598,9.783055
758497442666835,-0.2883351,0.69930243,9.790234
758497451359439,-0.29312077,0.69212395,9.768699
758497460052095,-0.2883351,0.6897311,9.790234
758497468744751,-0.29312077,0.68255264,9.773484
758497477437408,-0.2883351,0.6873383,9.792626
758497486130064,-0.29072794,0.6801598,9.785448
758497494822720,-0.29312077,0.69212395,9.780663
758497503515324,-0.29312077,0.6873383,9.775877
758497512207980,-0.28594232,0.6969096,9.792626
758497520900637,-0.2955136,0.6801598,9.771091
758497529593293,-0.2955136,0.68255264,9.787841
758497538285949,-0.29790643,0.6801598,9.792626
758497546978605,-0.29312077,0.6897311,9.780663
758497555671262,-0.2955136,0.6873383,9.802198
758497564363866,-0.28594232,0.6897311,9.783055
758497573056522,-0.28594232,0.6897311,9.787841
758497581749178,-0.2883351,0.68255264,9.783055
758497590441835,-0.30029923,0.68255264,9.775877
758497599134439,-0.29312077,0.6873383,9.792626
758497607827147,-0.2883351,0.6873383,9.804591
758497616519751,-0.2883351,0.6801598,9.785448
758497625212408,-0.2955136,0.6873383,9.77827
758497633905064,-0.29312077,0.68494546,9.76152
758497642597720,-0.29072794,0.69930243,9.821341
758497651290376,-0.28594232,0.6729814,9.735199
758497659982980,-0.29312077,0.67776704,9.83809
758497668675637,-0.29072794,0.6969096,9.730413
758497677368293,-0.2883351,0.69212395,9.8524475
758497686060949,-0.29072794,0.6873383,9.732806
758497694753605,-0.28594232,0.67776704,9.814162
758497703446210,-0.2883351,0.69212395,9.797412
758497712138866,-0.2883351,0.69212395,9.768699
758497720831522,-0.2883351,0.68255264,9.809377
758497729524178,-0.29072794,0.6873383,9.775877
758497738216835,-0.27876383,0.68255264,9.785448
758497746909491,-0.2883351,0.69212395,9.802198
758497755602095,-0.29072794,0.68494546,9.756734
758497764294751,-0.28115666,0.6873383,9.8117695
758497772987408,-0.29072794,0.69212395,9.766306
758497781680064,-0.2955136,0.6897311,9.806984
758497790372720,-0.2835495,0.6945168,9.783055
758497799065376,-0.29072794,0.6945168,9.785448
758497807757980,-0.29312077,0.6897311,9.799805
758497816450637,-0.2883351,0.6897311,9.74477
758497825143293,-0.29072794,0.68494546,9.828519
758497833835949,-0.30029923,0.6945168,9.747163
758497842528605,-0.2883351,0.68494546,9.830912
758497851221262,-0.2883351,0.6897311,9.754341
758497859913866,-0.2883351,0.6897311,9.799805
758497868606522,-0.2955136,0.68255264,9.768699
758497877299178,-0.29072794,0.69212395,9.790234
758497885991835,-0.2883351,0.69212395,9.797412
758497894684491,-0.29790643,0.6945168,9.77827
758497903377147,-0.29312077,0.6945168,9.799805
758497912069751,-0.2955136,0.6873383,9.771091
758497920762408,-0.28594232,0.6897311,9.790234
758497929455064,-0.28594232,0.68255264,9.775877
758497938147720,-0.29072794,0.68494546,9.792626
758497946840376,-0.2955136,0.6969096,9.785448
758497955532980,-0.29312077,0.69212395,9.799805
758497964225637,-0.28594232,0.68494546,9.790234
758497972918293,-0.29072794,0.6969096,9.8117695
758497981610949,-0.28594232,0.68255264,9.797412
758497990303605,-0.29312077,0.6873383,9.775877
758497998996262,-0.30508488,0.6801598,9.780663
758498007688866,-0.29072794,0.68494546,9.792626
758498016381522,-0.29072794,0.68255264,9.806984
758498025074178,-0.29072794,0.6945168,9.797412
758498033766835,-0.2955136,0.68255264,9.771091
758498042459491,-0.29312077,0.6801598,9.780663
758498051152147,-0.2835495,0.68494546,9.775877
758498059844751,-0.29072794,0.6801598,9.785448
758498068537408,-0.29072794,0.6801598,9.787841
758498077230064,-0.2955136,0.6873383,9.787841
758498085922720,-0.29790643,0.68255264,9.787841
758498094615376,-0.28594232,0.69212395,9.768699
758498103308033,-0.29790643,0.6897311,9.783055
758498112000637,-0.29072794,0.68255264,9.780663
758498120693293,-0.2883351,0.6873383,9.809377
758498129385949,-0.28594232,0.6945168,9.787841
758498138078605,-0.2955136,0.6801598,9.773484
758498146771262,-0.2955136,0.69212395,9.790234
758498155463866,-0.2955136,0.68494546,9.77827
758498164156522,-0.29790643,0.68255264,9.785448
758498172849178,-0.2955136,0.68494546,9.768699
758498181541835,-0.30029923,0.67776704,9.766306
758498190234491,-0.3074777,0.6801598,9.74477
758498198927147,-0.3074777,0.67776704,9.792626
758498207619751,-0.28115666,0.69212395,9.91466
758498216312408,-0.2428715,0.71365935,9.823733
758498225005064,-0.27158538,0.7112665,9.701699
758498233697720,-0.30508488,0.6873383,9.708878
758498242390376,-0.2955136,0.68494546,9.8117695
758498251082980,-0.30508488,0.6658029,9.821341
758498259775637,-0.31465617,0.67058855,9.790234
758498268468293,-0.28594232,0.6801598,9.780663
758498277160949,-0.27158538,0.6969096,9.804591
758498285853605,-0.28115666,0.7088737,9.756734
758498294546262,-0.29072794,0.69930243,9.763913
758498303238866,-0.29072794,0.68494546,9.8117695
758498311931522,-0.29072794,0.6753742,9.799805
758498320624178,-0.29790643,0.6729814,9.783055
758498329316835,-0.30508488,0.67776704,9.759128
758498338009439,-0.29790643,0.69212395,9.802198
758498346702095,-0.28594232,0.7040881,9.797412
758498355394751,-0.276371,0.6969096,9.768699
758498364087408,-0.2883351,0.69212395,9.735199
758498372780064,-0.29072794,0.6801598,9.821341
758498381472720,-0.2883351,0.67776704,9.8117695
758498390165376,-0.29072794,0.6801598,9.792626
758498398857980,-0.29072794,0.6873383,9.763913
758498407550637,-0.2955136,0.6969096,9.77827
758498416243293,-0.29312077,0.68255264,9.780663
758498424935949,-0.29312077,0.68255264,9.792626
758498433628605,-0.2883351,0.68255264,9.785448
758498442321210,-0.2955136,0.68494546,9.790234
758498451013866,-0.29072794,0.6801598,9.775877
758498459706522,-0.28594232,0.6945168,9.790234
758498468399178,-0.28115666,0.69212395,9.785448
758498477091835,-0.2835495,0.69212395,9.795019
758498485784491,-0.2883351,0.68255264,9.76152
758498494477095,-0.29790643,0.6897311,9.785448
758498503169751,-0.2955136,0.6753742,9.785448
758498511862408,-0.28594232,0.69212395,9.818948
758498520555064,-0.2835495,0.6873383,9.790234
758498529247668,-0.2835495,0.69930243,9.787841
758498537940324,-0.28594232,0.6897311,9.759128
758498546632980,-0.28594232,0.68255264,9.775877
758498555325637,-0.2883351,0.68494546,9.814162
758498564018293,-0.2883351,0.68494546,9.783055
758498572710949,-0.28594232,0.6945168,9.797412
758498581403553,-0.29072794,0.69212395,9.768699
758498590096210,-0.28594232,0.6873383,9.797412
758498598788866,-0.276371,0.6873383,9.773484
758498607481522,-0.29072794,0.68494546,9.790234
758498616174178,-0.2955136,0.68255264,9.771091
758498624866783,-0.2955136,0.6873383,9.792626
758498633559439,-0.30029923,0.6945168,9.795019
758498642252095,-0.29072794,0.6873383,9.795019
758498650944751,-0.27876383,0.6945168,9.77827
758498659637408,-0.28115666,0.6873383,9.775877
758498668330064,-0.29072794,0.68494546,9.77827
758498677022668,-0.29072794,0.6897311,9.799805
758498685715324,-0.29312077,0.6969096,9.773484
758498694407980,-0.29312077,0.6801598,9.795019
758498703100637,-0.2883351,0.6945168,9.792626
758498711793293,-0.28594232,0.6945168,9.795019
758498720485897,-0.2835495,0.6945168,9.775877
758498729178553,-0.28115666,0.6897311,9.771091
758498737871210,-0.2835495,0.68255264,9.780663
758498746563866,-0.2955136,0.68255264,9.77827
758498755256522,-0.29072794,0.68494546,9.790234
758498763949126,-0.29312077,0.69212395,9.795019
758498772641783,-0.29072794,0.69212395,9.792626
758498781334439,-0.28594232,0.6897311,9.780663
758498790027095,-0.2835495,0.6897311,9.763913
758498798719751,-0.28115666,0.68255264,9.792626
758498807412355,-0.29072794,0.68494546,9.804591
758498816105012,-0.2955136,0.68255264,9.795019
758498824797668,-0.29072794,0.6873383,9.790234
758498833490324,-0.29072794,0.6873383,9.780663
758498842182980,-0.2835495,0.68494546,9.780663
758498850875585,-0.2883351,0.6873383,9.795019
758498859568241,-0.29312077,0.6801598,9.768699
758498868260897,-0.29312077,0.6873383,9.783055
758498876953553,-0.29790643,0.69930243,9.785448
758498885646210,-0.2883351,0.6945168,9.797412
758498894338814,-0.29072794,0.6897311,9.783055
758498903031470,-0.2835495,0.70169526,9.785448
758498911724126,-0.28594232,0.6873383,9.771091
758498920416783,-0.2835495,0.6897311,9.799805
758498929109439,-0.2955136,0.6873383,9.76152
758498937802095,-0.29072794,0.6873383,9.804591
758498946494699,-0.30029923,0.69212395,9.77827
758498955187355,-0.29312077,0.6873383,9.787841
758498963880012,-0.2835495,0.69212395,9.775877
758498972572668,-0.2883351,0.6873383,9.787841
758498981265324,-0.28594232,0.6873383,9.790234
758498989957980,-0.28594232,0.6945168,9.785448
758498998650585,-0.29072794,0.67776704,9.77827
758499007343241,-0.30029923,0.6945168,9.795019
758499016035897,-0.29072794,0.68255264,9.795019
758499024728553,-0.28594232,0.6897311,9.783055
758499033421210,-0.2883351,0.69930243,9.785448
758499042113814,-0.29790643,0.69212395,9.773484
758499050806470,-0.2883351,0.6873383,9.797412
758499059499126,-0.2883351,0.6801598,9.790234
758499068191783,-0.29072794,0.68494546,9.792626
758499076884387,-0.2955136,0.68494546,9.795019
758499085577043,-0.2955136,0.70169526,9.792626
758499094269699,-0.2883351,0.6969096,9.783055
758499102962355,-0.29072794,0.6945168,9.783055
758499111655012,-0.2883351,0.6873383,9.792626
758499120347616,-0.2955136,0.6873383,9.783055
758499129040272,-0.29072794,0.68494546,9.795019
758499137732928,-0.30029923,0.69212395,9.775877
758499146425585,-0.2955136,0.69212395,9.795019
758499155118241,-0.29072794,0.6801598,9.792626
758499163810845,-0.28115666,0.68494546,9.787841
758499172503501,-0.2883351,0.68255264,9.783055
758499181196158,-0.29312077,0.68494546,9.783055
758499189888814,-0.29312077,0.68255264,9.780663
758499198581470,-0.29072794,0.69212395,9.799805
758499207274126,-0.2883351,0.69212395,9.797412
758499215966730,-0.28115666,0.6945168,9.785448
758499224659387,-0.2835495,0.68494546,9.773484
758499233352043,-0.29072794,0.6897311,9.785448
758499242044699,-0.29072794,0.6873383,9.785448
758499250737303,-0.2955136,0.6945168,9.802198
758499259429960,-0.2883351,0.68494546,9.785448
758499268122616,-0.2835495,0.6873383,9.802198
758499276815272,-0.29312077,0.69212395,9.77827
758499285507928,-0.28594232,0.68494546,9.780663
758499294200533,-0.29312077,0.6873383,9.780663
758499302893189,-0.29072794,0.68494546,9.785448
758499311585845,-0.2883351,0.69212395,9.809377
758499320278501,-0.29072794,0.6873383,9.787841
758499328971105,-0.2883351,0.68255264,9.790234
758499337663762,-0.28594232,0.69212395,9.783055
758499346356418,-0.2883351,0.69212395,9.771091
758499355049074,-0.29312077,0.6969096,9.795019
758499363741730,-0.2883351,0.6897311,9.783055
758499372434387,-0.29072794,0.69212395,9.787841
758499381126991,-0.29072794,0.6897311,9.795019
758499389819647,-0.2955136,0.6873383,9.785448
758499398512303,-0.2835495,0.6801598,9.780663
758499407204960,-0.29072794,0.6969096,9.787841
758499415897564,-0.29072794,0.6897311,9.795019
758499424590220,-0.2835495,0.68494546,9.792626
758499433282876,-0.29312077,0.6897311,9.795019
758499441975533,-0.2883351,0.6945168,9.785448
758499450668189,-0.29072794,0.6873383,9.792626
758499459360845,-0.29312077,0.68494546,9.77827
758499468053449,-0.2883351,0.68494546,9.785448
758499476746105,-0.2955136,0.69212395,9.790234
758499485438762,-0.28594232,0.69212395,9.790234
758499494131418,-0.29072794,0.6945168,9.783055
758499502824074,-0.29072794,0.69212395,9.773484
758499511516678,-0.29312077,0.6897311,9.797412
758499520209335,-0.29072794,0.6897311,9.787841
758499528901991,-0.2835495,0.6897311,9.790234
758499537594647,-0.28594232,0.6873383,9.768699
758499546287303,-0.28594232,0.6873383,9.785448
758499554979908,-0.2883351,0.6801598,9.780663
758499563672564,-0.29072794,0.6873383,9.790234
758499572365220,-0.29312077,0.6873383,9.783055
758499581057876,-0.2955136,0.68255264,9.785448
758499589750480,-0.29072794,0.70169526,9.780663
758499598443137,-0.29072794,0.6897311,9.780663
758499607135793,-0.28115666,0.68494546,9.795019
758499615828449,-0.29072794,0.69212395,9.790234
758499624521105,-0.29072794,0.68494546,9.77827
758499633213710,-0.29072794,0.6873383,9.783055
758499641906366,-0.2883351,0.6897311,9.783055
758499650599022,-0.29072794,0.6873383,9.792626
758499659291678,-0.2835495,0.69212395,9.775877
758499667984283,-0.29312077,0.68494546,9.792626
758499676676939,-0.2883351,0.68494546,9.787841
758499685369595,-0.29312077,0.69212395,9.77827
758499694062251,-0.29312077,0.6873383,9.785448
758499702754908,-0.2835495,0.6897311,9.787841
758499711447564,-0.2883351,0.6873383,9.783055
758499720140168,-0.28594232,0.6897311,9.790234
758499728832824,-0.29072794,0.6945168,9.783055
758499737525480,-0.28115666,0.6945168,9.787841
758499746218137,-0.2955136,0.68494546,9.785448
758499754910793,-0.2883351,0.6945168,9.780663
758499763603397,-0.29072794,0.69212395,9.797412
758499772296053,-0.29072794,0.6897311,9.775877
758499780988710,-0.2883351,0.6873383,9.797412
758499789681366,-0.2835495,0.6873383,9.775877
758499798373970,-0.2835495,0.6873383,9.780663
758499807066626,-0.29312077,0.68494546,9.783055
758499815759283,-0.2835495,0.6897311,9.795019
758499824451939,-0.2883351,0.68494546,9.787841
758499833144595,-0.29312077,0.6945168,9.795019
758499841837199,-0.29790643,0.6897311,9.756734
758499850529855,-0.29072794,0.6873383,9.787841
758499859222512,-0.2955136,0.6873383,9.775877
758499867915168,-0.28594232,0.68494546,9.792626
758499876607772,-0.2835495,0.69212395,9.785448
758499885300428,-0.2955136,0.68255264,9.780663
758499893993085,-0.28594232,0.6897311,9.785448
758499902685741,-0.2835495,0.6897311,9.77827
758499911378397,-0.29072794,0.68255264,9.783055
758499920071001,-0.29312077,0.68494546,9.785448
758499928763658,-0.29312077,0.6897311,9.792626
758499937456314,-0.2955136,0.68255264,9.785448
758499946148970,-0.29312077,0.69212395,9.797412
758499954841574,-0.2883351,0.6945168,9.785448
758499963534230,-0.29072794,0.6945168,9.780663
758499972226887,-0.29072794,0.6873383,9.780663
758499980919543,-0.2835495,0.6873383,9.783055
758499989612199,-0.2883351,0.6897311,9.795019
758499998304803,-0.29312077,0.6945168,9.780663
758500006997460,-0.28594232,0.6873383,9.799805
758500015690116,-0.29312077,0.6873383,9.792626
758500024382772,-0.2883351,0.6873383,9.780663
758500033075428,-0.29072794,0.6873383,9.785448
758500041768033,-0.2883351,0.68255264,9.773484
758500050460689,-0.2883351,0.68494546,9.792626
758500059153345,-0.29790643,0.6873383,9.771091
758500067846001,-0.29072794,0.6897311,9.804591
758500076538658,-0.29312077,0.68494546,9.780663
758500085231262,-0.2883351,0.68494546,9.785448
758500093923918,-0.28115666,0.67776704,9.780663
758500102616574,-0.29790643,0.69212395,9.783055
758500111309230,-0.28594232,0.6801598,9.773484
758500120001835,-0.29312077,0.68255264,9.799805
758500128694491,-0.2835495,0.70169526,9.799805
758500137387147,-0.2883351,0.6873383,9.773484
758500146079803,-0.28594232,0.68494546,9.775877
758500154772408,-0.29072794,0.6873383,9.775877
758500163465064,-0.29312077,0.6873383,9.809377
758500172157720,-0.29790643,0.6873383,9.783055
758500180850376,-0.29312077,0.69212395,9.785448
758500189543033,-0.29312077,0.6897311,9.790234
758500198235637,-0.29312077,0.6945168,9.773484
758500206928293,-0.29790643,0.68494546,9.795019
758500215620949,-0.30029923,0.68494546,9.773484
758500224313605,-0.2955136,0.68255264,9.797412
758500233006262,-0.29072794,0.6873383,9.783055
758500241698866,-0.30029923,0.6945168,9.747163
758500250391522,-0.2955136,0.6969096,9.857233
758500259084178,-0.2883351,0.69212395,9.6682
758500267776835,-0.28594232,0.6801598,9.905089
758500276469439,-0.30029923,0.69930243,9.687343
758500285162095,-0.2883351,0.6753742,9.873982
758500293854751,-0.29312077,0.6969096,9.728021
758500302547408,-0.30029923,0.68494546,9.821341
758500311240012,-0.29312077,0.6801598,9.763913
758500319932668,-0.29312077,0.6897311,9.792626
758500328625324,-0.29312077,0.69212395,9.775877
758500337317980,-0.29072794,0.6873383,9.797412
758500346010637,-0.2883351,0.69212395,9.790234
758500354703241,-0.2883351,0.6873383,9.775877
758500363395897,-0.29312077,0.6873383,9.787841
758500372088553,-0.2955136,0.6945168,9.77827
758500380781210,-0.2955136,0.68494546,9.802198
758500389473866,-0.29072794,0.69212395,9.783055
758500398166470,-0.2835495,0.69212395,9.809377
758500406859126,-0.28594232,0.6945168,9.771091
758500415551783,-0.29072794,0.68494546,9.785448
758500424244387,-0.2883351,0.68255264,9.783055
758500432937043,-0.30029923,0.68494546,9.790234
758500441629699,-0.29312077,0.68494546,9.792626
758500450322355,-0.28594232,0.6873383,9.790234
758500459015012,-0.28115666,0.6873383,9.787841
758500467707668,-0.29312077,0.6945168,9.773484
758500476400272,-0.2955136,0.6873383,9.785448
758500485092928,-0.2955136,0.6801598,9.771091
758500493785585,-0.29312077,0.6945168,9.8117695
758500502478189,-0.29790643,0.69212395,9.768699
758500511170845,-0.28115666,0.6873383,9.816555
758500519863501,-0.29312077,0.69212395,9.766306
758500528556158,-0.2883351,0.67776704,9.787841
758500537248814,-0.28594232,0.68255264,9.77827
758500545941418,-0.29790643,0.68255264,9.783055
758500554634074,-0.29312077,0.6873383,9.783055
758500563326730,-0.29072794,0.69212395,9.790234
758500572019387,-0.28594232,0.6729814,9.787841
758500580711991,-0.2883351,0.6873383,9.783055
758500589404647,-0.2883351,0.68494546,9.766306
758500598097303,-0.29312077,0.6897311,9.780663
758500606789960,-0.2955136,0.68494546,9.830912
758500615482616,-0.29312077,0.68494546,9.732806
758500624175220,-0.2955136,0.68255264,9.862019
758500632867876,-0.28594232,0.70169526,9.747163
758500641560533,-0.2644069,0.69930243,9.897911
758500650253189,-0.28115666,0.70648086,9.689735
758500658945793,-0.30029923,0.6801598,9.773484
758500667638449,-0.29312077,0.67776704,9.806984
758500676331105,-0.2955136,0.6873383,9.809377
758500685023762,-0.30029923,0.67776704,9.783055
758500693716366,-0.30029923,0.68494546,9.77827
758500702409022,-0.28115666,0.68255264,9.804591
758500711101678,-0.2883351,0.6873383,9.775877
758500719794335,-0.2955136,0.68494546,9.766306
758500728486991,-0.2883351,0.6873383,9.790234
758500737179595,-0.2955136,0.69212395,9.835697
758500745872251,-0.2883351,0.6873383,9.771091
758500754564908,-0.2835495,0.6873383,9.792626
758500763257564,-0.28115666,0.69212395,9.747163
758500771950168,-0.29072794,0.6897311,9.866804
758500780642824,-0.29312077,0.69212395,9.663414
758500789335480,-0.28594232,0.69212395,9.917053
758500798028137,-0.29312077,0.6945168,9.661021
758500806720741,-0.2883351,0.68255264,9.902697
758500815413397,-0.30269206,0.6801598,9.677772
758500824106053,-0.2835495,0.6801598,9.857233
758500832798710,-0.2955136,0.69212395,9.730413
758500841491366,-0.30269206,0.6801598,9.828519
758500850183970,-0.28594232,0.6873383,9.7399845
758500858876626,-0.27876383,0.6897311,9.864411
758500867569283,-0.28594232,0.70169526,9.723235
758500876261887,-0.29312077,0.67776704,9.823733
758500884954543,-0.2955136,0.69212395,9.742377
758500893647199,-0.28115666,0.68494546,9.83809
758500902339855,-0.2835495,0.6897311,9.751948
758500911032512,-0.29312077,0.6873383,9.804591
758500919725116,-0.29072794,0.6897311,9.773484
758500928417772,-0.2883351,0.6801598,9.787841
758500937110428,-0.28594232,0.6969096,9.797412
758500945803085,-0.28594232,0.67776704,9.783055
758500954495741,-0.29312077,0.69212395,9.802198
758500963188345,-0.29312077,0.6873383,9.74477
758500971881001,-0.2835495,0.69930243,9.83809
758500980573658,-0.2955136,0.68494546,9.730413
758500989266314,-0.28115666,0.68255264,9.857233
758500997958918,-0.2883351,0.6873383,9.716056
758501006651574,-0.28594232,0.68494546,9.850055
758501015344230,-0.29072794,0.6897311,9.735199
758501024036887,-0.28594232,0.67776704,9.821341
758501032729491,-0.28594232,0.6897311,9.77827
758501041422147,-0.2955136,0.68494546,9.795019
758501050114803,-0.2883351,0.6801598,9.77827
758501058807460,-0.29312077,0.69212395,9.771091
758501067500064,-0.28594232,0.6945168,9.799805
758501076192720,-0.2955136,0.69212395,9.814162
758501084885376,-0.2835495,0.69930243,9.728021
758501093578033,-0.29312077,0.6873383,9.850055
758501102270637,-0.29072794,0.6873383,9.716056
758501110963293,-0.2835495,0.6873383,9.8524475
758501119655949,-0.30269206,0.6897311,9.71127
758501128348605,-0.28594232,0.6801598,9.830912
758501137041210,-0.29312077,0.6897311,9.76152
758501145733866,-0.29312077,0.69212395,9.8117695
758501154426522,-0.28115666,0.6945168,9.768699
758501163119178,-0.29072794,0.68494546,9.783055
758501171811835,-0.29072794,0.6945168,9.77827
758501180504439,-0.28594232,0.68494546,9.785448
758501189197095,-0.2835495,0.6897311,9.802198
758501197889751,-0.29072794,0.6801598,9.77827
758501206582408,-0.28115666,0.6945168,9.797412
758501215275012,-0.2883351,0.6873383,9.768699
758501223967668,-0.29072794,0.6897311,9.792626
758501232660324,-0.29312077,0.68255264,9.771091
758501241352980,-0.29312077,0.6873383,9.785448
758501250045585,-0.29072794,0.6873383,9.785448
758501258738241,-0.28594232,0.69930243,9.780663
758501267430897,-0.28594232,0.6873383,9.802198
758501276123553,-0.2883351,0.68255264,9.783055
758501284816158,-0.28594232,0.68494546,9.77827
758501293508814,-0.28594232,0.6945168,9.77827
758501302201470,-0.2883351,0.68494546,9.787841
758501310894126,-0.28594232,0.68494546,9.790234
758501319586730,-0.29072794,0.6873383,9.792626
758501328279387,-0.2835495,0.6945168,9.799805
758501336972043,-0.29072794,0.6897311,9.77827
758501345664699,-0.28115666,0.6873383,9.783055
758501354357303,-0.2835495,0.68255264,9.780663
758501363049960,-0.2955136,0.6873383,9.77827
758501371742616,-0.2955136,0.68494546,9.787841
758501380435272,-0.2883351,0.6873383,9.806984
758501389127876,-0.29312077,0.6873383,9.785448
758501397820533,-0.29072794,0.6873383,9.795019
758501406513189,-0.2835495,0.6873383,9.792626
758501415205845,-0.2883351,0.6897311,9.77827
758501423898501,-0.2883351,0.6873383,9.790234
758501432591105,-0.2883351,0.68494546,9.795019
758501441283762,-0.29312077,0.69212395,9.773484
758501449976418,-0.2883351,0.69930243,9.804591
758501458669074,-0.2883351,0.6897311,9.766306
758501467361678,-0.2835495,0.68255264,9.792626
758501476054335,-0.29790643,0.67776704,9.780663
758501484746991,-0.29312077,0.6897311,9.795019
758501493439647,-0.29312077,0.68255264,9.790234
758501502132251,-0.29312077,0.6897311,9.783055
758501510824908,-0.2835495,0.68494546,9.768699
758501519517564,-0.28594232,0.6897311,9.785448
758501528210220,-0.2835495,0.69212395,9.780663
758501536902824,-0.28594232,0.68494546,9.785448
758501545595480,-0.2955136,0.68255264,9.785448
758501554288137,-0.2955136,0.68255264,9.804591
758501562980793,-0.29072794,0.6897311,9.787841
758501571673397,-0.28594232,0.68255264,9.795019
758501580366053,-0.29312077,0.6873383,9.763913
758501589058710,-0.276371,0.6969096,9.787841
758501597751366,-0.2883351,0.68494546,9.773484
758501606443970,-0.29312077,0.68494546,9.799805
758501615136626,-0.2883351,0.6873383,9.790234
758501623829283,-0.2883351,0.6873383,9.799805
758501632521939,-0.2883351,0.68494546,9.771091
758501641214543,-0.28115666,0.68494546,9.787841
758501649907199,-0.27876383,0.68494546,9.785448
758501658599855,-0.2955136,0.6945168,9.790234
758501667292512,-0.2955136,0.6897311,9.77827
758501675985116,-0.28594232,0.68494546,9.806984
758501684677772,-0.2883351,0.68494546,9.773484
758501693370428,-0.2835495,0.68255264,9.795019
758501702063085,-0.29072794,0.68494546,9.773484
758501710755689,-0.2883351,0.6945168,9.804591
758501719448345,-0.28594232,0.6897311,9.768699
758501728141001,-0.29312077,0.68255264,9.785448
758501736833658,-0.28594232,0.6897311,9.77827
758501745526314,-0.29312077,0.6897311,9.780663
758501754218918,-0.2955136,0.6873383,9.780663
758501762911574,-0.29072794,0.6945168,9.785448
758501771604230,-0.2835495,0.69212395,9.780663
758501780296835,-0.2835495,0.6897311,9.77827
758501788989491,-0.29072794,0.68494546,9.766306
758501797682147,-0.29312077,0.6873383,9.783055
758501806374803,-0.29072794,0.6897311,9.802198
758501815067408,-0.29790643,0.6969096,9.797412
758501823760064,-0.28594232,0.69212395,9.809377
758501832452720,-0.29072794,0.68494546,9.773484
758501841145376,-0.2955136,0.6873383,9.771091
758501849837980,-0.29312077,0.68494546,9.790234
758501858530637,-0.2955136,0.6873383,9.806984
758501867223293,-0.2955136,0.6897311,9.766306
758501875915949,-0.2883351,0.6873383,9.821341
758501884608553,-0.276371,0.6969096,9.759128
758501893301210,-0.29072794,0.69212395,9.804591
758501901993866,-0.29072794,0.68494546,9.783055
758501910686522,-0.29072794,0.67776704,9.77827
758501919379126,-0.2883351,0.68255264,9.787841
758501928071783,-0.30508488,0.6945168,9.77827
758501936764439,-0.27876383,0.6873383,9.806984
758501945457095,-0.28115666,0.68255264,9.780663
758501954149699,-0.2835495,0.6873383,9.785448
758501962842355,-0.2883351,0.6945168,9.749556
758501971535012,-0.2835495,0.6873383,9.818948
758501980227616,-0.30029923,0.68255264,9.766306
758501988920272,-0.29312077,0.6897311,9.802198
758501997612928,-0.2883351,0.69212395,9.773484
758502006305585,-0.2835495,0.6945168,9.809377
758502014998189,-0.29072794,0.68494546,9.759128
758502023690845,-0.2835495,0.6873383,9.802198
758502032383501,-0.28594232,0.6969096,9.76152
758502041076158,-0.29072794,0.6969096,9.830912
758502049768762,-0.29312077,0.6801598,9.730413
758502058461418,-0.2883351,0.68494546,9.828519
758502067154074,-0.29312077,0.68494546,9.737592
758502075846730,-0.2955136,0.68494546,9.828519
758502084539335,-0.2883351,0.68494546,9.756734
758502093231991,-0.29312077,0.69212395,9.804591
758502101924647,-0.2883351,0.6969096,9.763913
758502110617303,-0.2883351,0.6801598,9.802198
758502119309908,-0.29072794,0.68494546,9.783055
758502128002564,-0.30029923,0.68255264,9.804591
758502136695220,-0.2883351,0.68494546,9.763913
758502145387876,-0.28115666,0.69212395,9.790234
758502154080480,-0.29072794,0.6945168,9.785448
758502162773137,-0.2883351,0.68255264,9.795019
758502171465793,-0.2883351,0.68494546,9.77827
758502180158449,-0.28594232,0.68255264,9.790234
758502188851053,-0.29312077,0.68494546,9.783055
758502197543710,-0.29312077,0.6873383,9.792626
758502206236366,-0.28115666,0.69212395,9.771091
758502214928970,-0.2835495,0.6945168,9.797412
758502223621626,-0.29072794,0.68494546,9.77827
758502232314283,-0.28594232,0.68255264,9.783055
758502241006939,-0.29790643,0.69212395,9.76152
758502249699543,-0.2955136,0.68494546,9.775877
758502258392199,-0.2955136,0.69212395,9.804591
758502267084855,-0.2955136,0.68494546,9.771091
758502275777512,-0.28594232,0.68255264,9.806984
758502284470116,-0.2883351,0.6897311,9.76152
758502293162772,-0.2883351,0.6801598,9.790234
758502301855428,-0.29790643,0.6897311,9.77827
758502310548033,-0.29072794,0.6945168,9.787841
758502319240689,-0.28594232,0.68255264,9.799805
758502327933345,-0.28594232,0.69212395,9.787841
758502336626001,-0.29312077,0.6873383,9.787841
758502345318658,-0.29072794,0.68494546,9.785448
758502354011262,-0.28594232,0.69212395,9.780663
758502362703918,-0.28594232,0.6873383,9.785448
758502371396574,-0.28594232,0.6873383,9.77827
758502380089230,-0.2835495,0.6897311,9.802198
758502388781835,-0.28115666,0.68255264,9.771091
758502397474491,-0.2883351,0.6873383,9.795019
758502406167147,-0.29072794,0.68494546,9.763913
758502414859751,-0.28594232,0.6873383,9.792626
758502423552408,-0.29312077,0.6873383,9.773484
758502432245064,-0.28594232,0.68494546,9.799805
758502440937720,-0.28594232,0.6897311,9.775877
758502449630324,-0.2883351,0.6945168,9.797412
758502458322980,-0.2883351,0.6873383,9.773484
758502467015637,-0.29790643,0.68494546,9.783055
758502475708293,-0.27876383,0.6801598,9.797412
758502484400897,-0.29312077,0.6873383,9.790234
758502493093553,-0.29312077,0.6897311,9.780663
758502501786210,-0.2883351,0.68255264,9.790234
758502510478814,-0.27876383,0.6801598,9.763913
758502519171470,-0.2883351,0.6873383,9.802198
758502527864126,-0.2883351,0.6873383,9.785448
758502536556783,-0.2883351,0.6969096,9.787841
758502545249387,-0.2883351,0.6897311,9.783055
758502553942043,-0.29312077,0.6873383,9.785448
758502562634699,-0.2883351,0.6897311,9.787841
758502571327355,-0.29312077,0.6873383,9.790234
758502580019960,-0.2835495,0.6873383,9.790234
758502588712616,-0.2883351,0.6873383,9.785448
758502597405272,-0.28594232,0.68494546,9.773484
758502606097876,-0.29790643,0.6897311,9.785448
758502614790533,-0.29312077,0.68255264,9.77827
758502623483189,-0.29312077,0.68494546,9.787841
758502632175845,-0.29072794,0.69212395,9.799805
758502640868449,-0.2835495,0.69930243,9.795019
758502649561105,-0.27876383,0.69212395,9.785448
758502658253762,-0.29312077,0.6897311,9.790234
758502666946418,-0.2883351,0.6897311,9.771091
758502675639022,-0.2883351,0.6945168,9.792626
758502684331678,-0.28594232,0.68494546,9.783055
758502693024335,-0.2955136,0.69212395,9.802198
758502701716939,-0.2883351,0.6897311,9.780663
758502710409595,-0.27876383,0.6945168,9.797412
758502719102251,-0.28594232,0.6873383,9.787841
758502727794908,-0.28594232,0.6873383,9.771091
758502736487564,-0.2955136,0.6897311,9.790234
758502745180168,-0.29312077,0.7040881,9.795019
758502753872824,-0.2955136,0.69212395,9.797412
758502762565480,-0.29312077,0.6945168,9.783055
758502771258085,-0.2835495,0.6897311,9.792626
758502779950741,-0.28594232,0.69212395,9.77827
758502788643397,-0.2835495,0.69212395,9.792626
758502797336053,-0.28594232,0.6945168,9.787841
758502806028658,-0.2955136,0.68255264,9.787841
758502814721314,-0.2835495,0.6897311,9.783055
758502823413970,-0.2883351,0.6897311,9.787841
758502832106574,-0.29072794,0.68494546,9.787841
758502840799230,-0.29072794,0.68255264,9.790234
758502849491887,-0.2955136,0.68494546,9.775877
758502858184543,-0.2883351,0.68494546,9.783055
758502866877147,-0.28594232,0.6897311,9.806984
758502875569803,-0.29312077,0.6945168,9.797412
758502884262460,-0.28594232,0.68494546,9.792626
758502892955064,-0.28594232,0.6873383,9.780663
758502901647720,-0.29312077,0.68255264,9.773484
758502910340376,-0.29312077,0.6873383,9.799805
758502919033033,-0.29072794,0.6969096,9.792626
758502927725689,-0.28594232,0.6897311,9.795019
758502936418293,-0.2883351,0.69212395,9.771091
758502945110949,-0.2739782,0.6897311,9.804591
758502953803605,-0.2955136,0.68255264,9.766306
758502962496210,-0.29312077,0.68255264,9.799805
758502971188866,-0.29312077,0.6873383,9.783055
758502979881522,-0.29312077,0.68494546,9.790234
758502988574178,-0.2835495,0.6873383,9.787841
758502997266783,-0.2883351,0.6873383,9.783055
758503005959439,-0.2835495,0.6873383,9.77827
758503014652095,-0.2883351,0.68255264,9.790234
758503023344699,-0.28594232,0.6873383,9.792626
758503032037355,-0.30029923,0.6873383,9.780663
758503040730012,-0.2883351,0.6945168,9.790234
758503049422668,-0.2835495,0.68255264,9.775877
758503058115272,-0.2883351,0.6897311,9.783055
758503066807928,-0.29072794,0.68255264,9.785448
758503075500585,-0.29072794,0.68494546,9.790234
758503084193189,-0.28594232,0.68494546,9.790234
758503092885845,-0.2883351,0.69212395,9.785448
758503101578501,-0.2883351,0.6873383,9.787841
758503110271158,-0.2883351,0.6897311,9.775877
758503118963762,-0.28594232,0.6873383,9.780663
758503127656418,-0.29072794,0.69212395,9.795019
758503136349074,-0.29072794,0.6897311,9.77827
758503145041730,-0.28594232,0.6945168,9.790234
758503153734335,-0.28594232,0.6873383,9.785448
758503162426991,-0.2955136,0.6897311,9.783055
758503171119647,-0.29072794,0.69212395,9.787841
758503179812251,-0.29072794,0.69212395,9.783055
758503188504908,-0.29312077,0.68255264,9.785448
758503197197564,-0.29312077,0.6873383,9.792626
758503205890220,-0.29312077,0.68494546,9.775877
758503214582824,-0.2835495,0.6873383,9.795019
758503223275480,-0.2883351,0.6873383,9.77827
758503231968137,-0.28594232,0.6873383,9.775877
758503240660741,-0.29312077,0.68494546,9.780663
758503249353397,-0.29072794,0.6873383,9.785448
758503258046053,-0.29072794,0.68494546,9.783055
758503266738710,-0.2955136,0.69212395,9.790234
758503275431366,-0.2883351,0.6873383,9.785448
758503284123970,-0.2883351,0.69212395,9.780663
758503292816626,-0.29312077,0.6873383,9.771091
758503301509283,-0.29312077,0.69212395,9.77827
758503310201887,-0.29072794,0.6801598,9.785448
758503318894543,-0.2883351,0.6873383,9.785448
758503327587199,-0.29312077,0.6873383,9.809377
758503336279855,-0.29072794,0.6945168,9.766306
758503344972460,-0.28594232,0.69212395,9.783055
758503353665116,-0.2835495,0.68494546,9.771091
758503362357772,-0.2883351,0.68494546,9.780663
758503371050428,-0.29072794,0.68494546,9.787841
758503379743033,-0.28594232,0.6873383,9.783055
758503388435689,-0.2883351,0.68255264,9.783055
758503397128345,-0.28594232,0.6897311,9.780663
758503405821001,-0.28115666,0.6945168,9.773484
758503414513605,-0.29312077,0.68255264,9.768699
758503423206262,-0.2883351,0.6945168,9.790234
758503431898918,-0.2883351,0.6897311,9.780663
758503440591522,-0.2835495,0.68494546,9.790234
758503449284178,-0.28594232,0.6801598,9.773484
758503457976835,-0.276371,0.6897311,9.787841
758503466669491,-0.29072794,0.68255264,9.77827
758503475362147,-0.2835495,0.6897311,9.783055
758503484054751,-0.2835495,0.6873383,9.785448
758503492747408,-0.28594232,0.69212395,9.790234
758503501440064,-0.2883351,0.68494546,9.773484
758503510132668,-0.2955136,0.6873383,9.773484
758503518825324,-0.29312077,0.68494546,9.77827
758503527517980,-0.29312077,0.6897311,9.795019
758503536210637,-0.29312077,0.6897311,9.780663
758503544903293,-0.29072794,0.68494546,9.783055
758503553595897,-0.2883351,0.6873383,9.775877
758503562288553,-0.29072794,0.6897311,9.787841
758503570981210,-0.29072794,0.6897311,9.773484
758503579673866,-0.2883351,0.68494546,9.787841
758503588366470,-0.2955136,0.6897311,9.780663
758503597059126,-0.2835495,0.6897311,9.787841
758503605751783,-0.2883351,0.6897311,9.775877
758503614444439,-0.28594232,0.68255264,9.785448
758503623137043,-0.2883351,0.69212395,9.780663
758503631829699,-0.28594232,0.6873383,9.797412
758503640522355,-0.2955136,0.6945168,9.787841
758503649215012,-0.29312077,0.68494546,9.775877
758503657907616,-0.2883351,0.6945168,9.785448
758503666600272,-0.29312077,0.68494546,9.780663
758503675292928,-0.28594232,0.6897311,9.780663
758503683985585,-0.29312077,0.6873383,9.787841
758503692678241,-0.28115666,0.6801598,9.780663
758503701370845,-0.29312077,0.6897311,9.785448
758503710063501,-0.29312077,0.6873383,9.787841
758503718756158,-0.29312077,0.68494546,9.771091
758503727448814,-0.2883351,0.6873383,9.799805
758503736141418,-0.2883351,0.68494546,9.773484
758503744834074,-0.28594232,0.69212395,9.804591
758503753526730,-0.2883351,0.68494546,9.775877
758503762219387,-0.2883351,0.68255264,9.780663
758503770911991,-0.29072794,0.69212395,9.783055
758503779604647,-0.29312077,0.6801598,9.775877
758503788297303,-0.2835495,0.69212395,9.797412
758503796989960,-0.2955136,0.68494546,9.785448
758503805682616,-0.29312077,0.69212395,9.797412
758503814375220,-0.28594232,0.6945168,9.77827
758503823067876,-0.29312077,0.68255264,9.77827
758503831760533,-0.28594232,0.67776704,9.768699
758503840453189,-0.29790643,0.6897311,9.809377
758503849145793,-0.2955136,0.68494546,9.775877
758503857838449,-0.2835495,0.6897311,9.795019
758503866531105,-0.2883351,0.6873383,9.780663
758503875223762,-0.29072794,0.6873383,9.787841
758503883916366,-0.2883351,0.6873383,9.77827
758503892609022,-0.2883351,0.6801598,9.783055
758503901301678,-0.29072794,0.69212395,9.790234
758503909994335,-0.28594232,0.6897311,9.783055
758503918686939,-0.28594232,0.6801598,9.792626
758503927379595,-0.2883351,0.69212395,9.768699
758503936072251,-0.2835495,0.6873383,9.792626
758503944764908,-0.29072794,0.69212395,9.783055
758503953457512,-0.28115666,0.6873383,9.775877
758503962150168,-0.29072794,0.69212395,9.792626
758503970842824,-0.29790643,0.69212395,9.792626
758503979535480,-0.28115666,0.68494546,9.785448
758503988228137,-0.28594232,0.6897311,9.77827
758503996920741,-0.29072794,0.6801598,9.771091
758504005613397,-0.29312077,0.68494546,9.780663
758504014306053,-0.2883351,0.68255264,9.787841
758504022998710,-0.29072794,0.6897311,9.785448
758504031691366,-0.2835495,0.68494546,9.795019
758504040383970,-0.2883351,0.6873383,9.773484
758504049076626,-0.28115666,0.67776704,9.787841
758504057769283,-0.2883351,0.6897311,9.785448
758504066461887,-0.29790643,0.6945168,9.785448
758504075154543,-0.29072794,0.6897311,9.799805
758504083847199,-0.2883351,0.6873383,9.77827
758504092539855,-0.29072794,0.6897311,9.792626
758504101232512,-0.28594232,0.6873383,9.773484
758504109925116,-0.2883351,0.67776704,9.77827
758504118617772,-0.2883351,0.6897311,9.785448
758504127310428,-0.28594232,0.6873383,9.785448
758504136003085,-0.29312077,0.6945168,9.790234
758504144695741,-0.28594232,0.68494546,9.783055
758504153388345,-0.2883351,0.6945168,9.783055
758504162081001,-0.28115666,0.6897311,9.785448
758504170773658,-0.28594232,0.6945168,9.785448
758504179466262,-0.29072794,0.6873383,9.787841
758504188158918,-0.29072794,0.68494546,9.792626
758504196851574,-0.2835495,0.68494546,9.77827
758504205544230,-0.28594232,0.68494546,9.790234
758504214236887,-0.28115666,0.69212395,9.783055
758504222929543,-0.29072794,0.68255264,9.773484
758504231622147,-0.2883351,0.6897311,9.790234
758504240314803,-0.28594232,0.6897311,9.780663
758504249007460,-0.28594232,0.6873383,9.787841
758504257700116,-0.2883351,0.6801598,9.775877
758504266392720,-0.29072794,0.6945168,9.799805
758504275085376,-0.29072794,0.6897311,9.773484
758504283778033,-0.2883351,0.6873383,9.795019
758504292470689,-0.29312077,0.6897311,9.768699
758504301163293,-0.2883351,0.68494546,9.790234
758504309855949,-0.2883351,0.6873383,9.785448
758504318548605,-0.29790643,0.6897311,9.785448
758504327241262,-0.2835495,0.68494546,9.77827
758504335933918,-0.28594232,0.69212395,9.77827
758504344626522,-0.2835495,0.68255264,9.783055
758504353319178,-0.29312077,0.6969096,9.783055
758504362011835,-0.29072794,0.68494546,9.785448
758504370704491,-0.2883351,0.68255264,9.780663
758504379397095,-0.28594232,0.6873383,9.771091
758504388089751,-0.28594232,0.68255264,9.795019
758504396782408,-0.29790643,0.68494546,9.783055
758504405475064,-0.2883351,0.69212395,9.785448
758504414167668,-0.2883351,0.69212395,9.768699
758504422860324,-0.28594232,0.6873383,9.802198
758504431552980,-0.28115666,0.6873383,9.77827
758504440245637,-0.2835495,0.69212395,9.785448
758504448938241,-0.29312077,0.68494546,9.780663
758504457630897,-0.2883351,0.6873383,9.787841
758504466323553,-0.29312077,0.69212395,9.785448
758504475016210,-0.29072794,0.6873383,9.787841
758504483708866,-0.28594232,0.68494546,9.787841
758504492401470,-0.28594232,0.6897311,9.792626
758504501094126,-0.28594232,0.6873383,9.775877
758504509786783,-0.29072794,0.68494546,9.780663
758504518479387,-0.2835495,0.6897311,9.792626
758504527172043,-0.29312077,0.6945168,9.795019
758504535864699,-0.29312077,0.69930243,9.799805
758504544557355,-0.27876383,0.6873383,9.77827
758504553250012,-0.2835495,0.6969096,9.792626
758504561942616,-0.28594232,0.68494546,9.780663
758504570635272,-0.29312077,0.6801598,9.773484
758504579327928,-0.29072794,0.68255264,9.790234
758504588020585,-0.29312077,0.68494546,9.780663
758504596713241,-0.2835495,0.69212395,9.787841
758504605405845,-0.2883351,0.6945168,9.773484
758504614098501,-0.2883351,0.68494546,9.785448
758504622791158,-0.28594232,0.68255264,9.783055
758504631483814,-0.29072794,0.6873383,9.802198
758504640176418,-0.2883351,0.68494546,9.783055
758504648869074,-0.28594232,0.6873383,9.787841
758504657561730,-0.29312077,0.6873383,9.77827
758504666254387,-0.29072794,0.6969096,9.790234
758504674946991,-0.2835495,0.68255264,9.775877
758504683639647,-0.28594232,0.6801598,9.787841
758504692332303,-0.29072794,0.6873383,9.790234
758504701024960,-0.29072794,0.6897311,9.790234
758504709717564,-0.2835495,0.6897311,9.775877
758504718410220,-0.28594232,0.68255264,9.790234
758504727102876,-0.29312077,0.6897311,9.780663
758504735795533,-0.29072794,0.6897311,9.780663
758504744488137,-0.2835495,0.6969096,9.787841
758504753180793,-0.28594232,0.6897311,9.780663
758504761873449,-0.2883351,0.68255264,9.775877
758504770566105,-0.2955136,0.69212395,9.799805
758504779258762,-0.28594232,0.69212395,9.787841
758504787951366,-0.2883351,0.6873383,9.790234
758504796644022,-0.29072794,0.68494546,9.783055
758504805336678,-0.28594232,0.6873383,9.785448
758504814029335,-0.28594232,0.6873383,9.785448
758504822721939,-0.2955136,0.68494546,9.785448
758504831414595,-0.29312077,0.6945168,9.771091
758504840107251,-0.28594232,0.6945168,9.792626
758504848799908,-0.2883351,0.6969096,9.790234
758504857492512,-0.28115666,0.69212395,9.783055
758504866185168,-0.2883351,0.6873383,9.790234
758504874877824,-0.2883351,0.6969096,9.780663
758504883570480,-0.28594232,0.69212395,9.783055
758504892263137,-0.29312077,0.68255264,9.780663
758504900955793,-0.29072794,0.68255264,9.795019
758504909648397,-0.29072794,0.68494546,9.771091
758504918341053,-0.27876383,0.69212395,9.790234
758504927033710,-0.28594232,0.68255264,9.771091
758504935726314,-0.29072794,0.68494546,9.780663
758504944418970,-0.2955136,0.69930243,9.773484
758504953111626,-0.29072794,0.6897311,9.795019
758504961804283,-0.28594232,0.6801598,9.771091
758504970496939,-0.2883351,0.6945168,9.783055
758504979189543,-0.29072794,0.6897311,9.780663
758504987882199,-0.28115666,0.6897311,9.795019
758504996574855,-0.2883351,0.68494546,9.773484
758505005267512,-0.29072794,0.6801598,9.780663
758505013960116,-0.28594232,0.68494546,9.780663
758505022652772,-0.2883351,0.6873383,9.792626
758505031345428,-0.28594232,0.6801598,9.790234
758505040038085,-0.2835495,0.68494546,9.797412
758505048730689,-0.28594232,0.68494546,9.775877
758505057423345,-0.29072794,0.69212395,9.802198
758505066116001,-0.29312077,0.6873383,9.775877
758505074808658,-0.29312077,0.6873383,9.785448
758505083501314,-0.29072794,0.6897311,9.783055
758505092193970,-0.28594232,0.6873383,9.787841
758505100886574,-0.28594232,0.6969096,9.787841
758505109579230,-0.2835495,0.68255264,9.775877
758505118271887,-0.29072794,0.6897311,9.771091
758505126964543,-0.28594232,0.6873383,9.780663
758505135657199,-0.29072794,0.70169526,9.795019
758505144349803,-0.2883351,0.6801598,9.771091
758505153042460,-0.28594232,0.68255264,9.795019
758505161735116,-0.2955136,0.69212395,9.775877
758505170427772,-0.28594232,0.6897311,9.783055
758505179120376,-0.29312077,0.6969096,9.775877
758505187813033,-0.2883351,0.6873383,9.780663
758505196505689,-0.29072794,0.6873383,9.780663
758505205198345,-0.29312077,0.6897311,9.77827
758505213891001,-0.2955136,0.68255264,9.77827
758505222583605,-0.29312077,0.68494546,9.787841
758505231276262,-0.28594232,0.68255264,9.785448
758505239968918,-0.28594232,0.6897311,9.775877
758505248661574,-0.2883351,0.69212395,9.77827
758505257354230,-0.2835495,0.6897311,9.814162
758505266046835,-0.28594232,0.6969096,9.7399845
758505274739491,-0.2883351,0.68255264,9.8117695
758505283432147,-0.29790643,0.69212395,9.737592
758505292124803,-0.2955136,0.68255264,9.818948
758505300817460,-0.2883351,0.6897311,9.763913
758505309510116,-0.276371,0.6753742,9.806984
758505318202720,-0.29072794,0.6897311,9.747163
758505326895376,-0.28594232,0.69212395,9.826126
758505335588033,-0.29072794,0.69212395,9.735199
758505344280689,-0.2883351,0.6801598,9.818948
758505352973345,-0.29312077,0.6801598,9.742377
758505361665949,-0.29790643,0.68494546,9.818948
758505370358605,-0.29312077,0.6897311,9.787841
758505379051262,-0.28115666,0.6945168,9.797412
758505387743918,-0.28115666,0.6945168,9.751948
758505396436574,-0.29072794,0.69212395,9.8117695
758505405129178,-0.29072794,0.6897311,9.735199
758505413821835,-0.2955136,0.68255264,9.8524475
758505422514491,-0.28594232,0.6873383,9.773484
758505431207147,-0.2883351,0.6945168,9.814162
758505439899803,-0.29312077,0.6945168,9.747163
758505448592460,-0.29312077,0.69212395,9.790234
758505457285064,-0.29312077,0.6801598,9.77827
758505465977720,-0.2955136,0.6753742,9.773484
758505474670376,-0.2883351,0.68494546,9.790234
758505483363033,-0.2955136,0.6873383,9.802198
758505492055637,-0.2883351,0.69212395,9.787841
758505500748293,-0.2835495,0.6897311,9.773484
758505509440949,-0.2835495,0.69212395,9.77827
758505518133605,-0.30269206,0.68255264,9.766306
758505526826262,-0.29790643,0.68255264,9.795019
758505535518918,-0.29790643,0.68494546,9.773484
758505544211574,-0.29072794,0.69930243,9.799805
758505552904178,-0.2955136,0.68494546,9.773484
758505561596835,-0.276371,0.6873383,9.775877
758505570289491,-0.2835495,0.6729814,9.787841
758505578982147,-0.2883351,0.68255264,9.773484
758505587674803,-0.2955136,0.67776704,9.792626
758505596367460,-0.2955136,0.69212395,9.783055
758505605060064,-0.29072794,0.6801598,9.783055
758505613752720,-0.2955136,0.6945168,9.785448
758505622445376,-0.29312077,0.68494546,9.775877
758505631138033,-0.2883351,0.69212395,9.802198
758505639830689,-0.2955136,0.6945168,9.771091
758505648523293,-0.28594232,0.6969096,9.792626
758505657215949,-0.29072794,0.6873383,9.775877
758505665908605,-0.2955136,0.6873383,9.802198
758505674601262,-0.28594232,0.6897311,9.790234
758505683293918,-0.29312077,0.68494546,9.787841
758505691986574,-0.2883351,0.68255264,9.77827
758505700679230,-0.2883351,0.69212395,9.787841
758505709371835,-0.29790643,0.6897311,9.773484
758505718064491,-0.29072794,0.6873383,9.783055
758505726757147,-0.29072794,0.68494546,9.775877
758505735449803,-0.2955136,0.6801598,9.783055
758505744142408,-0.28594232,0.6897311,9.785448
758505752835064,-0.2883351,0.69930243,9.790234
758505761527720,-0.29072794,0.68494546,9.785448
758505770220376,-0.2835495,0.68494546,9.785448
758505778913033,-0.29312077,0.6873383,9.771091
758505787605689,-0.29312077,0.6873383,9.795019
758505796298345,-0.30269206,0.6801598,9.775877
758505804990949,-0.29072794,0.6873383,9.785448
758505813683605,-0.2883351,0.69212395,9.783055
758505822376262,-0.2835495,0.68255264,9.773484
758505831068918,-0.28594232,0.6897311,9.787841
758505839761574,-0.2883351,0.6873383,9.787841
758505848454230,-0.28594232,0.6873383,9.790234
758505857146835,-0.28115666,0.70169526,9.785448
758505865839491,-0.2955136,0.6897311,9.783055
758505874532147,-0.2955136,0.6801598,9.783055
758505883224803,-0.29790643,0.68494546,9.787841
758505891917460,-0.2883351,0.6801598,9.77827
758505900610064,-0.28115666,0.6873383,9.780663
758505909302720,-0.29072794,0.6945168,9.780663
758505917995376,-0.28594232,0.6897311,9.787841
758505926688033,-0.28594232,0.69212395,9.795019
758505935380689,-0.28594232,0.6897311,9.795019
758505944073293,-0.29312077,0.68494546,9.775877
758505952765949,-0.2883351,0.68255264,9.780663
758505961458605,-0.29312077,0.6873383,9.773484
758505970151262,-0.29312077,0.6873383,9.795019
758505978843918,-0.2955136,0.68494546,9.773484
758505987536574,-0.2883351,0.6873383,9.806984
758505996229178,-0.29072794,0.6897311,9.768699
758506004921835,-0.28594232,0.6897311,9.783055
758506013614491,-0.2955136,0.6897311,9.775877
758506022307147,-0.30029923,0.68494546,9.787841
758506030999803,-0.2955136,0.6801598,9.797412
758506039692460,-0.29312077,0.6897311,9.790234
758506048385064,-0.2835495,0.69212395,9.785448
758506057077720,-0.28594232,0.6897311,9.795019
758506065770376,-0.27876383,0.6873383,9.775877
758506074463033,-0.29072794,0.68494546,9.785448
758506083155689,-0.29312077,0.68494546,9.775877
758506091848345,-0.29312077,0.6801598,9.783055
758506100540949,-0.2883351,0.6969096,9.787841
758506109233605,-0.30508488,0.6873383,9.771091
758506117926262,-0.29312077,0.6801598,9.775877
758506126618918,-0.29790643,0.68494546,9.787841
758506135311574,-0.2835495,0.69212395,9.802198
758506144004178,-0.28115666,0.68494546,9.785448
758506152696835,-0.2835495,0.69212395,9.766306
758506161389491,-0.29312077,0.6897311,9.773484
758506170082147,-0.30029923,0.68494546,9.806984
758506178774803,-0.29790643,0.68255264,9.792626
758506187467460,-0.29312077,0.68494546,9.783055
758506196160116,-0.29072794,0.6897311,9.792626
758506204852720,-0.29072794,0.6969096,9.785448
758506213545376,-0.29072794,0.6873383,9.780663
758506222238033,-0.28594232,0.6873383,9.77827
758506230930689,-0.2883351,0.6897311,9.799805
758506239623345,-0.2955136,0.6945168,9.787841
758506248316001,-0.29790643,0.68494546,9.785448
758506257008605,-0.2883351,0.6873383,9.797412
758506265701262,-0.29312077,0.6873383,9.783055
758506274393918,-0.2883351,0.6873383,9.783055
758506283086574,-0.2883351,0.68255264,9.771091
758506291779230,-0.28594232,0.6873383,9.790234
758506300471887,-0.29072794,0.6897311,9.77827
758506309164491,-0.2955136,0.68255264,9.809377
758506317857147,-0.29072794,0.6873383,9.785448
758506326549803,-0.29312077,0.6945168,9.792626
758506335242460,-0.29312077,0.6873383,9.775877
758506343935116,-0.29072794,0.68255264,9.787841
758506352627720,-0.28594232,0.6897311,9.795019
758506361320376,-0.28594232,0.68255264,9.787841
758506370013033,-0.29072794,0.6897311,9.792626
758506378705689,-0.2883351,0.68494546,9.787841
758506387398345,-0.2883351,0.68255264,9.783055
758506396090949,-0.2955136,0.69930243,9.780663
758506404783605,-0.29072794,0.6897311,9.792626
758506413476262,-0.2835495,0.68494546,9.795019
758506422168918,-0.28594232,0.68494546,9.780663
758506430861574,-0.29312077,0.68255264,9.773484
758506439554178,-0.2955136,0.6897311,9.787841
758506448246835,-0.2883351,0.68494546,9.795019
758506456939491,-0.2835495,0.6945168,9.790234
758506465632147,-0.2955136,0.68255264,9.783055
758506474324803,-0.29312077,0.6873383,9.785448
758506483017460,-0.29072794,0.6897311,9.780663
758506491710064,-0.29312077,0.69212395,9.792626
758506500402720,-0.29072794,0.6873383,9.780663
758506509095376,-0.2883351,0.6873383,9.795019
758506517788033,-0.29312077,0.6873383,9.77827
758506526480689,-0.29790643,0.6897311,9.783055
758506535173293,-0.29072794,0.68494546,9.783055
758506543865949,-0.29790643,0.68255264,9.790234
758506552558605,-0.2883351,0.68255264,9.77827
758506561251262,-0.28594232,0.6873383,9.795019
758506569943918,-0.29072794,0.6873383,9.780663
758506578636574,-0.28115666,0.69930243,9.785448
758506587329230,-0.29072794,0.6801598,9.768699
758506596021835,-0.29312077,0.6801598,9.799805
758506604714491,-0.2883351,0.6801598,9.780663
758506613407147,-0.28594232,0.68255264,9.787841
758506622099803,-0.28594232,0.69212395,9.766306
758506630792460,-0.2883351,0.6897311,9.795019
758506639485064,-0.29072794,0.6897311,9.775877
758506648177720,-0.29790643,0.6873383,9.804591
758506656870376,-0.28594232,0.68255264,9.785448
758506665563033,-0.28115666,0.68255264,9.790234
758506674255689,-0.29312077,0.69930243,9.780663
758506682948293,-0.30508488,0.69212395,9.780663
758506691640949,-0.276371,0.6969096,9.802198
758506700333605,-0.29312077,0.68494546,9.77827
758506709026262,-0.28115666,0.68255264,9.780663
758506717718918,-0.29072794,0.6873383,9.751948
758506726411522,-0.30269206,0.69212395,9.821341
758506735104178,-0.2955136,0.69212395,9.77827
758506743796835,-0.28594232,0.6873383,9.804591
758506752489491,-0.28594232,0.6873383,9.766306
758506761182147,-0.2883351,0.68255264,9.783055
758506769874803,-0.2883351,0.68494546,9.771091
758506778567460,-0.29072794,0.6801598,9.797412
758506787260064,-0.29072794,0.6945168,9.799805
758506795952720,-0.30029923,0.69930243,9.802198
758506804645376,-0.28115666,0.6897311,9.768699
758506813338033,-0.2883351,0.68494546,9.8117695
758506822030689,-0.30029923,0.68255264,9.723235
758506830723293,-0.2955136,0.68255264,9.850055
758506839415949,-0.29312077,0.6945168,9.76152
758506848108605,-0.29312077,0.6873383,9.790234
758506856801262,-0.28594232,0.68494546,9.797412
758506865493918,-0.30029923,0.69930243,9.756734
758506874186574,-0.2835495,0.68494546,9.814162
758506882879178,-0.2955136,0.6897311,9.742377
758506891571835,-0.2835495,0.6873383,9.821341
758506900264491,-0.29312077,0.68494546,9.77827
758506908957147,-0.30029923,0.6873383,9.799805
758506917649803,-0.29312077,0.6873383,9.756734
758506926342408,-0.28594232,0.6897311,9.821341
758506935035064,-0.2883351,0.6897311,9.74477
758506943727720,-0.2883351,0.6753742,9.828519
758506952420376,-0.30269206,0.6873383,9.742377
758506961113033,-0.29072794,0.68255264,9.818948
758506969805637,-0.29790643,0.6969096,9.771091
758506978498293,-0.2883351,0.68494546,9.814162
758506987190949,-0.28594232,0.6873383,9.771091
758506995883605,-0.2955136,0.6873383,9.787841
758507004576262,-0.2883351,0.6873383,9.775877
758507013268918,-0.2883351,0.6897311,9.775877
758507021961522,-0.29072794,0.6873383,9.790234
758507030654178,-0.2955136,0.69930243,9.790234
758507039346835,-0.2883351,0.6897311,9.787841
758507048039491,-0.2883351,0.6945168,9.790234
758507056732147,-0.2883351,0.68494546,9.759128
758507065424803,-0.29072794,0.68494546,9.787841
758507074117408,-0.30029923,0.6897311,9.766306
758507082810064,-0.2955136,0.6897311,9.804591
758507091502720,-0.2883351,0.69212395,9.785448
758507100195376,-0.28594232,0.68494546,9.792626
758507108888033,-0.2835495,0.6969096,9.77827
758507117580637,-0.27876383,0.69212395,9.783055
758507126273293,-0.29072794,0.6969096,9.775877
758507134965949,-0.2955136,0.67776704,9.783055
758507143658605,-0.2955136,0.6897311,9.802198
758507152351262,-0.2955136,0.7040881,9.8117695
758507161043918,-0.2835495,0.6945168,9.773484
758507169736522,-0.27876383,0.6873383,9.790234
758507178429178,-0.29072794,0.67776704,9.763913
758507187121835,-0.29790643,0.6873383,9.787841
758507195814491,-0.30269206,0.69212395,9.790234
758507204507147,-0.30029923,0.6897311,9.802198
758507213199751,-0.29072794,0.6873383,9.795019
758507221892408,-0.29072794,0.6897311,9.785448
758507230585064,-0.27876383,0.6897311,9.773484
758507239277720,-0.2883351,0.6897311,9.775877
758507247970376,-0.28594232,0.68494546,9.783055
758507256662980,-0.29072794,0.6873383,9.806984
758507265355637,-0.2955136,0.6897311,9.797412
758507274048293,-0.29312077,0.6897311,9.790234
758507282740949,-0.2883351,0.6873383,9.773484
758507291433605,-0.28594232,0.68494546,9.766306
758507300126262,-0.29072794,0.68255264,9.749556
758507308818866,-0.30029923,0.6897311,9.821341
758507317511522,-0.29072794,0.6873383,9.77827
758507326204178,-0.29072794,0.6897311,9.792626
758507334896835,-0.2955136,0.6801598,9.792626
758507343589491,-0.2955136,0.68494546,9.763913
758507352282095,-0.29312077,0.6801598,9.785448
758507360974751,-0.29072794,0.6801598,9.783055
758507369667408,-0.28115666,0.6897311,9.795019
758507378360064,-0.2955136,0.6801598,9.771091
758507387052720,-0.2883351,0.6873383,9.785448
758507395745376,-0.28115666,0.6897311,9.802198
758507404437980,-0.27876383,0.68494546,9.787841
758507413130637,-0.2883351,0.69212395,9.797412
758507421823293,-0.2955136,0.68255264,9.766306
758507430515949,-0.29072794,0.7040881,9.804591
758507439208605,-0.29072794,0.6945168,9.773484
758507447901210,-0.29072794,0.6873383,9.799805
758507456593866,-0.2883351,0.6897311,9.773484
758507465286522,-0.29312077,0.6801598,9.780663
758507473979178,-0.29072794,0.69212395,9.780663
758507482671835,-0.29072794,0.68255264,9.783055
758507491364439,-0.2835495,0.6897311,9.783055
758507500057095,-0.29072794,0.6897311,9.799805
758507508749751,-0.28594232,0.68494546,9.780663
758507517442408,-0.28594232,0.6873383,9.785448
758507526135064,-0.2835495,0.6873383,9.787841
758507534827720,-0.29072794,0.6873383,9.783055
758507543520324,-0.28594232,0.6969096,9.787841
758507552212980,-0.29072794,0.6873383,9.771091
758507560905637,-0.28115666,0.6873383,9.795019
758507569598293,-0.29072794,0.69212395,9.795019
758507578290949,-0.2883351,0.6801598,9.775877
758507586983553,-0.2955136,0.6945168,9.785448
758507595676210,-0.30029923,0.6897311,9.773484
758507604368866,-0.2883351,0.6897311,9.799805
758507613061522,-0.29072794,0.68494546,9.790234
758507621754178,-0.29072794,0.6873383,9.768699
758507630446835,-0.29072794,0.6897311,9.780663
758507639139439,-0.29790643,0.6969096,9.792626
758507647832095,-0.30029923,0.6801598,9.771091
758507656524751,-0.2883351,0.6969096,9.804591
758507665217408,-0.2883351,0.68255264,9.77827
758507673910064,-0.2835495,0.6969096,9.804591
758507682602668,-0.29790643,0.6945168,9.775877
758507691295324,-0.2883351,0.6897311,9.790234
758507699987980,-0.2883351,0.6873383,9.780663
758507708680637,-0.2955136,0.6873383,9.790234
758507717373293,-0.29072794,0.6873383,9.785448
758507726065897,-0.2883351,0.6897311,9.77827
758507734758553,-0.2955136,0.68494546,9.785448
758507743451210,-0.2955136,0.68494546,9.780663
758507752143866,-0.28594232,0.69212395,9.77827
758507760836522,-0.28594232,0.6801598,9.792626
758507769529126,-0.29072794,0.6873383,9.785448
758507778221783,-0.2883351,0.6945168,9.790234
758507786914439,-0.2835495,0.6897311,9.787841
758507795607095,-0.28115666,0.6873383,9.780663
758507804299751,-0.2835495,0.68255264,9.787841
758507812992408,-0.28115666,0.6897311,9.787841
758507821685012,-0.2835495,0.6945168,9.795019
758507830377668,-0.2883351,0.6897311,9.780663
758507839070324,-0.29312077,0.6897311,9.787841
758507847762980,-0.29312077,0.6873383,9.771091
758507856455637,-0.29790643,0.6873383,9.790234
758507865148241,-0.2883351,0.6897311,9.775877
758507873840897,-0.2883351,0.68494546,9.783055
758507882533553,-0.2883351,0.6753742,9.787841
758507891226210,-0.2883351,0.68494546,9.787841
758507899918866,-0.2955136,0.6897311,9.797412
758507908611470,-0.29072794,0.6873383,9.763913
758507917304126,-0.29312077,0.6873383,9.8117695
758507925996783,-0.2835495,0.6897311,9.77827
758507934689439,-0.29072794,0.69930243,9.795019
758507943382095,-0.2835495,0.6945168,9.775877
758507952074751,-0.29072794,0.6897311,9.795019
758507960767355,-0.28594232,0.68255264,9.780663
758507969460012,-0.2883351,0.6801598,9.773484
758507978152668,-0.29790643,0.6729814,9.790234
758507986845324,-0.2835495,0.68255264,9.783055
758507995537928,-0.29312077,0.68255264,9.790234
758508004230585,-0.2883351,0.6873383,9.773484
758508012923241,-0.2955136,0.69212395,9.783055
758508021615897,-0.28594232,0.6873383,9.792626
758508030308553,-0.28594232,0.69212395,9.792626
758508039001210,-0.2955136,0.6969096,9.785448
758508047693814,-0.28594232,0.6969096,9.783055
758508056386470,-0.28594232,0.69212395,9.792626
758508065079126,-0.30269206,0.6945168,9.771091
758508073771783,-0.28594232,0.68494546,9.783055
758508082464439,-0.29072794,0.6897311,9.780663
758508091157043,-0.30029923,0.68494546,9.785448
758508099849699,-0.29072794,0.67776704,9.792626
758508108542355,-0.2955136,0.69212395,9.795019
758508117235012,-0.29072794,0.6897311,9.792626
758508125927668,-0.28115666,0.70169526,9.792626
758508134620272,-0.276371,0.6897311,9.790234
758508143312928,-0.29790643,0.68494546,9.787841
758508152005585,-0.29312077,0.6801598,9.768699
758508160698241,-0.30029923,0.68494546,9.795019
758508169390897,-0.29790643,0.68255264,9.797412
758508178083501,-0.28594232,0.6897311,9.799805
758508186776158,-0.2883351,0.68255264,9.780663
758508195468814,-0.28594232,0.6945168,9.77827
758508204161470,-0.29072794,0.68255264,9.766306
758508212854126,-0.28594232,0.68494546,9.795019
758508221546730,-0.30029923,0.6801598,9.785448
758508230239387,-0.30029923,0.6873383,9.804591
758508238932043,-0.29072794,0.69212395,9.792626
758508247624699,-0.27876383,0.6873383,9.780663
758508256317355,-0.28594232,0.6897311,9.773484
758508265009960,-0.29072794,0.68494546,9.785448
758508273702616,-0.29072794,0.69212395,9.790234
758508282395272,-0.2955136,0.68255264,9.783055
758508291087928,-0.2955136,0.6873383,9.799805
758508299780585,-0.29312077,0.68255264,9.785448
758508308473241,-0.29072794,0.68494546,9.763913
758508317165845,-0.28594232,0.6945168,9.780663
758508325858501,-0.2883351,0.6801598,9.780663
758508334551158,-0.28594232,0.6801598,9.785448
758508343243814,-0.2883351,0.6897311,9.795019
758508351936470,-0.29790643,0.6873383,9.766306
758508360629074,-0.28594232,0.6801598,9.823733
758508369321730,-0.2835495,0.69212395,9.763913
758508378014387,-0.29790643,0.6873383,9.795019
758508386707043,-0.2835495,0.69212395,9.759128
758508395399647,-0.2883351,0.6897311,9.804591
758508404092303,-0.2955136,0.6945168,9.759128
758508412784960,-0.29072794,0.6801598,9.814162
758508421477616,-0.2955136,0.68494546,9.76152
758508430170272,-0.2739782,0.6873383,9.818948
758508438862876,-0.29312077,0.6873383,9.76152
758508447555533,-0.28115666,0.6873383,9.792626
758508456248189,-0.28115666,0.69212395,9.780663
758508464940845,-0.29312077,0.69930243,9.787841
758508473633501,-0.2955136,0.6873383,9.821341
758508482326105,-0.2835495,0.6897311,9.759128
758508491018762,-0.29312077,0.67776704,9.806984
758508499711418,-0.29072794,0.6897311,9.773484
758508508404074,-0.29312077,0.6897311,9.792626
758508517096730,-0.29072794,0.6873383,9.763913
758508525789335,-0.28594232,0.68494546,9.802198
758508534481991,-0.29312077,0.6873383,9.766306
758508543174647,-0.29312077,0.68494546,9.806984
758508551867303,-0.29312077,0.69930243,9.766306
758508560559908,-0.2835495,0.6873383,9.797412
758508569252564,-0.28594232,0.6897311,9.773484
758508577945220,-0.29072794,0.68494546,9.785448
758508586637876,-0.29072794,0.6897311,9.787841
758508595330533,-0.29312077,0.68255264,9.780663
758508604023137,-0.29072794,0.68494546,9.792626
758508612715793,-0.2955136,0.69212395,9.775877
758508621408449,-0.29072794,0.6897311,9.792626
758508630101105,-0.28594232,0.68255264,9.771091
758508638793762,-0.29312077,0.68494546,9.787841
758508647486366,-0.29312077,0.6897311,9.77827
758508656179022,-0.29312077,0.6897311,9.787841
758508664871678,-0.2883351,0.69212395,9.780663
758508673564335,-0.29312077,0.6945168,9.790234
758508682256991,-0.28594232,0.68494546,9.771091
758508690949647,-0.29072794,0.68494546,9.797412
758508699642251,-0.2955136,0.68494546,9.790234
758508708334908,-0.29312077,0.69212395,9.792626
758508717027564,-0.2835495,0.69212395,9.790234
758508725720220,-0.29312077,0.68255264,9.797412
758508734412824,-0.2835495,0.6873383,9.780663
758508743105480,-0.28594232,0.68494546,9.787841
758508751798137,-0.29072794,0.6897311,9.771091
758508760490793,-0.2955136,0.69212395,9.795019
758508769183449,-0.29312077,0.68255264,9.787841
758508777876053,-0.2835495,0.6753742,9.785448
758508786568710,-0.29072794,0.6897311,9.790234
758508795261366,-0.29312077,0.6873383,9.780663
758508803954022,-0.2835495,0.6873383,9.775877
758508812646678,-0.29072794,0.6873383,9.790234
758508821339283,-0.2835495,0.68255264,9.790234
758508830031939,-0.29312077,0.6873383,9.790234
758508838724595,-0.28594232,0.69212395,9.785448
758508847417251,-0.29312077,0.68255264,9.771091
758508856109908,-0.2955136,0.6873383,9.790234
758508864802512,-0.2835495,0.68255264,9.768699
758508873495168,-0.2883351,0.6801598,9.773484
758508882187824,-0.29312077,0.67776704,9.785448
758508890880480,-0.30269206,0.6729814,9.732806
758508899573085,-0.317049,0.66101724,9.689735
758508908265741,-0.30508488,0.6586244,9.905089
758508916958397,-0.2428715,0.70648086,9.976874
758508925651053,-0.24047868,0.7423732,9.694521
758508934343710,-0.30029923,0.72083783,9.68495
758508943036366,-0.3074777,0.69930243,9.74477
758508951728970,-0.2835495,0.6729814,9.897911
758508960421626,-0.30987054,0.6562316,9.830912
758508969114283,-0.30029923,0.67776704,9.756734
758508977806939,-0.28594232,0.6969096,9.795019
758508986499543,-0.2835495,0.69930243,9.780663
758508995192199,-0.2883351,0.7040881,9.76152
758509003884855,-0.29072794,0.6873383,9.756734
758509012577512,-0.2835495,0.67058855,9.835697
758509021270168,-0.2883351,0.6681957,9.797412
758509029962772,-0.29072794,0.67776704,9.759128
758509038655428,-0.29312077,0.6897311,9.77827
758509047348085,-0.30029923,0.70169526,9.804591
758509056040741,-0.2739782,0.7040881,9.802198
758509064733345,-0.27876383,0.6969096,9.751948
758509073426001,-0.2835495,0.6873383,9.756734
758509082118658,-0.29072794,0.6801598,9.8117695
758509090811314,-0.29312077,0.6753742,9.8117695
758509099503970,-0.29072794,0.6873383,9.797412
758509108196574,-0.29072794,0.6873383,9.76152
758509116889230,-0.29312077,0.6873383,9.787841
758509125581887,-0.2883351,0.68255264,9.773484
758509134274543,-0.28594232,0.68494546,9.809377
758509142967199,-0.2955136,0.6873383,9.766306
758509151659803,-0.29790643,0.67776704,9.792626
758509160352460,-0.29790643,0.68255264,9.766306
758509169045116,-0.28594232,0.70169526,9.809377
758509177737772,-0.28115666,0.69930243,9.787841
758509186430376,-0.28594232,0.6873383,9.795019
758509195123033,-0.2955136,0.6897311,9.76152
758509203815689,-0.29312077,0.6873383,9.773484
758509212508345,-0.2955136,0.6801598,9.809377
758509221200949,-0.29312077,0.68494546,9.806984
758509229893605,-0.2835495,0.69212395,9.795019
758509238586262,-0.2883351,0.6969096,9.763913
758509247278918,-0.29312077,0.6945168,9.771091
758509255971574,-0.29072794,0.6801598,9.790234
758509264664178,-0.29312077,0.67776704,9.797412
758509273356835,-0.29790643,0.68255264,9.780663
758509282049491,-0.29790643,0.6969096,9.797412
758509290742147,-0.28594232,0.6969096,9.792626
758509299434803,-0.2739782,0.69930243,9.783055
758509308127408,-0.2835495,0.6873383,9.775877
758509316820064,-0.28594232,0.6873383,9.763913
758509325512720,-0.30029923,0.6801598,9.783055
758509334205376,-0.2955136,0.6873383,9.797412
758509342897980,-0.29790643,0.6873383,9.795019
758509351590637,-0.29072794,0.6945168,9.799805
758509360283293,-0.276371,0.68494546,9.77827
758509368975949,-0.2883351,0.69212395,9.763913
758509377668605,-0.29072794,0.69212395,9.771091
758509386361210,-0.29790643,0.68255264,9.797412
758509395053866,-0.28594232,0.6945168,9.809377
758509403746522,-0.29072794,0.6945168,9.780663
758509412439178,-0.28594232,0.69212395,9.792626
758509421131783,-0.28594232,0.6873383,9.783055
758509429824439,-0.29072794,0.69212395,9.77827
758509438517095,-0.29072794,0.68494546,9.783055
758509447209751,-0.2955136,0.6873383,9.77827
758509455902408,-0.29312077,0.69212395,9.785448
758509464595012,-0.2955136,0.69212395,9.802198
758509473287668,-0.29072794,0.69212395,9.785448
758509481980324,-0.28115666,0.68494546,9.775877
758509490672980,-0.28594232,0.69212395,9.768699
758509499365585,-0.28594232,0.68494546,9.766306
758509508058241,-0.29312077,0.68255264,9.792626
758509516750897,-0.29790643,0.68494546,9.783055
758509525443553,-0.2883351,0.6897311,9.797412
758509534136210,-0.2955136,0.6897311,9.790234
758509542828814,-0.29072794,0.6945168,9.773484
758509551521470,-0.29072794,0.68255264,9.783055
758509560214126,-0.29790643,0.68255264,9.783055
758509568906783,-0.28594232,0.6873383,9.783055
758509577599387,-0.29072794,0.68494546,9.795019
758509586292043,-0.2883351,0.68494546,9.785448
758509594984699,-0.2835495,0.6873383,9.809377
758509603677355,-0.2883351,0.6873383,9.775877
758509612370012,-0.2835495,0.6897311,9.790234
758509621062616,-0.2835495,0.69212395,9.76152
758509629755272,-0.29072794,0.68255264,9.785448
758509638447928,-0.29312077,0.6873383,9.775877
758509647140585,-0.2955136,0.6897311,9.802198
758509655833189,-0.2883351,0.68494546,9.787841
758509664525845,-0.2835495,0.6873383,9.799805
758509673218501,-0.29072794,0.6897311,9.771091
758509681911158,-0.29312077,0.68494546,9.787841
758509690603814,-0.29790643,0.6873383,9.792626
758509699296418,-0.30029923,0.68494546,9.787841
758509707989074,-0.2835495,0.68494546,9.802198
758509716681730,-0.2883351,0.6873383,9.783055
758509725374387,-0.28594232,0.68494546,9.783055
758509734066991,-0.28115666,0.6945168,9.785448
758509742759647,-0.2883351,0.69212395,9.775877
758509751452303,-0.2955136,0.68255264,9.790234
758509760144960,-0.29312077,0.68494546,9.785448
758509768837564,-0.2955136,0.69212395,9.787841
758509777530220,-0.28594232,0.6897311,9.780663
758509786222876,-0.28594232,0.6945168,9.783055
758509794915533,-0.29072794,0.6897311,9.780663
758509803608189,-0.29312077,0.69212395,9.780663
758509812300793,-0.29072794,0.68494546,9.787841
758509820993449,-0.28594232,0.6897311,9.785448
758509829686105,-0.2883351,0.69212395,9.775877
758509838378762,-0.29072794,0.6897311,9.792626
758509847071366,-0.28115666,0.6897311,9.785448
758509855764022,-0.2883351,0.68255264,9.77827
758509864456678,-0.29072794,0.6801598,9.785448
758509873149335,-0.29790643,0.68494546,9.773484
758509881841939,-0.29790643,0.6873383,9.797412
758509890534595,-0.29312077,0.6873383,9.785448
758509899227251,-0.28594232,0.68494546,9.783055
758509907919908,-0.28594232,0.6873383,9.787841
758509916612564,-0.29072794,0.6897311,9.775877
758509925305168,-0.29072794,0.68494546,9.773484
758509933997824,-0.29312077,0.69212395,9.790234
758509942690480,-0.2883351,0.6801598,9.797412
758509951383137,-0.29312077,0.6801598,9.792626
758509960075741,-0.2883351,0.6945168,9.783055
758509968768397,-0.2883351,0.69212395,9.77827
758509977461053,-0.28115666,0.6897311,9.775877
758509986153710,-0.28594232,0.68255264,9.775877
758509994846366,-0.29072794,0.6897311,9.799805
758510003538970,-0.29072794,0.6873383,9.787841
758510012231626,-0.28594232,0.6897311,9.804591
758510020924283,-0.29072794,0.6945168,9.792626
758510029616887,-0.29312077,0.6897311,9.77827
758510038309543,-0.28594232,0.68255264,9.771091
758510047002199,-0.28594232,0.6873383,9.787841
758510055694855,-0.29312077,0.68255264,9.785448
758510064387512,-0.2883351,0.6873383,9.797412
758510073080116,-0.2883351,0.6897311,9.795019
758510081772772,-0.29072794,0.6873383,9.787841
758510090465428,-0.28594232,0.68494546,9.780663
758510099158085,-0.29072794,0.6873383,9.780663
758510107850689,-0.2955136,0.69212395,9.783055
758510116543345,-0.29072794,0.68255264,9.783055
758510125236001,-0.29072794,0.67776704,9.797412
758510133928658,-0.28594232,0.69212395,9.775877
758510142621314,-0.29072794,0.6897311,9.785448
758510151313918,-0.29312077,0.6873383,9.771091
758510160006574,-0.2883351,0.6969096,9.797412
758510168699230,-0.29072794,0.6945168,9.785448
758510177391887,-0.29072794,0.6801598,9.792626
758510186084491,-0.28594232,0.68255264,9.773484
758510194777147,-0.2955136,0.68494546,9.77827
758510203469803,-0.29072794,0.6897311,9.792626
758510212162408,-0.29072794,0.6945168,9.792626
758510220855064,-0.28115666,0.6873383,9.802198
758510229547720,-0.28594232,0.6897311,9.76152
758510238240376,-0.2883351,0.6969096,9.783055
758510246933033,-0.2955136,0.6897311,9.771091
758510255625689,-0.29312077,0.69212395,9.787841
758510264318293,-0.29790643,0.6897311,9.792626
758510273010949,-0.29072794,0.6945168,9.790234
758510281703605,-0.28115666,0.6873383,9.783055
758510290396210,-0.2883351,0.6897311,9.773484
758510299088866,-0.29312077,0.69212395,9.768699
758510307781522,-0.29072794,0.6969096,9.785448
758510316474178,-0.2883351,0.6945168,9.785448
758510325166783,-0.29072794,0.6897311,9.795019
758510333859439,-0.29312077,0.6897311,9.790234
758510342552095,-0.2883351,0.6945168,9.780663
758510351244751,-0.276371,0.6945168,9.790234
758510359937355,-0.29312077,0.68255264,9.785448
758510368630012,-0.2883351,0.6801598,9.780663
758510377322668,-0.2955136,0.69212395,9.792626
758510386015324,-0.29312077,0.6897311,9.77827
758510394707928,-0.29312077,0.69212395,9.780663
758510403400585,-0.29312077,0.6873383,9.785448
758510412093241,-0.29312077,0.6945168,9.77827
758510420785897,-0.29312077,0.6897311,9.787841
758510429478501,-0.29072794,0.6801598,9.77827
758510438171158,-0.29312077,0.70169526,9.799805
758510446863814,-0.28594232,0.69212395,9.790234
758510455556470,-0.28594232,0.69212395,9.790234
758510464249126,-0.2883351,0.68255264,9.785448
758510472941730,-0.29312077,0.69212395,9.783055
758510481634387,-0.29312077,0.68255264,9.77827
758510490327043,-0.29072794,0.6897311,9.797412
758510499019699,-0.28594232,0.68494546,9.780663
758510507712303,-0.2883351,0.6801598,9.802198
758510516404960,-0.29072794,0.6873383,9.792626
758510525097616,-0.29312077,0.6873383,9.77827
758510533790272,-0.2883351,0.68255264,9.77827
758510542482876,-0.28594232,0.6873383,9.790234
758510551175533,-0.2955136,0.68494546,9.77827
758510559868189,-0.29072794,0.6873383,9.795019
758510568560845,-0.2883351,0.69212395,9.787841
758510577253449,-0.2883351,0.69212395,9.775877
758510585946105,-0.28115666,0.69212395,9.783055
758510594638762,-0.29072794,0.6873383,9.771091
758510603331418,-0.2883351,0.6873383,9.799805
758510612024022,-0.29072794,0.68255264,9.792626
758510620716678,-0.2883351,0.6897311,9.790234
758510629409335,-0.29312077,0.69212395,9.780663
758510638101939,-0.28594232,0.68255264,9.780663
758510646794595,-0.29072794,0.68494546,9.773484
758510655487251,-0.29072794,0.6897311,9.780663
758510664179908,-0.29072794,0.6897311,9.775877
758510672872564,-0.29312077,0.6969096,9.802198
758510681565168,-0.29312077,0.67776704,9.780663
758510690257824,-0.2883351,0.68494546,9.797412
758510698950480,-0.28594232,0.68255264,9.775877
758510707643137,-0.29072794,0.69212395,9.787841
758510716335741,-0.29312077,0.69212395,9.790234
758510725028397,-0.29072794,0.70169526,9.787841
758510733721053,-0.2883351,0.6945168,9.787841
758510742413710,-0.2835495,0.69212395,9.787841
758510751106314,-0.29312077,0.68255264,9.773484
758510759798970,-0.2883351,0.6801598,9.773484
758510768491626,-0.29072794,0.69212395,9.775877
758510777184283,-0.29312077,0.68255264,9.783055
758510785876887,-0.29312077,0.6897311,9.787841
758510794569543,-0.2883351,0.6945168,9.787841
758510803262199,-0.2883351,0.6897311,9.792626
758510811954855,-0.2883351,0.69212395,9.780663
758510820647460,-0.29312077,0.6873383,9.785448
758510829340116,-0.2955136,0.68494546,9.790234
758510838032772,-0.2955136,0.69212395,9.783055
758510846725376,-0.29312077,0.69930243,9.792626
758510855418033,-0.2883351,0.6897311,9.785448
758510864110689,-0.28594232,0.6873383,9.77827
758510872803345,-0.28594232,0.6897311,9.785448
758510881496001,-0.2955136,0.67776704,9.780663
758510890188605,-0.2955136,0.69212395,9.797412
758510898881262,-0.28594232,0.6897311,9.77827
758510907573918,-0.2955136,0.6873383,9.783055
758510916266522,-0.28594232,0.6873383,9.799805
758510924959178,-0.29072794,0.68255264,9.77827
758510933651835,-0.2955136,0.68494546,9.783055
758510942344491,-0.2955136,0.68494546,9.783055
758510951037147,-0.2955136,0.69930243,9.787841
758510959729751,-0.29072794,0.6945168,9.797412
758510968422408,-0.29072794,0.68255264,9.790234
758510977115064,-0.2835495,0.68494546,9.77827
758510985807668,-0.2883351,0.68494546,9.783055
758510994500324,-0.29072794,0.68255264,9.773484
758511003192980,-0.29790643,0.6897311,9.785448
758511011885637,-0.2883351,0.6897311,9.785448
758511020578241,-0.29072794,0.6945168,9.795019
758511029270897,-0.2835495,0.6897311,9.785448
758511037963553,-0.28115666,0.6873383,9.780663
758511046656210,-0.28594232,0.68494546,9.780663
758511055348814,-0.29072794,0.6897311,9.77827
758511064041470,-0.28594232,0.68494546,9.785448
758511072734126,-0.29790643,0.6969096,9.780663
758511081426783,-0.2835495,0.69212395,9.797412
758511090119387,-0.2883351,0.68494546,9.790234
758511098812043,-0.28115666,0.6873383,9.783055
758511107504699,-0.2835495,0.6873383,9.783055
758511116197303,-0.2955136,0.6801598,9.780663
758511124889960,-0.29790643,0.68255264,9.787841
758511133582616,-0.29312077,0.68494546,9.787841
758511142275272,-0.2883351,0.69212395,9.790234
758511150967928,-0.29072794,0.68494546,9.773484
758511159660533,-0.2955136,0.6945168,9.792626
758511168353189,-0.2883351,0.68255264,9.768699
758511177045845,-0.28594232,0.68494546,9.795019
758511185738449,-0.29790643,0.6801598,9.787841
758511194431105,-0.29312077,0.68255264,9.783055
758511203123762,-0.28115666,0.68255264,9.795019
758511211816418,-0.2955136,0.69930243,9.787841
758511220509022,-0.27876383,0.68494546,9.780663
758511229201678,-0.29072794,0.6897311,9.780663
758511237894335,-0.2883351,0.69212395,9.775877
758511246586991,-0.29312077,0.69212395,9.792626
758511255279595,-0.2883351,0.6897311,9.792626
758511263972251,-0.29072794,0.6945168,9.783055
758511272664908,-0.2835495,0.68494546,9.77827
758511281357564,-0.2883351,0.68494546,9.783055
758511290050168,-0.2883351,0.6945168,9.790234
758511298742824,-0.27876383,0.69212395,9.797412
758511307435480,-0.28594232,0.6873383,9.780663
758511316128137,-0.28594232,0.69212395,9.795019
758511324820741,-0.29072794,0.68494546,9.771091
758511333513397,-0.28594232,0.6897311,9.797412
758511342206053,-0.29312077,0.6897311,9.780663
758511350898710,-0.2883351,0.68494546,9.787841
758511359591314,-0.27876383,0.6945168,9.77827
758511368283970,-0.29072794,0.69212395,9.787841
758511376976626,-0.2835495,0.68494546,9.771091
758511385669230,-0.28594232,0.6945168,9.787841
758511394361887,-0.29312077,0.6873383,9.780663
758511403054543,-0.28594232,0.6873383,9.804591
758511411747199,-0.29312077,0.6873383,9.792626
758511420439803,-0.2955136,0.6897311,9.785448
758511429132460,-0.2883351,0.68255264,9.785448
758511437825116,-0.29072794,0.68255264,9.790234
758511446517772,-0.2835495,0.6969096,9.797412
758511455210376,-0.29790643,0.6897311,9.792626
758511463903033,-0.2883351,0.6897311,9.792626
758511472595689,-0.29072794,0.69212395,9.795019
758511481288345,-0.2883351,0.68494546,9.780663
758511489980949,-0.29312077,0.69930243,9.804591
758511498673605,-0.29072794,0.69212395,9.763913
758511507366262,-0.2883351,0.69212395,9.8117695
758511516058866,-0.29072794,0.6945168,9.766306
758511524751522,-0.29072794,0.68494546,9.792626
758511533444178,-0.29312077,0.6753742,9.771091
758511542136835,-0.29312077,0.6897311,9.797412
758511550829439,-0.2883351,0.6873383,9.771091
758511559522095,-0.28594232,0.6873383,9.795019
758511568214751,-0.29312077,0.6801598,9.768699
758511576907355,-0.29312077,0.6873383,9.797412
758511585600012,-0.28594232,0.68255264,9.77827
758511594292668,-0.28115666,0.6873383,9.797412
758511602985324,-0.29312077,0.68494546,9.787841
758511611677980,-0.2883351,0.6801598,9.787841
758511620370585,-0.29790643,0.6897311,9.785448
758511629063241,-0.29312077,0.68255264,9.790234
758511637755897,-0.2883351,0.68494546,9.785448
758511646448501,-0.29312077,0.6945168,9.766306
758511655141158,-0.2883351,0.68255264,9.804591
758511663833814,-0.29312077,0.68255264,9.771091
758511672526470,-0.29312077,0.68255264,9.787841
758511681219074,-0.29072794,0.6873383,9.768699
758511689911730,-0.29072794,0.69212395,9.799805
758511698604387,-0.29312077,0.69212395,9.783055
758511707296991,-0.29312077,0.69212395,9.785448
758511715989647,-0.2883351,0.69212395,9.785448
758511724682303,-0.29072794,0.6897311,9.783055
758511733374960,-0.28594232,0.6969096,9.783055
758511742067564,-0.28594232,0.6897311,9.787841
758511750760220,-0.29072794,0.68494546,9.787841
758511759452876,-0.29072794,0.68494546,9.802198
758511768145480,-0.28594232,0.6873383,9.792626
758511776838137,-0.2883351,0.6897311,9.790234
758511785530793,-0.28594232,0.68255264,9.783055
758511794223449,-0.2883351,0.69212395,9.790234
758511802916053,-0.29072794,0.68494546,9.768699
758511811608710,-0.29790643,0.6873383,9.804591
758511820301366,-0.29072794,0.69212395,9.77827
758511828994022,-0.2883351,0.6897311,9.809377
758511837686626,-0.2883351,0.6945168,9.76152
758511846379283,-0.2883351,0.68494546,9.795019
758511855071939,-0.2835495,0.69212395,9.76152
758511863764543,-0.28594232,0.68255264,9.797412
758511872457199,-0.28115666,0.6873383,9.787841
758511881149855,-0.29312077,0.68255264,9.799805
758511889842512,-0.2883351,0.6873383,9.787841
758511898535168,-0.29312077,0.6873383,9.780663
758511907227772,-0.29312077,0.68494546,9.783055
758511915920428,-0.29312077,0.6801598,9.790234
758511924613033,-0.29072794,0.69212395,9.77827
758511933305689,-0.2883351,0.6897311,9.790234
758511941998345,-0.29072794,0.6873383,9.780663
758511950691001,-0.2955136,0.6873383,9.783055
758511959383605,-0.29312077,0.68494546,9.790234
758511968076262,-0.29312077,0.68494546,9.785448
758511976768918,-0.29312077,0.6873383,9.799805
758511985461574,-0.2883351,0.6873383,9.792626
758511994154178,-0.2883351,0.6873383,9.783055
758512002846835,-0.29312077,0.67776704,9.795019
758512011539491,-0.2835495,0.68494546,9.77827
758512020232095,-0.2955136,0.69212395,9.792626
758512028924751,-0.29072794,0.69212395,9.790234
758512037617408,-0.29072794,0.6897311,9.77827
758512046310064,-0.29072794,0.6801598,9.799805
758512055002668,-0.276371,0.6945168,9.775877
758512063695324,-0.2955136,0.68255264,9.785448
758512072387980,-0.27876383,0.6873383,9.766306
758512081080585,-0.30029923,0.6801598,9.806984
758512089773241,-0.29312077,0.68494546,9.77827
758512098465897,-0.28115666,0.6945168,9.806984
758512107158553,-0.29790643,0.6897311,9.768699
758512115851158,-0.28115666,0.6873383,9.804591
758512124543814,-0.29072794,0.6873383,9.787841
758512133236470,-0.28594232,0.69212395,9.775877
758512141929126,-0.2883351,0.6801598,9.804591
758512150621730,-0.29790643,0.6945168,9.759128
758512159314387,-0.2835495,0.6873383,9.818948
758512168006991,-0.2955136,0.6897311,9.735199
758512176699647,-0.29072794,0.68494546,9.814162
758512185392303,-0.29072794,0.68494546,9.768699
758512194084960,-0.2883351,0.6801598,9.77827
758512202777564,-0.29312077,0.68494546,9.795019
758512211470220,-0.29312077,0.6873383,9.77827
758512220162876,-0.2835495,0.69212395,9.804591
758512228855533,-0.2955136,0.68494546,9.766306
758512237548137,-0.2883351,0.6897311,9.797412
758512246240793,-0.2955136,0.6873383,9.780663
758512254933449,-0.29072794,0.6873383,9.783055
758512263626053,-0.29072794,0.6873383,9.785448
758512272318710,-0.29312077,0.68255264,9.775877
758512281011366,-0.29072794,0.6945168,9.785448
758512289704022,-0.29072794,0.6897311,9.795019
758512298396626,-0.2883351,0.68494546,9.787841
758512307089283,-0.29072794,0.68494546,9.795019
758512315781939,-0.2883351,0.6897311,9.785448
758512324474595,-0.2835495,0.6873383,9.77827
758512333167199,-0.2883351,0.6801598,9.790234
758512341859855,-0.29072794,0.69212395,9.785448
758512350552512,-0.29312077,0.6873383,9.787841
758512359245116,-0.29312077,0.6897311,9.790234
758512367937772,-0.28594232,0.6897311,9.783055
758512376630428,-0.28594232,0.6801598,9.783055
758512385323033,-0.29072794,0.6873383,9.785448
758512394015689,-0.28594232,0.6897311,9.787841
758512402708345,-0.2955136,0.68494546,9.787841
758512411401001,-0.28594232,0.68255264,9.771091
758512420093605,-0.2955136,0.67776704,9.783055
758512428786262,-0.2883351,0.6873383,9.785448
758512437478918,-0.29312077,0.68494546,9.790234
758512446171522,-0.29072794,0.68494546,9.780663
758512454864178,-0.28594232,0.6897311,9.790234
758512463556835,-0.28594232,0.6873383,9.792626
758512472249491,-0.28594232,0.68494546,9.787841
758512480942095,-0.29312077,0.6873383,9.773484
758512489634751,-0.29312077,0.6897311,9.787841
758512498327408,-0.29312077,0.6945168,9.787841
758512507020012,-0.29312077,0.6873383,9.783055
758512515712668,-0.28594232,0.6873383,9.77827
758512524405324,-0.29312077,0.68255264,9.790234
758512533097980,-0.29072794,0.6945168,9.795019
758512541790585,-0.29072794,0.6897311,9.77827
758512550483241,-0.29312077,0.68494546,9.787841
758512559175897,-0.29072794,0.6801598,9.787841
758512567868501,-0.29790643,0.6873383,9.780663
758512576561158,-0.2955136,0.6801598,9.77827
758512585253814,-0.29790643,0.68494546,9.773484
758512593946418,-0.2955136,0.68494546,9.780663
758512602639074,-0.2883351,0.69930243,9.818948
758512611331730,-0.27876383,0.69930243,9.759128
758512620024387,-0.29072794,0.69212395,9.763913
758512628716991,-0.29312077,0.6801598,9.792626
758512637409647,-0.29790643,0.6873383,9.768699
758512646102303,-0.28594232,0.69212395,9.818948
758512654794908,-0.30029923,0.6897311,9.768699
758512663487564,-0.276371,0.68494546,9.792626
758512672180220,-0.2955136,0.68494546,9.77827
758512680872876,-0.29072794,0.69212395,9.783055
758512689565480,-0.29312077,0.68494546,9.790234
758512698258137,-0.29072794,0.6801598,9.790234
758512706950793,-0.29312077,0.68255264,9.790234
758512715643397,-0.29312077,0.69212395,9.783055
758512724336053,-0.2835495,0.69212395,9.785448
758512733028710,-0.27876383,0.6945168,9.783055
758512741721314,-0.2835495,0.6945168,9.783055
758512750413970,-0.29072794,0.69212395,9.77827
758512759106626,-0.29072794,0.68255264,9.771091
758512767799283,-0.29312077,0.68494546,9.780663
758512776491887,-0.29790643,0.68255264,9.795019
758512785184543,-0.2883351,0.6873383,9.792626
758512793877199,-0.2835495,0.69212395,9.790234
758512802569803,-0.28594232,0.68494546,9.775877
758512811262460,-0.2883351,0.69212395,9.771091
758512819955116,-0.2955136,0.68494546,9.797412
758512828647720,-0.2955136,0.67776704,9.780663
758512837340376,-0.29312077,0.68255264,9.804591
758512846033033,-0.28594232,0.68255264,9.785448
758512854725637,-0.2883351,0.6897311,9.785448
758512863418293,-0.27876383,0.69930243,9.780663
758512872110949,-0.29072794,0.68255264,9.787841
758512880803605,-0.29312077,0.6897311,9.775877
758512889496210,-0.2955136,0.6873383,9.802198
758512898188866,-0.28594232,0.68494546,9.771091
758512906881522,-0.29072794,0.6873383,9.787841
758512915574126,-0.2835495,0.68255264,9.783055
758512924266783,-0.29072794,0.6897311,9.790234
758512932959439,-0.28594232,0.6897311,9.780663
758512941652095,-0.29312077,0.6897311,9.787841
758512950344699,-0.29790643,0.68494546,9.775877
758512959037355,-0.29312077,0.6945168,9.790234
758512967730012,-0.29790643,0.69212395,9.785448
758512976422616,-0.2955136,0.6873383,9.77827
758512985115272,-0.29072794,0.6873383,9.787841
758512993807928,-0.29072794,0.69212395,9.780663
758513002500533,-0.2883351,0.6945168,9.785448
758513011193189,-0.2955136,0.69212395,9.771091
758513019885845,-0.2883351,0.69212395,9.792626
758513028578449,-0.29072794,0.68494546,9.77827
758513037271105,-0.2955136,0.69212395,9.795019
758513045963762,-0.2883351,0.6897311,9.775877
758513054656418,-0.28594232,0.6873383,9.787841
758513063349022,-0.28594232,0.68255264,9.771091
758513072041678,-0.29072794,0.6873383,9.790234
758513080734335,-0.28594232,0.68494546,9.790234
758513089426939,-0.29312077,0.67776704,9.787841
758513098119595,-0.2883351,0.6945168,9.785448
758513106812251,-0.2955136,0.6945168,9.792626
758513115504908,-0.28594232,0.6873383,9.783055
758513124197512,-0.2835495,0.69212395,9.785448
758513132890168,-0.28115666,0.68255264,9.787841
758513141582824,-0.2883351,0.68255264,9.790234
758513150275428,-0.29072794,0.6897311,9.797412
758513158968085,-0.29790643,0.6945168,9.785448
758513167660741,-0.2835495,0.68494546,9.785448
758513176353345,-0.2835495,0.68494546,9.785448
758513185046001,-0.2883351,0.6897311,9.787841
758513193738658,-0.30029923,0.69212395,9.787841
758513202431262,-0.2883351,0.69212395,9.780663
758513211123918,-0.29072794,0.69212395,9.783055
758513219816574,-0.29072794,0.6873383,9.780663
758513228509178,-0.28115666,0.68494546,9.787841
758513237201835,-0.2835495,0.6897311,9.780663
758513245894491,-0.29072794,0.6873383,9.780663
758513254587147,-0.28594232,0.6945168,9.787841
758513263279751,-0.29312077,0.69212395,9.787841
758513271972408,-0.2883351,0.68494546,9.785448
758513280665064,-0.28594232,0.68255264,9.792626
758513289357668,-0.2883351,0.68255264,9.77827
758513298050324,-0.29072794,0.6873383,9.790234
758513306742980,-0.2835495,0.6945168,9.780663
758513315435585,-0.2883351,0.6897311,9.787841
758513324128241,-0.29312077,0.68494546,9.780663
758513332820897,-0.29072794,0.69212395,9.787841
758513341513501,-0.29072794,0.6801598,9.799805
758513350206158,-0.2883351,0.6873383,9.773484
758513358898814,-0.29312077,0.68255264,9.826126
758513367591470,-0.2883351,0.6969096,9.768699
758513376284074,-0.28115666,0.69212395,9.787841
758513384976730,-0.2955136,0.6945168,9.771091
758513393669387,-0.30029923,0.69212395,9.780663
758513402361991,-0.29312077,0.6873383,9.806984
758513411054647,-0.29072794,0.67776704,9.797412
758513419747303,-0.29312077,0.68494546,9.780663
758513428439908,-0.28594232,0.6873383,9.792626
758513437132564,-0.28594232,0.6873383,9.773484
758513445825220,-0.26919255,0.68494546,9.795019
758513454517824,-0.29790643,0.6753742,9.77827
758513463210480,-0.29790643,0.68255264,9.792626
758513471903137,-0.29312077,0.68494546,9.780663
758513480595741,-0.29312077,0.6873383,9.797412
758513489288397,-0.2883351,0.68255264,9.790234
758513497981053,-0.2883351,0.6873383,9.77827
758513506673658,-0.27876383,0.6897311,9.77827
758513515366314,-0.2835495,0.6873383,9.77827
758513524058970,-0.2835495,0.6897311,9.783055
758513532751626,-0.29312077,0.68494546,9.77827
758513541444230,-0.29072794,0.68494546,9.797412
758513550136887,-0.2955136,0.6897311,9.797412
758513558829543,-0.29312077,0.6897311,9.785448
758513567522199,-0.2883351,0.6873383,9.773484
758513576214803,-0.28594232,0.6873383,9.775877
758513584907460,-0.28594232,0.6897311,9.785448
758513593600064,-0.29312077,0.68255264,9.785448
758513602292720,-0.30029923,0.6801598,9.785448
758513610985376,-0.28594232,0.6873383,9.785448
758513619677980,-0.2955136,0.6897311,9.780663
758513628370637,-0.28594232,0.6897311,9.780663
758513637063293,-0.29072794,0.67776704,9.766306
758513645755897,-0.29072794,0.6897311,9.780663
758513654448553,-0.2955136,0.6897311,9.787841
758513663141210,-0.28594232,0.68494546,9.792626
758513671833866,-0.29072794,0.6873383,9.785448
758513680526470,-0.29072794,0.6897311,9.787841
758513689219126,-0.2883351,0.6873383,9.780663
758513697911783,-0.29312077,0.6897311,9.783055
758513706604387,-0.30029923,0.6945168,9.780663
758513715297043,-0.2835495,0.68494546,9.799805
758513723989699,-0.29790643,0.68494546,9.77827
758513732682303,-0.2883351,0.69212395,9.804591
758513741374960,-0.29312077,0.68255264,9.783055
758513750067616,-0.29072794,0.70169526,9.797412
758513758760220,-0.2883351,0.68255264,9.766306
758513767452876,-0.2955136,0.6945168,9.802198
758513776145533,-0.28594232,0.6873383,9.773484
758513784838137,-0.2835495,0.67776704,9.8117695
758513793530793,-0.30029923,0.69212395,9.751948
758513802223449,-0.29072794,0.68494546,9.806984
758513810916053,-0.2883351,0.69212395,9.76152
758513819608710,-0.28594232,0.6897311,9.802198
758513828301366,-0.2835495,0.6873383,9.773484
758513836993970,-0.2883351,0.6945168,9.802198
758513845686626,-0.28594232,0.6897311,9.783055
758513854379283,-0.29312077,0.68494546,9.77827
758513863071887,-0.2883351,0.68494546,9.795019
758513871764543,-0.2883351,0.6897311,9.787841
758513880457199,-0.2883351,0.6873383,9.77827
758513889149803,-0.2883351,0.68494546,9.787841
758513897842460,-0.29072794,0.6945168,9.792626
758513906535116,-0.28594232,0.6873383,9.783055
758513915227772,-0.28115666,0.6897311,9.787841
758513923920376,-0.29312077,0.69212395,9.780663
758513932613033,-0.2835495,0.6873383,9.795019
758513941305637,-0.29312077,0.6873383,9.771091
758513949998293,-0.28594232,0.67776704,9.826126
758513958690949,-0.29312077,0.6897311,9.742377
758513967383605,-0.29312077,0.68494546,9.833304
758513976076210,-0.29312077,0.6801598,9.747163
758513984768866,-0.2883351,0.6897311,9.826126
758513993461470,-0.29790643,0.69212395,9.775877
758514002154126,-0.28594232,0.6873383,9.802198
758514010846783,-0.2955136,0.68255264,9.766306
758514019539439,-0.2835495,0.6801598,9.783055
758514028232043,-0.30269206,0.6897311,9.833304
758514036924699,-0.2835495,0.7040881,9.732806
758514045617355,-0.27876383,0.6897311,9.869197
758514054309960,-0.2883351,0.69212395,9.708878
758514063002616,-0.27876383,0.67776704,9.818948
758514071695272,-0.30029923,0.6897311,9.763913
758514080387876,-0.29790643,0.67776704,9.787841
758514089080533,-0.2955136,0.68494546,9.806984
758514097773189,-0.2955136,0.6897311,9.771091
758514106465793,-0.2835495,0.68494546,9.802198
758514115158449,-0.2835495,0.69212395,9.749556
758514123851105,-0.2883351,0.69212395,9.787841
758514132543710,-0.29790643,0.68494546,9.751948
758514141236366,-0.28594232,0.68255264,9.835697
758514149929022,-0.29072794,0.6969096,9.783055
758514158621626,-0.29790643,0.6945168,9.754341
758514167314283,-0.29312077,0.6969096,9.862019
758514176006939,-0.2835495,0.67776704,9.653843
758514184699543,-0.28115666,0.68494546,9.94816
758514193392199,-0.30987054,0.6969096,9.572487
758514202084855,-0.29072794,0.6681957,9.998409
758514210777460,-0.30987054,0.69930243,9.622736
758514219470116,-0.26919255,0.6658029,9.924232
758514228162772,-0.30029923,0.6969096,9.649057
758514236855376,-0.2835495,0.67776704,9.897911
758514245548033,-0.2835495,0.69930243,9.696914
758514254240689,-0.2955136,0.6873383,9.845269
758514262933293,-0.28115666,0.69212395,9.763913
758514271625949,-0.29312077,0.6873383,9.804591
758514280318605,-0.27876383,0.6873383,9.802198
758514289011210,-0.30269206,0.69212395,9.76152
758514297703866,-0.2835495,0.67776704,9.804591
758514306396522,-0.30029923,0.6873383,9.763913
758514315089126,-0.29072794,0.6945168,9.814162
758514323781783,-0.2883351,0.6873383,9.735199
758514332474439,-0.29312077,0.68255264,9.816555
758514341167043,-0.28594232,0.6801598,9.756734
758514349859699,-0.2883351,0.6897311,9.821341
758514358552303,-0.29312077,0.6873383,9.751948
758514367244960,-0.28594232,0.6873383,9.809377
758514375937616,-0.28115666,0.69212395,9.785448
758514384630220,-0.2883351,0.6873383,9.797412
758514393322876,-0.2955136,0.6897311,9.768699
758514402015533,-0.2883351,0.6873383,9.795019
758514410708189,-0.28594232,0.68494546,9.773484
758514419400793,-0.29072794,0.6897311,9.785448
758514428093449,-0.2883351,0.6945168,9.785448
758514436786053,-0.28594232,0.69212395,9.787841
758514445478710,-0.29072794,0.6801598,9.787841
758514454171366,-0.2883351,0.68494546,9.775877
758514462863970,-0.2835495,0.68494546,9.790234
758514471556626,-0.29072794,0.68255264,9.783055
758514480249283,-0.29072794,0.6897311,9.783055
758514488941887,-0.29072794,0.69212395,9.783055
758514497634543,-0.29072794,0.6873383,9.775877
758514506327199,-0.2883351,0.6897311,9.795019
758514515019803,-0.28594232,0.6897311,9.780663
758514523712460,-0.2955136,0.68255264,9.787841
758514532405116,-0.29312077,0.68494546,9.795019
758514541097720,-0.29312077,0.69212395,9.787841
758514549790376,-0.29072794,0.69212395,9.785448
758514558483033,-0.2955136,0.67776704,9.783055
758514567175637,-0.29312077,0.6873383,9.780663
758514575868293,-0.2883351,0.68494546,9.77827
758514584560949,-0.2955136,0.6873383,9.785448
758514593253553,-0.29312077,0.6945168,9.792626
758514601946210,-0.29072794,0.6945168,9.787841
758514610638866,-0.2835495,0.6897311,9.8117695
758514619331470,-0.29312077,0.6873383,9.756734
758514628024126,-0.2883351,0.6897311,9.8117695
758514636716783,-0.2955136,0.6897311,9.759128
758514645409387,-0.2955136,0.68494546,9.814162
758514654102043,-0.2955136,0.69212395,9.77827
758514662794699,-0.2835495,0.69212395,9.790234
758514671487303,-0.29072794,0.6873383,9.790234
758514680179960,-0.28594232,0.70169526,9.773484
758514688872616,-0.28115666,0.6897311,9.785448
758514697565220,-0.2883351,0.68494546,9.773484
758514706257876,-0.29072794,0.68255264,9.783055
758514714950480,-0.29312077,0.6873383,9.790234
758514723643137,-0.2883351,0.6969096,9.780663
758514732335793,-0.29072794,0.6897311,9.790234
758514741028397,-0.2955136,0.6897311,9.775877
758514749721053,-0.2883351,0.6873383,9.780663
758514758413710,-0.2883351,0.67776704,9.77827
758514767106314,-0.29312077,0.6897311,9.790234
758514775798970,-0.29072794,0.6945168,9.785448
758514784491626,-0.2835495,0.6873383,9.785448
758514793184230,-0.2835495,0.68494546,9.792626
758514801876887,-0.2835495,0.6873383,9.766306
758514810569543,-0.276371,0.6945168,9.799805
758514819262147,-0.2883351,0.68494546,9.751948
758514827954803,-0.28115666,0.68494546,9.821341
758514836647460,-0.2955136,0.69212395,9.754341
758514845340064,-0.29312077,0.6897311,9.814162
758514854032720,-0.29072794,0.69212395,9.766306
758514862725376,-0.2883351,0.6873383,9.797412
758514871417980,-0.28594232,0.69212395,9.790234
758514880110637,-0.29312077,0.6897311,9.763913
758514888803241,-0.27876383,0.6873383,9.799805
758514897495897,-0.29072794,0.68494546,9.773484
758514906188553,-0.2883351,0.6873383,9.790234
758514914881210,-0.2955136,0.67776704,9.785448
758514923573814,-0.2883351,0.6897311,9.77827
758514932266470,-0.28594232,0.6873383,9.792626
758514940959074,-0.2883351,0.68494546,9.783055
758514949651730,-0.2955136,0.6873383,9.795019
758514958344387,-0.28594232,0.68494546,9.787841
758514967036991,-0.30029923,0.6945168,9.785448
758514975729647,-0.29790643,0.6753742,9.771091
758514984422303,-0.28115666,0.6897311,9.826126
758514993114908,-0.2835495,0.68494546,9.737592
758515001807564,-0.29312077,0.68255264,9.828519
758515010500168,-0.2835495,0.70169526,9.730413
758515019192824,-0.2955136,0.68494546,9.828519
758515027885480,-0.29790643,0.69212395,9.754341
758515036578085,-0.2955136,0.67776704,9.806984
758515045270741,-0.2955136,0.69212395,9.766306
758515053963397,-0.2955136,0.68494546,9.795019
758515062656001,-0.29312077,0.6945168,9.785448
758515071348658,-0.29072794,0.68494546,9.783055
758515080041314,-0.2883351,0.6873383,9.785448
758515088733918,-0.2883351,0.69212395,9.780663
758515097426574,-0.29072794,0.6897311,9.787841
758515106119178,-0.29072794,0.6873383,9.773484
758515114811835,-0.28594232,0.6945168,9.802198
758515123504491,-0.29072794,0.69212395,9.77827
758515132197095,-0.2883351,0.6945168,9.785448
758515140889751,-0.29072794,0.68255264,9.787841
758515149582408,-0.29312077,0.6897311,9.780663
758515158275012,-0.28594232,0.6873383,9.804591
758515166967668,-0.2955136,0.68494546,9.785448
758515175660324,-0.29072794,0.6897311,9.783055
758515184352928,-0.28594232,0.69212395,9.77827
758515193045585,-0.28594232,0.68494546,9.797412
758515201738241,-0.2835495,0.6873383,9.768699
758515210430845,-0.29072794,0.6873383,9.787841
758515219123501,-0.2955136,0.6945168,9.787841
758515227816158,-0.2835495,0.6945168,9.790234
758515236508762,-0.29072794,0.6945168,9.780663
758515245201418,-0.28594232,0.67776704,9.780663
758515253894022,-0.29312077,0.68255264,9.785448
758515262586678,-0.2883351,0.6897311,9.783055
758515271279335,-0.28594232,0.67776704,9.773484
758515279971991,-0.2883351,0.6897311,9.787841
758515288664595,-0.2883351,0.6897311,9.785448
758515297357251,-0.29312077,0.6873383,9.77827
758515306049855,-0.29072794,0.6897311,9.780663
758515314742512,-0.29312077,0.6801598,9.785448
758515323435168,-0.2883351,0.6897311,9.790234
758515332127772,-0.29072794,0.69930243,9.787841
758515340820428,-0.27876383,0.6897311,9.780663
758515349513085,-0.2883351,0.6897311,9.785448
758515358205689,-0.29312077,0.6897311,9.787841
758515366898345,-0.2955136,0.6873383,9.771091
758515375590949,-0.28594232,0.6873383,9.795019
758515384283605,-0.2883351,0.6897311,9.77827
758515392976262,-0.29312077,0.6969096,9.790234
758515401668866,-0.29790643,0.68494546,9.771091
758515410361522,-0.2883351,0.6897311,9.768699
758515419054178,-0.2955136,0.68494546,9.797412
758515427746783,-0.2955136,0.68494546,9.773484
758515436439439,-0.29312077,0.6897311,9.787841
758515445132095,-0.2955136,0.69212395,9.787841
758515453824699,-0.2883351,0.6873383,9.775877
758515462517355,-0.28594232,0.6897311,9.797412
758515471209960,-0.29072794,0.6897311,9.773484
758515479902616,-0.2835495,0.68494546,9.775877
758515488595272,-0.29312077,0.6873383,9.77827
758515497287876,-0.2955136,0.69212395,9.787841
758515505980533,-0.29072794,0.6873383,9.783055
758515514673189,-0.2955136,0.6945168,9.799805
758515523365793,-0.28594232,0.6897311,9.77827
758515532058449,-0.2883351,0.69212395,9.790234
758515540751105,-0.28594232,0.67776704,9.763913
758515549443710,-0.29072794,0.6873383,9.802198
758515558136366,-0.28594232,0.6945168,9.780663
758515566828970,-0.2883351,0.68255264,9.799805
758515575521626,-0.28594232,0.6873383,9.790234
758515584214283,-0.2883351,0.69212395,9.775877
758515592906887,-0.29072794,0.69212395,9.771091
758515601599543,-0.29312077,0.6873383,9.799805
758515610292199,-0.28594232,0.69212395,9.785448
758515618984803,-0.29312077,0.69212395,9.797412
758515627677460,-0.29312077,0.68494546,9.787841
758515636370064,-0.2883351,0.68494546,9.77827
758515645062720,-0.2835495,0.6897311,9.780663
758515653755376,-0.29072794,0.6969096,9.787841
758515662447980,-0.2955136,0.69212395,9.787841
758515671140637,-0.29072794,0.68255264,9.783055
758515679833293,-0.2955136,0.6897311,9.771091
758515688525897,-0.29072794,0.68494546,9.799805
758515697218553,-0.2835495,0.68494546,9.747163
758515705911158,-0.30029923,0.68494546,9.799805
758515714603814,-0.2955136,0.6897311,9.790234
758515723296470,-0.276371,0.69212395,9.790234
758515731989074,-0.27876383,0.6897311,9.785448
758515740681730,-0.2883351,0.68255264,9.773484
758515749374387,-0.28594232,0.68255264,9.773484
758515758066991,-0.29312077,0.6873383,9.785448
758515766759647,-0.29790643,0.6873383,9.785448
758515775452251,-0.29072794,0.6897311,9.809377
758515784144908,-0.28594232,0.68494546,9.775877
758515792837564,-0.2835495,0.68494546,9.775877
758515801530168,-0.2883351,0.68494546,9.775877
758515810222824,-0.2955136,0.6801598,9.780663
758515818915480,-0.28594232,0.6897311,9.790234
758515827608085,-0.29312077,0.6873383,9.787841
758515836300741,-0.28594232,0.68255264,9.787841
758515844993345,-0.29072794,0.69212395,9.77827
758515853686001,-0.2835495,0.68255264,9.783055
758515862378658,-0.2955136,0.6801598,9.768699
758515871071262,-0.28594232,0.68494546,9.797412
758515879763918,-0.28594232,0.7040881,9.816555
758515888456522,-0.2883351,0.69930243,9.787841
758515897149178,-0.28594232,0.6873383,9.790234
758515905841835,-0.28594232,0.68255264,9.771091
758515914534439,-0.2883351,0.68255264,9.795019
758515923227095,-0.29072794,0.68494546,9.77827
758515931919699,-0.2955136,0.68255264,9.792626
758515940612355,-0.27876383,0.6873383,9.797412
758515949305012,-0.2835495,0.6897311,9.766306
758515957997616,-0.2835495,0.6873383,9.783055
758515966690272,-0.29790643,0.6897311,9.773484
758515975382928,-0.29312077,0.68494546,9.792626
758515984075533,-0.2883351,0.68494546,9.785448
758515992768189,-0.2883351,0.6873383,9.785448
758516001460845,-0.29312077,0.6945168,9.77827
758516010153449,-0.276371,0.6873383,9.775877
758516018846105,-0.28594232,0.68494546,9.77827
758516027538710,-0.2955136,0.68494546,9.775877
758516036231366,-0.2955136,0.6897311,9.780663
758516044924022,-0.29072794,0.68494546,9.804591
758516053616626,-0.29072794,0.69212395,9.756734
758516062309283,-0.276371,0.68494546,9.8117695
758516071001939,-0.29072794,0.6945168,9.742377
758516079694543,-0.2883351,0.6801598,9.787841
758516088387199,-0.29312077,0.69212395,9.809377
758516097079803,-0.29790643,0.68255264,9.754341
758516105772460,-0.2883351,0.69212395,9.857233
758516114465116,-0.2883351,0.69212395,9.704092
758516123157720,-0.27876383,0.6729814,9.85484
758516131850376,-0.2955136,0.6873383,9.68495
758516140542980,-0.28115666,0.67776704,9.885947
758516149235637,-0.29790643,0.6945168,9.704092
758516157928293,-0.29312077,0.67776704,9.869197
758516166620897,-0.2955136,0.68494546,9.696914
758516175313553,-0.28115666,0.6897311,9.900304
758516184006210,-0.29072794,0.7040881,9.689735
758516192698814,-0.29790643,0.68494546,9.87159
758516201391470,-0.2883351,0.6945168,9.723235
758516210084074,-0.2883351,0.6873383,9.8117695
758516218776730,-0.29312077,0.6897311,9.768699
758516227469387,-0.3074777,0.6969096,9.77827
758516236161991,-0.2883351,0.7040881,9.809377
758516244854647,-0.28115666,0.67776704,9.795019
758516253547251,-0.28115666,0.6753742,9.806984
758516262239908,-0.2739782,0.70169526,9.71845
758516270932564,-0.28594232,0.6945168,9.8428755
758516279625168,-0.30508488,0.6873383,9.7399845
758516288317824,-0.28115666,0.68494546,9.8428755
758516297010480,-0.29790643,0.69212395,9.7399845
758516305703085,-0.27876383,0.68494546,9.821341
758516314395741,-0.2835495,0.6897311,9.768699
758516323088397,-0.27876383,0.6897311,9.773484
758516331781001,-0.29072794,0.69212395,9.792626
758516340473658,-0.29790643,0.6897311,9.780663
758516349166262,-0.28594232,0.68255264,9.814162
758516357858918,-0.28594232,0.6897311,9.775877
758516366551522,-0.29072794,0.68494546,9.773484
758516375244178,-0.28594232,0.6873383,9.766306
758516383936835,-0.29312077,0.69212395,9.816555
758516392629439,-0.28594232,0.6945168,9.74477
758516401322095,-0.28115666,0.68255264,9.83809
758516410014751,-0.2883351,0.6945168,9.71127
758516418707355,-0.29790643,0.68255264,9.878768
758516427400012,-0.28594232,0.70169526,9.682557
758516436092616,-0.2835495,0.67058855,9.878768
758516444785272,-0.29312077,0.6897311,9.694521
758516453477928,-0.2835495,0.6945168,9.859626
758516462170533,-0.29312077,0.6873383,9.74477
758516470863189,-0.29312077,0.6801598,9.816555
758516479555793,-0.28594232,0.68494546,9.76152
758516488248449,-0.29790643,0.6897311,9.795019
758516496941105,-0.28115666,0.6897311,9.775877
758516505633762,-0.29312077,0.6873383,9.8117695
758516514326366,-0.27876383,0.7040881,9.787841
758516523019022,-0.30029923,0.67776704,9.76152
758516531711626,-0.29312077,0.6801598,9.785448
758516540404283,-0.27158538,0.68494546,9.83809
758516549096939,-0.29312077,0.69212395,9.701699
758516557789543,-0.29312077,0.68255264,9.859626
758516566482199,-0.2739782,0.70169526,9.735199
758516575174803,-0.2883351,0.6801598,9.828519
758516583867460,-0.2883351,0.6897311,9.756734
758516592560064,-0.30029923,0.68494546,9.780663
758516601252720,-0.27876383,0.6873383,9.797412
758516609945376,-0.2955136,0.6873383,9.771091
758516618637980,-0.28115666,0.6897311,9.795019
758516627330637,-0.29312077,0.69212395,9.780663
758516636023293,-0.27876383,0.69212395,9.797412
758516644715897,-0.29072794,0.68255264,9.773484
758516653408553,-0.29072794,0.6873383,9.785448
758516662101158,-0.29312077,0.68494546,9.795019
758516670793814,-0.2835495,0.67776704,9.792626
758516679486470,-0.29312077,0.6945168,9.775877
758516688179074,-0.2835495,0.68255264,9.806984
758516696871730,-0.2955136,0.68255264,9.751948
758516705564335,-0.29072794,0.68494546,9.804591
758516714256991,-0.2883351,0.69212395,9.773484
758516722949647,-0.29312077,0.6873383,9.809377
758516731642251,-0.29312077,0.6801598,9.773484
758516740334908,-0.28594232,0.6969096,9.790234
758516749027512,-0.29072794,0.6945168,9.787841
758516757720168,-0.29312077,0.6873383,9.804591
758516766412772,-0.2835495,0.68255264,9.759128
758516775105428,-0.29072794,0.67776704,9.797412
758516783798085,-0.2883351,0.68494546,9.768699
758516792490689,-0.29790643,0.6873383,9.792626
758516801183345,-0.28594232,0.6873383,9.790234
758516809876001,-0.29072794,0.6897311,9.77827
758516818568605,-0.28115666,0.68494546,9.8117695
758516827261262,-0.2835495,0.6873383,9.763913
758516835953866,-0.2835495,0.6873383,9.802198
758516844646522,-0.2955136,0.68494546,9.756734
758516853339178,-0.29312077,0.6897311,9.775877
758516862031783,-0.2883351,0.6873383,9.806984
758516870724439,-0.29072794,0.6897311,9.780663
758516879417095,-0.28115666,0.69212395,9.814162
758516888109699,-0.29072794,0.6945168,9.766306
758516896802303,-0.2835495,0.6897311,9.795019
758516905494960,-0.2835495,0.6897311,9.754341
758516914187616,-0.2883351,0.6801598,9.797412
758516922880220,-0.2955136,0.6897311,9.785448
758516931572876,-0.2955136,0.68494546,9.814162
758516940265533,-0.29072794,0.68494546,9.771091
758516948958137,-0.29312077,0.6897311,9.76152
758516957650793,-0.27876383,0.6969096,9.83809
758516966343449,-0.30029923,0.69212395,9.71127
758516975036053,-0.28594232,0.67776704,9.835697
758516983728710,-0.29312077,0.6873383,9.747163
758516992421314,-0.29072794,0.68255264,9.806984
758517001113970,-0.29312077,0.68494546,9.785448
758517009806574,-0.30029923,0.68494546,9.771091
758517018499230,-0.28594232,0.69212395,9.814162
758517027191887,-0.28115666,0.6873383,9.737592
758517035884491,-0.2835495,0.6873383,9.830912
758517044577147,-0.29072794,0.6969096,9.735199
758517053269751,-0.29312077,0.6873383,9.835697
758517061962408,-0.30029923,0.68494546,9.756734
758517070655064,-0.28594232,0.6801598,9.821341
758517079347668,-0.2883351,0.6897311,9.751948
758517088040324,-0.29312077,0.68494546,9.802198
758517096732928,-0.2883351,0.6873383,9.773484
758517105425585,-0.29072794,0.6873383,9.790234
758517114118241,-0.28115666,0.68494546,9.8117695
758517122810845,-0.2883351,0.69212395,9.751948
758517131503501,-0.2835495,0.67776704,9.847662
758517140196105,-0.29072794,0.6969096,9.71127
758517148888762,-0.29072794,0.68494546,9.83809
758517157581418,-0.2955136,0.6897311,9.725628
758517166274022,-0.28115666,0.6873383,9.83809
758517174966678,-0.2883351,0.69212395,9.751948
758517183659283,-0.2883351,0.68255264,9.783055
758517192351939,-0.2835495,0.68494546,9.823733
758517201044595,-0.29790643,0.68494546,9.730413
758517209737199,-0.28115666,0.6729814,9.840483
758517218429855,-0.28594232,0.68494546,9.706485
758517227122460,-0.28594232,0.6897311,9.873982
758517235815116,-0.30269206,0.69212395,9.708878
758517244507772,-0.28115666,0.6897311,9.897911
758517253200376,-0.29072794,0.68494546,9.689735
758517261893033,-0.28115666,0.6753742,9.840483
758517270585637,-0.2955136,0.6873383,9.773484
758517279278293,-0.29312077,0.68255264,9.751948
758517287970897,-0.28115666,0.6897311,9.85484
758517296663553,-0.30029923,0.6897311,9.71127
758517305356210,-0.28115666,0.6897311,9.864411
758517314048814,-0.2883351,0.6801598,9.725628
758517322741470,-0.28115666,0.6801598,9.830912
758517331434074,-0.2955136,0.6897311,9.749556
758517340126730,-0.2955136,0.69212395,9.797412
758517348819387,-0.30269206,0.6897311,9.797412
758517357511991,-0.2955136,0.68494546,9.775877
758517366204647,-0.2883351,0.6873383,9.795019
758517374897251,-0.2955136,0.6897311,9.77827
758517383589908,-0.2883351,0.6873383,9.795019
758517392282564,-0.29072794,0.69212395,9.751948
758517400975168,-0.2835495,0.68494546,9.8117695
758517409667824,-0.29790643,0.6969096,9.773484
758517418360428,-0.27876383,0.68494546,9.828519
758517427053085,-0.2955136,0.6873383,9.737592
758517435745689,-0.29072794,0.6753742,9.775877
758517444438345,-0.2883351,0.69212395,9.8117695
758517453131001,-0.2883351,0.6873383,9.763913
758517461823605,-0.2835495,0.6801598,9.818948
758517470516262,-0.2955136,0.69212395,9.751948
758517479208918,-0.28594232,0.6753742,9.8117695
758517487901522,-0.30029923,0.68494546,9.766306
758517496594178,-0.28594232,0.6897311,9.802198
758517505286783,-0.30987054,0.6945168,9.806984
758517513979439,-0.27876383,0.69930243,9.754341
758517522672043,-0.2835495,0.70648086,9.818948
758517531364699,-0.29072794,0.68255264,9.723235
758517540057303,-0.2835495,0.6753742,9.8524475
758517548749960,-0.30508488,0.68255264,9.713663
758517557442616,-0.2883351,0.6753742,9.828519
758517566135220,-0.2835495,0.6897311,9.7399845
758517574827876,-0.2739782,0.6873383,9.830912
758517583520533,-0.27876383,0.6969096,9.759128
758517592213137,-0.2835495,0.6897311,9.809377
758517600905793,-0.28115666,0.69212395,9.773484
758517609598397,-0.28115666,0.6897311,9.804591
758517618291053,-0.28594232,0.6897311,9.763913
758517626983710,-0.29072794,0.6897311,9.799805
758517635676314,-0.28594232,0.68255264,9.806984
758517644368970,-0.29312077,0.69212395,9.754341
758517653061574,-0.2883351,0.68255264,9.792626
758517661754230,-0.2955136,0.69212395,9.771091
758517670446835,-0.28115666,0.6873383,9.804591
758517679139491,-0.30029923,0.6897311,9.785448
758517687832147,-0.29072794,0.6873383,9.754341
758517696524751,-0.2883351,0.6873383,9.8117695
758517705217408,-0.29072794,0.68494546,9.759128
758517713910012,-0.2883351,0.68494546,9.809377
758517722602668,-0.2835495,0.6873383,9.771091
758517731295272,-0.29312077,0.69212395,9.792626
758517739987928,-0.29072794,0.68255264,9.775877
758517748680585,-0.30029923,0.68494546,9.768699
758517757373189,-0.276371,0.6801598,9.818948
758517766065845,-0.30029923,0.6897311,9.751948
758517774758449,-0.2883351,0.68494546,9.797412
758517783451105,-0.28594232,0.68494546,9.783055
758517792143762,-0.2835495,0.69930243,9.826126
758517800836366,-0.2883351,0.68255264,9.735199
758517809529022,-0.30029923,0.68494546,9.840483
758517818221626,-0.29072794,0.69212395,9.6993065
758517826914283,-0.2883351,0.68255264,9.85484
758517835606887,-0.29312077,0.6873383,9.728021
758517844299543,-0.2883351,0.6873383,9.828519
758517852992199,-0.2835495,0.6945168,9.771091
758517861684803,-0.29072794,0.6873383,9.775877
758517870377460,-0.2883351,0.6873383,9.795019
758517879070064,-0.29312077,0.68494546,9.780663
758517887762720,-0.2955136,0.69212395,9.773484
758517896455324,-0.29072794,0.6801598,9.826126
758517905147980,-0.28594232,0.6969096,9.756734
758517913840637,-0.2955136,0.68494546,9.809377
758517922533241,-0.2835495,0.6897311,9.785448
758517931225897,-0.28594232,0.68255264,9.787841
758517939918501,-0.29312077,0.69212395,9.792626
758517948611158,-0.2835495,0.68255264,9.77827
758517957303762,-0.2835495,0.6873383,9.797412
758517965996418,-0.29072794,0.68255264,9.792626
758517974689074,-0.2883351,0.6897311,9.77827
758517983381678,-0.28115666,0.67776704,9.775877
758517992074335,-0.29312077,0.6945168,9.785448
758518000766939,-0.28115666,0.68494546,9.790234
758518009459595,-0.2955136,0.69212395,9.83809
758518018152251,-0.276371,0.6897311,9.723235
758518026844855,-0.2955136,0.68494546,9.830912
758518035537512,-0.2955136,0.69930243,9.725628
758518044230116,-0.28115666,0.6969096,9.85484
758518052922772,-0.30508488,0.6873383,9.708878
758518061615376,-0.2883351,0.67776704,9.878768
758518070308033,-0.29790643,0.6945168,9.694521
758518079000689,-0.2835495,0.6801598,9.8524475
758518087693293,-0.30029923,0.6897311,9.737592
758518096385949,-0.2883351,0.6801598,9.830912
758518105078553,-0.2883351,0.69212395,9.76152
758518113771210,-0.29072794,0.6873383,9.77827
758518122463866,-0.2955136,0.6897311,9.766306
758518131156470,-0.28594232,0.68494546,9.823733
758518139849126,-0.28594232,0.6873383,9.763913
758518148541730,-0.29312077,0.6897311,9.792626
758518157234387,-0.28115666,0.6945168,9.768699
758518165926991,-0.29312077,0.68494546,9.790234
758518174619647,-0.2883351,0.69212395,9.780663
758518183312303,-0.2835495,0.68494546,9.77827
758518192004908,-0.2835495,0.6873383,9.797412
758518200697564,-0.3074777,0.68494546,9.768699
758518209390168,-0.28115666,0.6873383,9.8117695
758518218082824,-0.29312077,0.6945168,9.7399845
758518226775480,-0.2835495,0.69212395,9.8117695
758518235468085,-0.30269206,0.68494546,9.730413
758518244160741,-0.28115666,0.6873383,9.8524475
758518252853345,-0.28115666,0.6969096,9.742377
758518261546001,-0.2955136,0.6753742,9.802198
758518270238605,-0.2835495,0.6969096,9.780663
758518278931262,-0.29790643,0.68255264,9.773484
758518287623918,-0.2883351,0.69930243,9.797412
758518296316522,-0.2955136,0.6873383,9.759128
758518305009178,-0.2835495,0.6897311,9.814162
758518313701783,-0.28594232,0.6969096,9.756734
758518322394439,-0.2835495,0.6945168,9.818948
758518331087095,-0.317049,0.6969096,9.735199
758518339779699,-0.2739782,0.68255264,9.840483
758518348472355,-0.30029923,0.69212395,9.7399845
758518357164960,-0.26919255,0.6801598,9.814162
758518365857616,-0.2883351,0.6873383,9.797412
758518374550272,-0.30508488,0.6897311,9.763913
758518383242876,-0.28115666,0.6897311,9.804591
758518391935533,-0.29312077,0.69212395,9.76152
758518400628137,-0.28594232,0.67058855,9.814162
758518409320793,-0.29790643,0.69212395,9.747163
758518418013397,-0.2835495,0.68255264,9.809377
758518426706053,-0.29790643,0.6945168,9.795019
758518435398710,-0.28594232,0.69212395,9.780663
758518444091314,-0.2835495,0.6873383,9.773484
758518452783970,-0.28594232,0.68494546,9.763913
758518461476626,-0.31226337,0.6945168,9.771091
758518470169230,-0.28115666,0.68255264,9.845269
758518478861887,-0.2883351,0.70169526,9.730413
758518487554491,-0.29312077,0.68494546,9.8117695
758518496247147,-0.2883351,0.6873383,9.780663
758518504939751,-0.2955136,0.6873383,9.773484
758518513632408,-0.29790643,0.68494546,9.795019
758518522325064,-0.30269206,0.68255264,9.725628
758518531017720,-0.2835495,0.68255264,9.895518
758518539710324,-0.29072794,0.69930243,9.6993065
758518548402980,-0.27876383,0.6873383,9.845269
758518557095585,-0.28594232,0.6945168,9.74477
758518565788241,-0.2883351,0.68494546,9.814162
758518574480897,-0.29790643,0.68255264,9.749556
758518583173501,-0.30269206,0.69212395,9.804591
758518591866158,-0.276371,0.6897311,9.802198
758518600558762,-0.2739782,0.69930243,9.797412
758518609251418,-0.29072794,0.6897311,9.747163
758518617944074,-0.29072794,0.69212395,9.787841
758518626636678,-0.29072794,0.6873383,9.787841
758518635329335,-0.28115666,0.68494546,9.74477
758518644021991,-0.2955136,0.6753742,9.869197
758518652714595,-0.28594232,0.6945168,9.71127
758518661407251,-0.28594232,0.69930243,9.859626
758518670099855,-0.30269206,0.68494546,9.706485
758518678792512,-0.27876383,0.67776704,9.833304
758518687485116,-0.29312077,0.6897311,9.747163
758518696177772,-0.30029923,0.6753742,9.795019
758518704870428,-0.2835495,0.68255264,9.790234
758518713563033,-0.29072794,0.6897311,9.768699
758518722255689,-0.2835495,0.6897311,9.814162
758518730948345,-0.2883351,0.67776704,9.74477
758518739640949,-0.28594232,0.6873383,9.806984
758518748333605,-0.30269206,0.68494546,9.74477
758518757026262,-0.29312077,0.6801598,9.802198
758518765718866,-0.30508488,0.69212395,9.795019
758518774411522,-0.2955136,0.6873383,9.768699
758518783104126,-0.2739782,0.6969096,9.859626
758518791796783,-0.29312077,0.6969096,9.68495
758518800489439,-0.28594232,0.68255264,9.873982
758518809182043,-0.2955136,0.6945168,9.696914
758518817874699,-0.2835495,0.6873383,9.857233
758518826567303,-0.30029923,0.67776704,9.71845
758518835259960,-0.2883351,0.68494546,9.85484
758518843952616,-0.28594232,0.70169526,9.7399845
758518852645220,-0.2835495,0.68494546,9.823733
758518861337876,-0.2835495,0.6945168,9.720842
758518870030533,-0.29072794,0.6753742,9.816555
758518878723137,-0.2835495,0.6873383,9.76152
758518887415793,-0.2955136,0.6945168,9.802198
758518896108449,-0.2883351,0.6945168,9.795019
758518904801053,-0.2955136,0.6897311,9.795019
758518913493710,-0.28115666,0.6945168,9.77827
758518922186314,-0.2883351,0.67776704,9.785448
758518930878970,-0.2883351,0.6801598,9.768699
758518939571626,-0.2883351,0.68255264,9.775877
758518948264230,-0.2883351,0.68494546,9.8117695
758518956956887,-0.29312077,0.68255264,9.780663
758518965649491,-0.2835495,0.6873383,9.8117695
758518974342147,-0.29072794,0.6873383,9.759128
758518983034803,-0.28594232,0.6897311,9.785448
758518991727408,-0.29312077,0.6873383,9.76152
758519000420064,-0.29790643,0.6945168,9.795019
758519009112720,-0.30269206,0.6945168,9.802198
758519017805324,-0.29072794,0.6873383,9.787841
758519026497980,-0.27876383,0.6873383,9.795019
758519035190585,-0.29072794,0.68255264,9.771091
758519043883241,-0.28115666,0.68494546,9.77827
758519052575897,-0.29312077,0.6873383,9.790234
758519061268553,-0.2883351,0.68494546,9.792626
758519069961158,-0.2883351,0.70169526,9.795019
758519078653814,-0.28594232,0.69212395,9.780663
758519087346418,-0.2883351,0.68494546,9.783055
758519096039074,-0.28594232,0.68255264,9.77827
758519104731730,-0.2955136,0.69212395,9.783055
758519113424335,-0.29312077,0.6897311,9.790234
758519122116991,-0.28594232,0.6873383,9.792626
758519130809647,-0.28594232,0.6873383,9.787841
758519139502251,-0.28594232,0.6945168,9.785448
758519148194908,-0.28594232,0.69930243,9.77827
758519156887512,-0.2883351,0.68494546,9.77827
758519165580168,-0.29312077,0.67776704,9.785448
758519174272824,-0.2955136,0.6897311,9.799805
758519182965428,-0.28115666,0.6873383,9.783055
758519191658085,-0.28594232,0.6897311,9.783055
758519200350741,-0.2835495,0.6969096,9.783055
758519209043345,-0.28115666,0.6873383,9.77827
758519217736001,-0.2835495,0.6897311,9.790234
758519226428605,-0.2835495,0.69212395,9.785448
758519235121262,-0.2883351,0.68494546,9.792626
758519243813918,-0.2883351,0.69212395,9.790234
758519252506522,-0.28594232,0.69212395,9.792626
758519261199178,-0.29072794,0.6897311,9.792626
758519269891835,-0.29312077,0.6873383,9.787841
758519278584439,-0.29312077,0.67776704,9.775877
758519287277095,-0.29072794,0.6897311,9.792626
758519295969699,-0.29072794,0.6945168,9.790234
758519304662355,-0.29790643,0.6873383,9.790234
758519313355012,-0.2883351,0.68494546,9.792626
758519322047616,-0.2955136,0.6897311,9.771091
758519330740272,-0.2883351,0.68494546,9.775877
758519339432928,-0.29790643,0.6945168,9.795019
758519348125533,-0.29312077,0.69212395,9.785448
758519356818189,-0.29072794,0.68494546,9.790234
758519365510793,-0.29072794,0.6873383,9.783055
758519374203449,-0.29072794,0.68255264,9.785448
758519382896105,-0.2883351,0.6753742,9.77827
758519391588710,-0.29312077,0.6945168,9.790234
758519400281366,-0.2883351,0.6873383,9.773484
758519408974022,-0.29072794,0.69212395,9.790234
758519417666626,-0.2883351,0.6969096,9.785448
758519426359283,-0.2883351,0.68494546,9.787841
758519435051939,-0.2955136,0.6873383,9.787841
758519443744543,-0.2955136,0.69212395,9.780663
758519452437199,-0.29072794,0.6897311,9.790234
758519461129803,-0.29312077,0.6801598,9.780663
758519469822460,-0.28594232,0.6873383,9.792626
758519478515116,-0.28594232,0.6801598,9.787841
758519487207720,-0.29072794,0.6897311,9.780663
758519495900376,-0.29072794,0.69212395,9.795019
758519504592980,-0.29072794,0.6873383,9.77827
758519513285637,-0.2835495,0.68494546,9.775877
758519521978293,-0.2883351,0.68494546,9.814162
758519530670897,-0.28594232,0.6897311,9.775877
758519539363553,-0.2883351,0.6873383,9.804591
758519548056210,-0.2883351,0.68494546,9.780663
758519556748814,-0.29072794,0.69212395,9.797412
758519565441470,-0.28594232,0.69212395,9.77827
758519574134074,-0.29072794,0.68255264,9.775877
758519582826730,-0.27876383,0.6897311,9.783055
758519591519387,-0.2955136,0.69212395,9.787841
758519600211991,-0.2883351,0.6897311,9.775877
758519608904647,-0.2955136,0.6801598,9.799805
758519617597303,-0.2835495,0.68255264,9.773484
758519626289908,-0.29072794,0.6897311,9.790234
758519634982564,-0.2883351,0.69212395,9.792626
758519643675168,-0.28115666,0.6873383,9.773484
758519652367824,-0.29072794,0.6873383,9.802198
758519661060480,-0.2835495,0.68494546,9.775877
758519669753085,-0.2883351,0.69212395,9.785448
758519678445741,-0.29072794,0.6873383,9.783055
758519687138397,-0.29072794,0.68494546,9.77827
758519695831001,-0.2955136,0.6897311,9.799805
758519704523658,-0.2835495,0.68255264,9.775877
758519713216262,-0.28594232,0.6873383,9.787841
758519721908918,-0.28594232,0.67776704,9.773484
758519730601574,-0.29312077,0.6897311,9.780663
758519739294178,-0.2883351,0.69212395,9.790234
758519747986835,-0.29072794,0.6801598,9.785448
758519756679491,-0.2883351,0.68494546,9.783055
758519765372095,-0.28594232,0.69212395,9.790234
758519774064751,-0.29072794,0.6897311,9.77827
758519782757355,-0.28594232,0.6897311,9.785448
758519791450012,-0.28594232,0.69212395,9.775877
758519800142668,-0.30029923,0.6873383,9.783055
758519808835272,-0.29072794,0.6873383,9.790234
758519817527928,-0.2883351,0.6969096,9.77827
758519826220585,-0.2835495,0.6873383,9.785448
758519834913189,-0.2883351,0.6873383,9.785448
758519843605845,-0.28594232,0.6897311,9.780663
758519852298449,-0.2883351,0.6873383,9.787841
758519860991105,-0.29072794,0.69212395,9.785448
758519869683762,-0.2883351,0.6873383,9.780663
758519878376366,-0.28115666,0.6945168,9.775877
758519887069022,-0.28115666,0.69930243,9.787841
758519895761678,-0.2883351,0.6873383,9.771091
758519904454283,-0.29072794,0.6801598,9.795019
758519913146939,-0.29072794,0.6969096,9.768699
758519921839595,-0.29072794,0.6897311,9.790234
758519930532199,-0.28594232,0.6969096,9.785448
758519939224855,-0.2883351,0.6897311,9.775877
758519947917512,-0.29072794,0.6873383,9.785448
758519956610116,-0.29072794,0.6873383,9.785448
758519965302772,-0.29072794,0.6873383,9.773484
758519973995376,-0.29072794,0.69212395,9.790234
758519982688033,-0.28594232,0.68494546,9.790234
758519991380689,-0.28594232,0.69212395,9.787841
758520000073293,-0.29072794,0.6801598,9.797412
758520008765949,-0.2835495,0.6945168,9.768699
758520017458605,-0.28594232,0.68255264,9.787841
758520026151210,-0.29072794,0.69212395,9.773484
758520034843866,-0.29072794,0.68255264,9.797412
758520043536522,-0.2955136,0.67776704,9.773484
758520052229126,-0.2955136,0.68494546,9.783055
758520060921783,-0.29072794,0.6897311,9.780663
758520069614439,-0.28594232,0.69212395,9.787841
758520078307043,-0.29072794,0.69212395,9.785448
758520086999699,-0.28115666,0.6945168,9.771091
758520095692303,-0.29072794,0.6873383,9.77827
758520104384960,-0.28594232,0.68255264,9.785448
758520113077616,-0.29072794,0.68494546,9.783055
758520121770220,-0.29312077,0.6897311,9.792626
758520130462876,-0.28594232,0.6873383,9.775877
758520139155533,-0.28594232,0.69212395,9.785448
758520147848137,-0.28594232,0.69212395,9.785448
758520156540793,-0.29072794,0.6897311,9.766306
758520165233449,-0.29072794,0.69212395,9.785448
758520173926053,-0.2883351,0.68255264,9.785448
758520182618710,-0.28594232,0.69212395,9.785448
758520191311366,-0.28594232,0.68255264,9.792626
758520200003970,-0.28115666,0.69212395,9.766306
758520208696626,-0.2883351,0.6897311,9.785448
758520217389283,-0.29072794,0.68255264,9.768699
758520226081887,-0.2883351,0.68255264,9.790234
758520234774543,-0.29072794,0.6897311,9.797412
758520243467199,-0.29312077,0.6945168,9.773484
758520252159803,-0.28594232,0.6897311,9.773484
758520260852460,-0.29072794,0.6873383,9.768699
758520269545116,-0.2883351,0.6873383,9.771091
758520278237720,-0.29312077,0.68255264,9.775877
758520286930376,-0.29312077,0.68494546,9.795019
758520295623033,-0.2835495,0.69212395,9.787841
758520304315689,-0.2883351,0.6897311,9.783055
758520313008293,-0.2835495,0.69212395,9.768699
758520321700949,-0.29072794,0.68255264,9.785448
758520330393605,-0.29072794,0.6873383,9.771091
758520339086210,-0.2883351,0.68494546,9.783055
758520347778866,-0.29072794,0.6969096,9.783055
758520356471522,-0.28594232,0.69212395,9.795019
758520365164126,-0.2883351,0.6873383,9.771091
758520373856783,-0.28594232,0.68494546,9.77827
758520382549439,-0.2883351,0.68255264,9.76152
758520391242043,-0.28594232,0.68494546,9.799805
758520399934699,-0.29312077,0.6969096,9.771091
758520408627355,-0.28594232,0.6873383,9.799805
758520417319960,-0.2883351,0.6969096,9.780663
758520426012616,-0.29072794,0.6897311,9.783055
758520434705272,-0.29312077,0.6897311,9.787841
758520443397876,-0.2955136,0.6969096,9.775877
758520452090533,-0.2883351,0.6801598,9.792626
758520460783189,-0.2955136,0.6945168,9.77827
758520469475793,-0.2883351,0.68494546,9.792626
758520478168449,-0.29312077,0.69212395,9.785448
758520486861105,-0.2883351,0.6945168,9.790234
758520495553710,-0.2835495,0.6969096,9.780663
758520504246366,-0.29072794,0.6873383,9.775877
758520512939022,-0.2883351,0.6873383,9.780663
758520521631626,-0.29312077,0.68494546,9.771091
758520530324283,-0.2883351,0.6801598,9.77827
758520539016939,-0.28594232,0.6753742,9.771091
758520547709595,-0.29312077,0.6897311,9.830912
758520556402199,-0.28115666,0.69930243,9.692128
758520565094855,-0.2883351,0.68255264,9.866804
758520573787512,-0.30269206,0.6945168,9.687343
758520582480116,-0.2835495,0.68494546,9.866804
758520591172772,-0.30269206,0.69212395,9.716056
758520599865428,-0.29312077,0.69212395,9.823733
758520608558085,-0.28594232,0.6945168,9.754341
758520617250689,-0.29072794,0.69212395,9.8117695
758520625943345,-0.28115666,0.6897311,9.763913
758520634635949,-0.2883351,0.68255264,9.797412
758520643328605,-0.28594232,0.69212395,9.759128
758520652021262,-0.29790643,0.67776704,9.785448
758520660713918,-0.29072794,0.6897311,9.785448
758520669406522,-0.29072794,0.6873383,9.775877
758520678099178,-0.28115666,0.68494546,9.821341
758520686791835,-0.28594232,0.6897311,9.775877
758520695484439,-0.2835495,0.69212395,9.766306
758520704177095,-0.2883351,0.6873383,9.768699
758520712869751,-0.2955136,0.6897311,9.799805
758520721562355,-0.2883351,0.6897311,9.814162
758520730255012,-0.2955136,0.6897311,9.759128
758520738947668,-0.27876383,0.6873383,9.8117695
758520747640272,-0.29072794,0.6969096,9.754341
758520756332928,-0.2835495,0.68255264,9.809377
758520765025585,-0.29312077,0.69212395,9.747163
758520773718241,-0.28115666,0.6801598,9.804591
758520782410845,-0.29072794,0.6945168,9.783055
758520791103501,-0.2955136,0.6873383,9.775877
758520799796158,-0.2835495,0.6897311,9.797412
758520808488762,-0.2835495,0.6873383,9.783055
758520817181418,-0.2883351,0.6801598,9.771091
758520825874074,-0.29790643,0.6945168,9.799805
758520834566730,-0.29072794,0.6873383,9.742377
758520843259335,-0.2955136,0.68255264,9.828519
758520851951991,-0.29312077,0.6969096,9.759128
758520860644647,-0.28594232,0.67776704,9.783055
758520869337251,-0.30987054,0.69212395,9.792626
758520878029908,-0.25244278,0.68255264,9.756734
758520886722564,-0.29790643,0.6897311,9.833304
758520895415168,-0.29790643,0.6897311,9.71127
758520904107824,-0.276371,0.6897311,9.873982
758520912800480,-0.30508488,0.6897311,9.6993065
758520921493085,-0.2739782,0.6753742,9.87159
758520930185741,-0.29072794,0.6945168,9.708878
758520938878397,-0.2739782,0.6897311,9.850055
758520947571053,-0.2955136,0.68255264,9.742377
758520956263658,-0.2883351,0.68494546,9.795019
758520964956314,-0.29312077,0.6897311,9.76152
758520973648970,-0.29790643,0.6897311,9.823733
758520982341574,-0.2835495,0.69212395,9.77827
758520991034230,-0.29072794,0.6873383,9.799805
758520999726887,-0.28115666,0.69212395,9.742377
758521008419491,-0.2883351,0.69212395,9.83809
758521017112147,-0.2883351,0.68494546,9.71845
758521025804803,-0.28115666,0.6873383,9.818948
758521034497408,-0.2883351,0.69212395,9.795019
758521043190064,-0.276371,0.69212395,9.771091
758521051882720,-0.29072794,0.68255264,9.816555
758521060575376,-0.2955136,0.68494546,9.723235
758521069267980,-0.26919255,0.69212395,9.833304
758521077960637,-0.29790643,0.6897311,9.756734
758521086653293,-0.29072794,0.6801598,9.804591
758521095345949,-0.28594232,0.69212395,9.77827
758521104038553,-0.29312077,0.68494546,9.768699
758521112731210,-0.2883351,0.69212395,9.85484
758521121423866,-0.2955136,0.6969096,9.706485
758521130116470,-0.27876383,0.68494546,9.83809
758521138809126,-0.29072794,0.6897311,9.749556
758521147501783,-0.28594232,0.6897311,9.804591
758521156194439,-0.2835495,0.68255264,9.773484
758521164887043,-0.2955136,0.6945168,9.785448
758521173579699,-0.29072794,0.6945168,9.790234
758521182272303,-0.2739782,0.68255264,9.795019
758521190964960,-0.2883351,0.69212395,9.773484
758521199657616,-0.2955136,0.68494546,9.795019
758521208350272,-0.28594232,0.6945168,9.773484
758521217042876,-0.29790643,0.6897311,9.806984
758521225735533,-0.2835495,0.69212395,9.763913
758521234428189,-0.29790643,0.6945168,9.799805
758521243120793,-0.28594232,0.6873383,9.785448
758521251813449,-0.2955136,0.6897311,9.787841
758521260506105,-0.28594232,0.68494546,9.773484
758521269198710,-0.28594232,0.68494546,9.823733
758521277891366,-0.29312077,0.6873383,9.725628
758521286584022,-0.2955136,0.6873383,9.845269
758521295276626,-0.28594232,0.70169526,9.713663
758521303969283,-0.30029923,0.68494546,9.821341
758521312661939,-0.29072794,0.68255264,9.751948
758521321354543,-0.2835495,0.6969096,9.818948
758521330047199,-0.29072794,0.69212395,9.759128
758521338739855,-0.2883351,0.6801598,9.8117695
758521347432512,-0.29072794,0.6897311,9.74477
758521356125116,-0.2835495,0.6897311,9.816555
758521364817772,-0.2955136,0.6873383,9.76152
758521373510428,-0.28594232,0.6873383,9.821341
758521382203033,-0.2835495,0.68255264,9.76152
758521390895689,-0.29312077,0.6897311,9.785448
758521399588345,-0.2835495,0.6945168,9.754341
758521408281001,-0.2955136,0.6897311,9.826126
758521416973605,-0.2955136,0.68494546,9.742377
758521425666262,-0.29790643,0.6801598,9.823733
758521434358918,-0.29312077,0.6897311,9.74477
758521443051522,-0.2835495,0.6897311,9.835697
758521451744178,-0.28115666,0.6873383,9.754341
758521460436835,-0.2883351,0.6801598,9.802198
758521469129439,-0.2835495,0.6945168,9.775877
758521477822095,-0.30269206,0.67776704,9.790234
758521486514751,-0.29312077,0.6897311,9.787841
758521495207408,-0.29072794,0.68494546,9.804591
758521503900012,-0.2835495,0.6801598,9.773484
758521512592668,-0.29312077,0.6801598,9.783055
758521521285324,-0.30029923,0.69212395,9.76152
758521529977928,-0.29312077,0.6873383,9.797412
758521538670585,-0.28594232,0.6945168,9.792626
758521547363241,-0.2955136,0.6969096,9.818948
758521556055845,-0.27158538,0.70169526,9.790234
758521564748501,-0.28594232,0.69212395,9.768699
758521573441158,-0.28594232,0.67776704,9.771091
758521582133762,-0.29312077,0.6801598,9.783055
758521590826418,-0.2955136,0.68255264,9.775877
758521599519074,-0.29072794,0.68255264,9.806984
758521608211730,-0.28594232,0.6873383,9.797412
758521616904335,-0.28594232,0.69212395,9.785448
758521625596991,-0.2739782,0.6897311,9.768699
758521634289647,-0.2835495,0.68494546,9.773484
758521642982251,-0.29312077,0.6873383,9.790234
758521651674908,-0.29790643,0.69212395,9.797412
758521660367564,-0.2955136,0.68494546,9.795019
758521669060220,-0.28594232,0.69212395,9.790234
758521677752824,-0.2883351,0.6873383,9.77827
758521686445480,-0.2835495,0.6801598,9.76152
758521695138137,-0.2883351,0.6897311,9.787841
758521703830741,-0.29312077,0.69212395,9.773484
758521712523397,-0.2955136,0.6801598,9.804591
758521721216053,-0.28594232,0.69212395,9.780663
758521729908658,-0.29072794,0.68494546,9.795019
758521738601314,-0.28594232,0.68255264,9.771091
758521747293970,-0.29072794,0.6873383,9.783055
758521755986574,-0.29072794,0.68494546,9.773484
758521764679230,-0.29312077,0.69930243,9.795019
758521773371887,-0.2883351,0.6897311,9.773484
758521782064491,-0.29072794,0.6873383,9.785448
758521790757147,-0.2883351,0.68494546,9.790234
758521799449803,-0.2883351,0.6753742,9.766306
758521808142460,-0.29312077,0.68494546,9.780663
758521816835064,-0.29312077,0.6897311,9.797412
758521825527720,-0.28594232,0.6897311,9.783055
758521834220376,-0.2955136,0.6873383,9.792626
758521842912980,-0.28594232,0.68494546,9.768699
758521851605637,-0.29072794,0.68494546,9.783055
758521860298293,-0.29790643,0.68494546,9.783055
758521868990897,-0.2883351,0.6873383,9.797412
758521877683553,-0.2883351,0.69212395,9.77827
758521886376210,-0.2883351,0.6897311,9.775877
758521895068866,-0.27876383,0.69212395,9.792626
758521903761470,-0.28594232,0.6873383,9.775877
758521912454126,-0.2883351,0.6969096,9.785448
758521921146783,-0.28594232,0.68255264,9.780663
758521929839387,-0.29072794,0.6873383,9.783055
758521938532043,-0.2835495,0.6873383,9.787841
758521947224699,-0.28594232,0.6873383,9.790234
758521955917303,-0.29072794,0.6873383,9.787841
758521964609960,-0.28594232,0.68494546,9.783055
758521973302616,-0.29072794,0.6873383,9.783055
758521981995220,-0.29790643,0.6897311,9.783055
758521990687876,-0.2955136,0.6945168,9.790234
758521999380533,-0.29312077,0.6969096,9.792626
758522008073189,-0.28594232,0.6945168,9.783055
758522016765793,-0.2883351,0.68255264,9.780663
758522025458449,-0.2883351,0.6897311,9.780663
758522034151105,-0.29790643,0.68255264,9.783055
758522042843710,-0.29312077,0.6897311,9.783055
758522051536366,-0.29072794,0.6873383,9.795019
758522060229022,-0.29312077,0.6969096,9.77827
758522068921678,-0.29312077,0.68494546,9.787841
758522077614283,-0.29312077,0.6897311,9.756734
758522086306939,-0.28594232,0.68255264,9.814162
758522094999595,-0.2883351,0.6969096,9.754341
758522103692199,-0.2955136,0.67776704,9.795019
758522112384855,-0.29312077,0.69212395,9.799805
758522121077512,-0.28594232,0.68494546,9.804591
758522129770116,-0.28115666,0.69212395,9.768699
758522138462772,-0.2883351,0.68255264,9.790234
758522147155428,-0.28115666,0.6897311,9.768699
758522155848085,-0.2883351,0.6873383,9.797412
758522164540689,-0.2955136,0.69212395,9.780663
758522173233345,-0.2955136,0.68494546,9.787841
758522181926001,-0.29312077,0.6897311,9.790234
758522190618605,-0.2883351,0.68494546,9.763913
758522199311262,-0.2835495,0.6897311,9.780663
758522208003918,-0.2955136,0.6801598,9.787841
758522216696522,-0.29312077,0.6873383,9.780663
758522225389178,-0.2955136,0.6873383,9.790234
758522234081835,-0.29312077,0.68494546,9.792626
758522242774439,-0.2883351,0.69212395,9.780663
758522251467095,-0.2883351,0.69212395,9.783055
758522260159751,-0.2883351,0.68255264,9.780663
758522268852408,-0.28594232,0.68494546,9.775877
758522277545012,-0.29072794,0.6897311,9.806984
758522286237668,-0.2883351,0.69212395,9.768699
758522294930324,-0.2835495,0.69212395,9.792626
758522303622928,-0.2883351,0.69212395,9.77827
758522312315585,-0.2883351,0.6873383,9.790234
758522321008241,-0.29312077,0.6873383,9.775877
758522329700845,-0.29790643,0.68494546,9.785448
758522338393501,-0.29312077,0.6969096,9.797412
758522347086158,-0.2883351,0.6873383,9.780663
758522355778814,-0.28594232,0.68255264,9.790234
758522364471418,-0.27876383,0.68494546,9.783055
758522373164074,-0.27876383,0.6945168,9.775877
758522381856730,-0.2883351,0.6969096,9.77827
758522390549335,-0.2883351,0.6897311,9.790234
758522399241991,-0.2835495,0.69212395,9.790234
758522407934647,-0.29072794,0.6945168,9.790234
758522416627251,-0.2883351,0.6801598,9.771091
758522425319908,-0.28594232,0.6945168,9.795019
758522434012564,-0.29072794,0.6873383,9.780663
758522442705220,-0.2883351,0.68494546,9.787841
758522451397824,-0.29312077,0.6945168,9.771091
758522460090480,-0.29312077,0.68494546,9.814162
758522468783137,-0.2883351,0.68494546,9.771091
758522477475741,-0.2883351,0.68494546,9.799805
758522486168397,-0.29072794,0.6945168,9.771091
758522494861053,-0.28115666,0.68494546,9.806984
758522503553658,-0.2835495,0.68494546,9.771091
758522512246314,-0.29072794,0.6897311,9.792626
758522520938970,-0.29312077,0.68494546,9.773484
758522529631574,-0.2883351,0.6897311,9.785448
758522538324230,-0.28594232,0.6873383,9.790234
758522547016887,-0.29312077,0.69212395,9.775877
758522555709543,-0.29072794,0.6897311,9.785448
758522564402147,-0.2955136,0.6873383,9.785448
758522573094803,-0.2835495,0.6873383,9.785448
758522581787460,-0.28594232,0.6969096,9.783055
758522590480064,-0.29312077,0.68494546,9.792626
758522599172720,-0.2955136,0.69212395,9.785448
758522607865376,-0.2835495,0.6897311,9.783055
758522616557980,-0.2955136,0.6945168,9.787841
758522625250637,-0.28594232,0.6873383,9.77827
758522633943293,-0.28594232,0.6897311,9.790234
758522642635949,-0.2883351,0.68494546,9.763913
758522651328553,-0.28594232,0.6801598,9.818948
758522660021210,-0.2883351,0.6897311,9.751948
758522668713866,-0.29790643,0.68255264,9.77827
758522677406470,-0.29072794,0.68255264,9.792626
758522686099126,-0.2955136,0.6945168,9.797412
758522694791783,-0.26919255,0.68494546,9.818948
758522703484387,-0.29072794,0.6945168,9.749556
758522712177043,-0.29072794,0.6897311,9.759128
758522720869699,-0.2835495,0.6873383,9.816555
758522729562303,-0.2883351,0.68494546,9.766306
758522738254960,-0.29312077,0.6801598,9.828519
758522746947616,-0.28115666,0.6897311,9.756734
758522755640272,-0.2835495,0.68494546,9.816555
758522764332876,-0.29312077,0.68494546,9.749556
758522773025533,-0.29790643,0.6753742,9.773484
758522781718189,-0.29312077,0.6873383,9.780663
758522790410793,-0.29072794,0.6897311,9.799805
758522799103449,-0.30029923,0.6873383,9.795019
758522807796105,-0.29072794,0.6873383,9.787841
758522816488710,-0.28115666,0.6969096,9.787841
758522825181366,-0.2955136,0.68494546,9.787841
758522833874022,-0.27876383,0.68494546,9.766306
758522842566626,-0.28594232,0.6873383,9.783055
758522851259283,-0.29312077,0.6945168,9.771091
758522859951939,-0.28594232,0.68494546,9.799805
758522868644595,-0.28115666,0.69212395,9.780663
758522877337199,-0.2835495,0.6873383,9.785448
758522886029855,-0.29072794,0.68494546,9.756734
758522894722512,-0.2883351,0.6873383,9.802198
758522903415116,-0.2835495,0.69212395,9.790234
758522912107772,-0.28115666,0.68494546,9.797412
758522920800428,-0.2883351,0.68494546,9.785448
758522929493085,-0.2883351,0.6897311,9.790234
758522938185689,-0.29312077,0.68494546,9.783055
758522946878345,-0.28594232,0.68494546,9.773484
758522955570949,-0.29072794,0.6873383,9.795019
758522964263605,-0.29312077,0.6897311,9.783055
758522972956262,-0.2883351,0.6897311,9.77827
758522981648918,-0.29072794,0.6801598,9.790234
758522990341522,-0.29072794,0.6873383,9.773484
758522999034178,-0.29312077,0.68494546,9.77827
758523007726835,-0.29072794,0.68255264,9.773484
758523016419439,-0.29312077,0.68494546,9.787841
758523025112095,-0.2883351,0.6969096,9.792626
758523033804751,-0.29072794,0.69212395,9.780663
758523042497355,-0.28115666,0.6873383,9.780663
758523051190012,-0.29312077,0.6897311,9.77827
758523059882668,-0.2883351,0.6873383,9.787841
758523068575324,-0.2955136,0.68255264,9.783055
758523077267928,-0.2883351,0.6897311,9.795019
758523085960585,-0.2955136,0.6945168,9.780663
758523094653189,-0.29072794,0.6873383,9.795019
758523103345845,-0.2883351,0.6873383,9.771091
758523112038501,-0.29312077,0.67776704,9.792626
758523120731158,-0.2835495,0.68255264,9.780663
758523129423762,-0.29072794,0.6897311,9.799805
758523138116418,-0.2883351,0.6897311,9.780663
758523146809074,-0.29072794,0.6945168,9.814162
758523155501678,-0.28594232,0.6897311,9.759128
758523164194335,-0.27876383,0.68255264,9.8117695
758523172886991,-0.2883351,0.67776704,9.76152
758523181579647,-0.30029923,0.6753742,9.780663
758523190272251,-0.29312077,0.7040881,9.818948
758523198964908,-0.28115666,0.6945168,9.76152
758523207657564,-0.2739782,0.6873383,9.833304
758523216350168,-0.28594232,0.6969096,9.728021
758523225042824,-0.2835495,0.6801598,9.809377
758523233735480,-0.29312077,0.6945168,9.747163
758523242428085,-0.2955136,0.68494546,9.809377
758523251120741,-0.2883351,0.69212395,9.780663
758523259813397,-0.2883351,0.6873383,9.797412
758523268506001,-0.2835495,0.6897311,9.783055
758523277198658,-0.28594232,0.6969096,9.771091
758523285891314,-0.276371,0.6873383,9.785448
758523294583918,-0.29072794,0.69212395,9.790234
758523303276574,-0.2883351,0.68494546,9.785448
758523311969230,-0.2883351,0.6945168,9.792626
758523320661887,-0.2883351,0.6873383,9.795019
758523329354491,-0.29312077,0.68494546,9.775877
758523338047147,-0.29312077,0.6873383,9.76152
758523346739803,-0.2955136,0.6897311,9.787841
758523355432408,-0.29312077,0.68494546,9.780663
758523364125064,-0.29312077,0.6897311,9.785448
758523372817720,-0.27876383,0.68255264,9.785448
758523381510324,-0.2835495,0.6801598,9.790234
758523390202980,-0.2835495,0.69930243,9.77827
758523398895637,-0.29072794,0.69212395,9.751948
758523407588241,-0.29312077,0.67776704,9.797412
758523416280897,-0.29312077,0.6897311,9.773484
758523424973553,-0.29312077,0.68494546,9.816555
758523433666210,-0.29312077,0.6897311,9.751948
758523442358814,-0.2883351,0.68494546,9.809377
758523451051470,-0.2835495,0.6873383,9.759128
758523459744126,-0.29790643,0.68255264,9.792626
758523468436730,-0.28115666,0.68494546,9.775877
758523477129387,-0.29312077,0.69212395,9.809377
758523485822043,-0.29312077,0.6753742,9.773484
758523494514647,-0.29072794,0.6873383,9.797412
758523503207303,-0.29312077,0.68255264,9.771091
758523511899960,-0.28115666,0.6801598,9.790234
758523520592564,-0.29072794,0.6873383,9.773484
758523529285220,-0.29072794,0.6873383,9.787841
758523537977876,-0.29072794,0.69212395,9.773484
758523546670480,-0.29790643,0.69212395,9.802198
758523555363137,-0.30029923,0.6873383,9.780663
758523564055793,-0.2835495,0.6897311,9.785448
758523572748449,-0.29072794,0.68494546,9.773484
758523581441053,-0.28594232,0.68494546,9.77827
758523590133710,-0.29312077,0.68255264,9.766306
758523598826366,-0.2955136,0.6945168,9.804591
758523607518970,-0.29790643,0.6897311,9.790234
758523616211626,-0.28594232,0.6873383,9.787841
758523624904283,-0.2955136,0.68255264,9.790234
758523633596887,-0.2955136,0.6969096,9.783055
758523642289543,-0.28594232,0.6969096,9.766306
758523650982199,-0.29072794,0.68494546,9.787841
758523659674803,-0.29312077,0.68255264,9.785448
758523668367460,-0.29312077,0.6801598,9.783055
758523677060116,-0.2955136,0.68255264,9.785448
758523685752720,-0.2883351,0.68494546,9.77827
758523694445376,-0.2835495,0.6969096,9.787841
758523703138033,-0.29312077,0.6873383,9.775877
758523711830637,-0.28594232,0.6873383,9.787841
758523720523293,-0.2955136,0.68255264,9.771091
758523729215949,-0.29312077,0.69212395,9.797412
758523737908605,-0.2883351,0.69212395,9.780663
758523746601210,-0.30508488,0.6897311,9.785448
758523755293866,-0.2883351,0.6897311,9.780663
758523763986522,-0.28115666,0.6873383,9.799805
758523772679126,-0.29072794,0.68255264,9.77827
758523781371783,-0.29072794,0.68494546,9.792626
758523790064439,-0.29312077,0.69212395,9.783055
758523798757043,-0.29312077,0.6873383,9.792626
758523807449699,-0.29312077,0.6897311,9.792626
758523816142355,-0.2955136,0.6897311,9.792626
758523824834960,-0.2883351,0.6945168,9.787841
758523833527616,-0.2955136,0.6873383,9.785448
758523842220272,-0.29072794,0.68255264,9.792626
758523850912876,-0.29072794,0.69212395,9.790234
758523859605533,-0.28115666,0.69212395,9.787841
758523868298189,-0.2883351,0.6873383,9.77827
758523876990845,-0.29312077,0.6897311,9.792626
758523885683449,-0.29312077,0.6873383,9.780663
758523894376105,-0.28594232,0.6897311,9.77827
758523903068762,-0.29072794,0.6801598,9.785448
758523911761366,-0.2955136,0.6801598,9.790234
758523920454022,-0.2955136,0.6897311,9.790234
758523929146678,-0.2955136,0.6873383,9.771091
758523937839283,-0.28594232,0.6801598,9.787841
758523946531939,-0.2835495,0.68494546,9.775877
758523955224595,-0.2883351,0.68494546,9.792626
758523963917199,-0.29790643,0.6945168,9.775877
758523972609855,-0.29072794,0.6873383,9.799805
758523981302512,-0.2883351,0.6873383,9.783055
758523989995116,-0.28594232,0.6969096,9.783055
758523998687772,-0.2883351,0.6873383,9.785448
758524007380428,-0.2883351,0.6873383,9.785448
758524016073033,-0.2883351,0.6801598,9.773484
758524024765689,-0.29790643,0.6873383,9.790234
758524033458345,-0.29072794,0.6897311,9.790234
758524042150949,-0.29312077,0.6945168,9.783055
758524050843605,-0.29072794,0.6897311,9.792626
758524059536262,-0.2835495,0.6897311,9.775877
758524068228866,-0.2955136,0.6945168,9.797412
758524076921522,-0.29790643,0.68255264,9.775877
758524085614178,-0.29312077,0.6801598,9.785448
758524094306783,-0.2883351,0.6873383,9.792626
758524102999439,-0.29312077,0.6945168,9.797412
758524111692095,-0.2835495,0.6873383,9.790234
758524120384699,-0.29072794,0.67776704,9.77827
758524129077355,-0.26919255,0.6801598,9.785448
758524137770012,-0.30269206,0.67776704,9.77827
758524146462668,-0.29312077,0.68255264,9.797412
758524155155272,-0.29790643,0.68494546,9.787841
758524163847928,-0.28115666,0.69212395,9.797412
758524172540585,-0.29072794,0.6897311,9.77827
758524181233189,-0.29072794,0.6897311,9.771091
758524189925845,-0.2883351,0.67776704,9.783055
758524198618501,-0.28594232,0.68255264,9.773484
758524207311105,-0.29312077,0.69212395,9.790234
758524216003762,-0.28594232,0.6897311,9.780663
758524224696418,-0.29072794,0.6897311,9.797412
758524233389022,-0.28594232,0.6897311,9.773484
758524242081678,-0.29312077,0.6897311,9.783055
758524250774335,-0.29072794,0.68494546,9.77827
758524259466939,-0.2883351,0.68494546,9.77827
758524268159595,-0.2883351,0.6873383,9.77827
758524276852251,-0.28594232,0.6969096,9.806984
758524285544855,-0.29312077,0.68255264,9.780663
758524294237512,-0.28594232,0.68494546,9.790234
758524302930168,-0.29072794,0.6873383,9.756734
758524311622772,-0.29312077,0.68255264,9.783055
758524320315428,-0.2883351,0.6897311,9.785448
758524329008085,-0.28594232,0.6945168,9.797412
758524337700689,-0.2835495,0.6873383,9.785448
758524346393345,-0.2883351,0.68494546,9.780663
758524355086001,-0.2883351,0.68255264,9.768699
758524363778605,-0.30269206,0.68255264,9.785448
758524372471262,-0.29072794,0.6897311,9.77827
758524381163918,-0.29072794,0.69212395,9.792626
758524389856574,-0.29312077,0.6873383,9.783055
758524398549178,-0.29312077,0.68494546,9.785448
758524407241835,-0.28594232,0.6897311,9.780663
758524415934491,-0.30029923,0.6873383,9.787841
758524424627095,-0.28594232,0.67776704,9.768699
758524433319751,-0.27876383,0.6969096,9.830912
758524442012408,-0.29312077,0.6897311,9.694521
758524450705012,-0.29790643,0.68255264,9.876375
758524459397668,-0.28115666,0.68494546,9.704092
758524468090324,-0.29312077,0.68494546,9.881161
758524476782928,-0.30029923,0.6897311,9.675379
758524485475585,-0.28594232,0.69212395,9.85484
758524494168241,-0.29790643,0.6945168,9.723235
758524502860845,-0.28115666,0.6897311,9.845269
758524511553501,-0.30508488,0.6945168,9.732806
758524520246158,-0.2883351,0.68255264,9.823733
758524528938762,-0.2835495,0.6945168,9.756734
758524537631418,-0.29312077,0.6873383,9.823733
758524546324074,-0.29312077,0.6945168,9.766306
758524555016678,-0.2883351,0.68494546,9.792626
758524563709335,-0.28115666,0.6873383,9.787841
758524572401991,-0.29312077,0.68255264,9.756734
758524581094647,-0.2835495,0.6945168,9.804591
758524589787251,-0.30508488,0.6873383,9.771091
758524598479908,-0.27876383,0.6801598,9.799805
758524607172512,-0.29072794,0.69212395,9.763913
758524615865168,-0.2955136,0.6897311,9.783055
758524624557824,-0.28594232,0.6801598,9.809377
758524633250428,-0.29312077,0.68494546,9.783055
758524641943085,-0.2835495,0.68494546,9.792626
758524650635741,-0.29790643,0.6897311,9.768699
758524659328345,-0.28594232,0.6897311,9.816555
758524668021001,-0.2835495,0.6897311,9.771091
758524676713658,-0.28115666,0.67776704,9.768699
758524685406314,-0.29790643,0.70169526,9.806984
758524694098918,-0.2955136,0.68255264,9.768699
758524702791574,-0.29312077,0.69212395,9.792626
758524711484178,-0.29312077,0.68494546,9.768699
758524720176835,-0.28115666,0.6897311,9.809377
758524728869491,-0.28594232,0.6873383,9.771091
758524737562147,-0.29072794,0.68494546,9.795019
758524746254751,-0.28594232,0.68494546,9.766306
758524754947408,-0.30508488,0.6945168,9.799805
758524763640064,-0.28594232,0.68494546,9.787841
758524772332668,-0.29072794,0.68494546,9.77827
758524781025324,-0.2835495,0.6897311,9.783055
758524789717980,-0.29312077,0.6945168,9.795019
758524798410585,-0.2835495,0.69212395,9.792626
758524807103241,-0.28594232,0.68255264,9.797412
758524815795897,-0.2835495,0.6897311,9.797412
758524824488501,-0.29790643,0.6873383,9.775877
758524833181158,-0.2883351,0.6873383,9.783055
758524841873762,-0.29072794,0.68494546,9.780663
758524850566418,-0.29790643,0.6897311,9.795019
758524859259074,-0.2883351,0.68494546,9.783055
758524867951678,-0.2955136,0.6969096,9.783055
758524876644335,-0.29312077,0.6873383,9.775877
758524885336991,-0.29312077,0.6969096,9.799805
758524894029595,-0.29072794,0.68494546,9.77827
758524902722251,-0.29072794,0.69212395,9.802198
758524911414908,-0.2883351,0.68494546,9.768699
758524920107512,-0.30029923,0.68494546,9.783055
758524928800168,-0.2883351,0.68494546,9.790234
758524937492824,-0.29790643,0.68494546,9.783055
758524946185428,-0.27876383,0.68494546,9.802198
758524954878085,-0.29072794,0.69212395,9.783055
758524963570741,-0.29072794,0.6801598,9.785448
758524972263397,-0.2883351,0.69212395,9.802198
758524980956001,-0.2883351,0.69212395,9.768699
758524989648658,-0.2883351,0.6873383,9.795019
758524998341262,-0.29072794,0.6873383,9.780663
758525007033918,-0.28594232,0.67776704,9.795019
758525015726574,-0.29072794,0.69212395,9.773484
758525024419178,-0.29072794,0.69212395,9.780663
758525033111835,-0.2955136,0.6897311,9.785448
758525041804491,-0.29312077,0.6801598,9.787841
758525050497095,-0.29072794,0.6897311,9.77827
758525059189751,-0.29312077,0.6945168,9.797412
758525067882408,-0.2883351,0.68494546,9.771091
758525076575012,-0.2883351,0.6969096,9.771091
758525085267668,-0.2883351,0.69212395,9.787841
758525093960324,-0.29312077,0.6801598,9.780663
758525102652928,-0.2883351,0.69212395,9.795019
758525111345585,-0.29790643,0.69212395,9.775877
758525120038241,-0.29312077,0.6873383,9.790234
758525128730845,-0.2883351,0.6873383,9.787841
758525137423501,-0.29312077,0.67776704,9.785448
758525146116158,-0.2883351,0.6873383,9.795019
758525154808762,-0.2835495,0.6897311,9.797412
758525163501418,-0.2955136,0.6897311,9.795019
758525172194074,-0.28594232,0.69212395,9.785448
758525180886678,-0.29312077,0.6801598,9.806984
758525189579335,-0.28115666,0.68494546,9.76152
758525198271991,-0.29790643,0.6801598,9.816555
758525206964595,-0.29790643,0.6897311,9.732806
758525215657251,-0.2955136,0.69212395,9.840483
758525224349908,-0.2883351,0.6945168,9.763913
758525233042512,-0.28115666,0.68494546,9.804591
758525241735168,-0.29072794,0.6873383,9.756734
758525250427824,-0.30029923,0.69212395,9.790234
758525259120428,-0.29072794,0.6801598,9.773484
758525267813085,-0.2883351,0.6873383,9.802198
758525276505689,-0.29072794,0.6897311,9.787841
758525285198345,-0.28594232,0.6801598,9.783055
758525293891001,-0.28594232,0.6801598,9.790234
758525302583658,-0.29072794,0.69212395,9.77827
758525311276262,-0.2955136,0.6873383,9.787841
758525319968918,-0.29312077,0.68494546,9.790234
758525328661574,-0.2883351,0.68494546,9.792626
758525337354178,-0.2955136,0.6873383,9.783055
758525346046835,-0.28594232,0.6873383,9.799805
758525354739439,-0.2883351,0.68494546,9.771091
758525363432095,-0.2883351,0.6801598,9.8117695
758525372124751,-0.28594232,0.6969096,9.74477
758525380817408,-0.29790643,0.6969096,9.802198
758525389510012,-0.29072794,0.6897311,9.763913
758525398202668,-0.2835495,0.6873383,9.821341
758525406895272,-0.29312077,0.68255264,9.751948
758525415587928,-0.29312077,0.6873383,9.802198
758525424280585,-0.29072794,0.6873383,9.766306
758525432973189,-0.2883351,0.68494546,9.802198
758525441665845,-0.29072794,0.68494546,9.785448
758525450358501,-0.2955136,0.6945168,9.783055
758525459051105,-0.2955136,0.68494546,9.790234
758525467743762,-0.28594232,0.69212395,9.799805
758525476436418,-0.29072794,0.6873383,9.783055
758525485129022,-0.29072794,0.6801598,9.76152
758525493821678,-0.29312077,0.69212395,9.816555
758525502514283,-0.29072794,0.6897311,9.74477
758525511206939,-0.29072794,0.6801598,9.828519
758525519899595,-0.29072794,0.6945168,9.74477
758525528592251,-0.28115666,0.68494546,9.816555
758525537284855,-0.29072794,0.6801598,9.754341
758525545977512,-0.2883351,0.6897311,9.797412
758525554670168,-0.29072794,0.69212395,9.775877
758525563362772,-0.29312077,0.6729814,9.8117695
758525572055428,-0.29072794,0.6873383,9.787841
758525580748033,-0.2955136,0.69212395,9.783055
758525589440689,-0.2835495,0.6873383,9.785448
758525598133345,-0.2883351,0.69212395,9.783055
758525606825949,-0.28594232,0.6873383,9.775877
758525615518605,-0.30029923,0.6897311,9.77827
758525624211262,-0.28594232,0.6897311,9.785448
758525632903866,-0.2955136,0.6945168,9.787841
758525641596522,-0.2883351,0.6897311,9.783055
758525650289178,-0.29312077,0.6897311,9.773484
758525658981783,-0.2883351,0.68255264,9.775877
758525667674439,-0.29312077,0.68494546,9.787841
758525676367095,-0.29072794,0.6873383,9.787841
758525685059699,-0.29072794,0.68255264,9.797412
758525693752355,-0.27876383,0.68255264,9.771091
758525702444960,-0.28594232,0.6873383,9.787841
758525711137616,-0.2883351,0.68494546,9.768699
758525719830272,-0.29312077,0.67058855,9.775877
758525728522876,-0.276371,0.69212395,9.783055
758525737215533,-0.3074777,0.6801598,9.828519
758525745908189,-0.28115666,0.69930243,9.76152
758525754600793,-0.2883351,0.6897311,9.795019
758525763293449,-0.30029923,0.68255264,9.763913
758525771986105,-0.27876383,0.6945168,9.792626
758525780678710,-0.29312077,0.6873383,9.780663
758525789371366,-0.2955136,0.68255264,9.773484
758525798064022,-0.2883351,0.68494546,9.797412
758525806756552,-0.29072794,0.68494546,9.77827
758525815449209,-0.2955136,0.6945168,9.790234
758525824141865,-0.2883351,0.69212395,9.771091
758525832834469,-0.2955136,0.6945168,9.795019
758525841527125,-0.27876383,0.69212395,9.792626
758525850219729,-0.29312077,0.68494546,9.780663
758525858912386,-0.29072794,0.68494546,9.785448
758525867605042,-0.29312077,0.6873383,9.792626
758525876297646,-0.29072794,0.6897311,9.783055
758525884990302,-0.2835495,0.68255264,9.785448
758525893682959,-0.29072794,0.6801598,9.768699
758525902375563,-0.28594232,0.69212395,9.797412
758525911068219,-0.29072794,0.68494546,9.780663
758525919760875,-0.2883351,0.69212395,9.802198
758525928453479,-0.29072794,0.6945168,9.797412
758525937146136,-0.28594232,0.68255264,9.797412
758525945838740,-0.2883351,0.68494546,9.77827
758525954531396,-0.2883351,0.69212395,9.768699
758525963224052,-0.28594232,0.68494546,9.77827
758525971916656,-0.2883351,0.68255264,9.785448
758525980609313,-0.2955136,0.6873383,9.792626
758525989301969,-0.2835495,0.6873383,9.790234
758525997994573,-0.28594232,0.68255264,9.785448
758526006687229,-0.2835495,0.68494546,9.77827
758526015379886,-0.29790643,0.6873383,9.77827
758526024072490,-0.30029923,0.6945168,9.799805
758526032765146,-0.29072794,0.69212395,9.802198
758526041457802,-0.2955136,0.6897311,9.797412
758526050150406,-0.2883351,0.6801598,9.766306
758526058843063,-0.29072794,0.6873383,9.804591
758526067535719,-0.29312077,0.68255264,9.766306
758526076228323,-0.29312077,0.68494546,9.797412
758526084920979,-0.2883351,0.68255264,9.77827
758526093613636,-0.29312077,0.69212395,9.806984
758526102306240,-0.29072794,0.6897311,9.77827
758526110998896,-0.29072794,0.6801598,9.768699
758526119691500,-0.2955136,0.6945168,9.77827
758526128384156,-0.29790643,0.6873383,9.790234
758526137076813,-0.29072794,0.67776704,9.780663
758526145769417,-0.2883351,0.6873383,9.802198
758526154462073,-0.28594232,0.6969096,9.77827
758526163154677,-0.2883351,0.6945168,9.795019
758526171847334,-0.28594232,0.6873383,9.768699
758526180539990,-0.2955136,0.68255264,9.785448
758526189232594,-0.28594232,0.6801598,9.787841
758526197925250,-0.30029923,0.68255264,9.785448
758526206617906,-0.29072794,0.69212395,9.797412
758526215310511,-0.29072794,0.6897311,9.783055
758526224003167,-0.29312077,0.6873383,9.780663
758526232695823,-0.29312077,0.6801598,9.773484
758526241388427,-0.2955136,0.6897311,9.773484
758526250081084,-0.2883351,0.6969096,9.790234
758526258773740,-0.2883351,0.6897311,9.787841
758526267466344,-0.29312077,0.6945168,9.780663
758526276159000,-0.2835495,0.69212395,9.792626
758526284851604,-0.2883351,0.68255264,9.768699
758526293544261,-0.29790643,0.6801598,9.795019
758526302236865,-0.29312077,0.68494546,9.77827
758526310929521,-0.2955136,0.6873383,9.795019
758526319622177,-0.29312077,0.69212395,9.773484
758526328314834,-0.28594232,0.6873383,9.797412
758526337007438,-0.29312077,0.6873383,9.783055
758526345700094,-0.28594232,0.6897311,9.780663
758526354392698,-0.29072794,0.68255264,9.775877
758526363085354,-0.2883351,0.68494546,9.792626
758526371778011,-0.29312077,0.6897311,9.787841
758526380470615,-0.2955136,0.6945168,9.792626
758526389163271,-0.2883351,0.67776704,9.787841
758526397855927,-0.28594232,0.68255264,9.792626
758526406548531,-0.29790643,0.6873383,9.785448
758526415241188,-0.29072794,0.68255264,9.787841
758526423933844,-0.28594232,0.6897311,9.780663
758526432626448,-0.2883351,0.6873383,9.790234
758526441319104,-0.29790643,0.68494546,9.780663
758526450011709,-0.29312077,0.6897311,9.780663
758526458704365,-0.2883351,0.68494546,9.780663
758526467397021,-0.2883351,0.68255264,9.780663
758526476089625,-0.2835495,0.69212395,9.799805
758526484782281,-0.27876383,0.69212395,9.771091
758526493474886,-0.2835495,0.6897311,9.799805
758526502167542,-0.29072794,0.69212395,9.747163
758526510860198,-0.27876383,0.67776704,9.818948
758526519552802,-0.2883351,0.6873383,9.763913
758526528245459,-0.29312077,0.68494546,9.809377
758526536938115,-0.2955136,0.69212395,9.775877
758526545630719,-0.29072794,0.6801598,9.799805
758526554323375,-0.2883351,0.69930243,9.771091
758526563015979,-0.29072794,0.68494546,9.790234
758526571708636,-0.30029923,0.6873383,9.790234
758526580401292,-0.2835495,0.68255264,9.773484
758526589093896,-0.28594232,0.6897311,9.775877
758526597786552,-0.29312077,0.6897311,9.790234
758526606479209,-0.2883351,0.6897311,9.77827
758526615171813,-0.29072794,0.6897311,9.795019
758526623864469,-0.28594232,0.6801598,9.77827
758526632557073,-0.30029923,0.6969096,9.775877
758526641249729,-0.28594232,0.6801598,9.806984
758526649942386,-0.27876383,0.6897311,9.759128
758526658634990,-0.29312077,0.68255264,9.797412
758526667327646,-0.29312077,0.6897311,9.766306
758526676020302,-0.28594232,0.6945168,9.799805
758526684712906,-0.29312077,0.6897311,9.787841
758526693405563,-0.29072794,0.6873383,9.77827
758526702098167,-0.2883351,0.6873383,9.792626
758526710790823,-0.2883351,0.6873383,9.759128
758526719483479,-0.2955136,0.6873383,9.850055
758526728176084,-0.2883351,0.69212395,9.723235
758526736868740,-0.2835495,0.68494546,9.869197
758526745561344,-0.28115666,0.68255264,9.696914
758526754254000,-0.27876383,0.6945168,9.919446
758526762946656,-0.29072794,0.6969096,9.632308
758526771639261,-0.30029923,0.6753742,9.931411
758526780331917,-0.2883351,0.69212395,9.665807
758526789024573,-0.28115666,0.68255264,9.869197
758526797717177,-0.29790643,0.6873383,9.723235
758526806409834,-0.30029923,0.6897311,9.773484
758526815102490,-0.276371,0.68494546,9.83809
758526823795094,-0.29312077,0.67776704,9.747163
758526832487750,-0.27876383,0.6897311,9.83809
758526841180354,-0.2955136,0.6897311,9.713663
758526849873011,-0.28594232,0.68255264,9.835697
758526858565667,-0.29072794,0.68494546,9.74477
758526867258271,-0.2883351,0.67776704,9.799805
758526875950927,-0.28594232,0.6753742,9.795019
758526884643531,-0.29790643,0.6969096,9.768699
758526893336188,-0.2955136,0.6873383,9.814162
758526902028844,-0.2883351,0.6897311,9.766306
758526910721448,-0.2883351,0.68255264,9.8117695
758526919414104,-0.2955136,0.6897311,9.766306
758526928106761,-0.2883351,0.68255264,9.795019
758526936799365,-0.30029923,0.6897311,9.771091
758526945492021,-0.2955136,0.6873383,9.799805
758526954184625,-0.30029923,0.6873383,9.783055
758526962877281,-0.29312077,0.69212395,9.76152
758526971569938,-0.2739782,0.6729814,9.833304
758526980262542,-0.28115666,0.6945168,9.725628
758526988955198,-0.28115666,0.68255264,9.826126
758526997647802,-0.30508488,0.69212395,9.737592
758527006340459,-0.2955136,0.68494546,9.799805
758527015033115,-0.2835495,0.69212395,9.806984
758527023725719,-0.29312077,0.6873383,9.732806
758527032418375,-0.27876383,0.6897311,9.835697
758527041110979,-0.29312077,0.69930243,9.723235
758527049803636,-0.28115666,0.6873383,9.845269
758527058496292,-0.29312077,0.69212395,9.732806
758527067188896,-0.2883351,0.68255264,9.823733
758527075881552,-0.30269206,0.6897311,9.754341
758527084574209,-0.29072794,0.6873383,9.816555
758527093266813,-0.29312077,0.68255264,9.759128
758527101959469,-0.29072794,0.6897311,9.816555
758527110652073,-0.28115666,0.6969096,9.749556
758527119344729,-0.29072794,0.69212395,9.823733
758527128037386,-0.27876383,0.68255264,9.737592
758527136729990,-0.2955136,0.68494546,9.862019
758527145422646,-0.28594232,0.69212395,9.696914
758527154115302,-0.29790643,0.68494546,9.878768
758527162807906,-0.2955136,0.6897311,9.696914
758527171500563,-0.2739782,0.6753742,9.859626
758527180193167,-0.29790643,0.69212395,9.725628
758527188885823,-0.29790643,0.6873383,9.818948
758527197578427,-0.28594232,0.69212395,9.775877
758527206271084,-0.2955136,0.67058855,9.792626
758527214963740,-0.2883351,0.6873383,9.785448
758527223656344,-0.2955136,0.68494546,9.754341
758527232349000,-0.2739782,0.6801598,9.828519
758527241041656,-0.2955136,0.68494546,9.742377
758527249734261,-0.2835495,0.68255264,9.830912
758527258426917,-0.2955136,0.6945168,9.708878
758527267119521,-0.28594232,0.6897311,9.881161
758527275812177,-0.29790643,0.70648086,9.6993065
758527284504834,-0.29312077,0.6801598,9.845269
758527293197438,-0.2955136,0.69212395,9.737592
758527301890094,-0.2955136,0.68494546,9.809377
758527310582698,-0.2955136,0.6897311,9.771091
758527319275354,-0.29312077,0.6753742,9.768699
758527327968011,-0.29312077,0.6897311,9.806984
758527336660615,-0.29072794,0.6897311,9.768699
758527345353271,-0.27876383,0.68255264,9.756734
758527354045875,-0.30269206,0.6873383,9.823733
758527362738531,-0.2955136,0.6897311,9.6682
758527371431188,-0.2835495,0.67776704,9.984053
758527380123792,-0.31944183,0.71365935,9.546165
758527388816448,-0.276371,0.66341007,10.000802
758527397509052,-0.29072794,0.70169526,9.625129
758527406201709,-0.2835495,0.6729814,9.907482
758527414894365,-0.28594232,0.68494546,9.682557
758527423586969,-0.29312077,0.6801598,9.826126
758527432279625,-0.29072794,0.6897311,9.780663
758527440972229,-0.2955136,0.69212395,9.795019
758527449664886,-0.2883351,0.6945168,9.804591
758527458357542,-0.276371,0.68494546,9.783055
758527467050146,-0.28594232,0.6801598,9.773484
758527475742802,-0.2883351,0.68494546,9.785448
758527484435406,-0.27876383,0.6873383,9.804591
758527493128063,-0.2883351,0.6897311,9.775877
758527501820719,-0.28594232,0.67776704,9.845269
758527510513323,-0.29312077,0.6969096,9.735199
758527519205979,-0.2835495,0.68494546,9.797412
758527527898584,-0.2955136,0.6729814,9.747163
758527536591240,-0.28594232,0.68255264,9.804591
758527545283896,-0.29312077,0.68494546,9.797412
758527553976500,-0.29312077,0.68494546,9.771091
758527562669156,-0.2955136,0.69212395,9.809377
758527571361761,-0.2883351,0.68494546,9.77827
758527580054417,-0.29312077,0.6801598,9.797412
758527588747021,-0.29072794,0.6873383,9.756734
758527597439677,-0.2883351,0.6801598,9.806984
758527606132334,-0.28115666,0.6873383,9.790234
758527614824938,-0.2883351,0.6945168,9.790234
758527623517594,-0.2955136,0.69212395,9.76152
758527632210250,-0.28115666,0.68494546,9.833304
758527640902854,-0.2883351,0.6969096,9.759128
758527649595511,-0.2835495,0.67776704,9.759128
758527658288115,-0.30269206,0.6873383,9.775877
758527666980771,-0.29072794,0.67776704,9.840483
758527675673427,-0.28594232,0.70648086,9.742377
758527684366031,-0.3074777,0.67776704,9.802198
758527693058688,-0.26919255,0.69930243,9.790234
758527701751292,-0.29312077,0.6873383,9.766306
758527710443948,-0.28594232,0.6801598,9.8117695
758527719136552,-0.30029923,0.69212395,9.735199
758527727829209,-0.28594232,0.68255264,9.859626
758527736521865,-0.30029923,0.6873383,9.742377
758527745214469,-0.28115666,0.68494546,9.814162
758527753907125,-0.29312077,0.67776704,9.766306
758527762599729,-0.27876383,0.6897311,9.799805
758527771292386,-0.29312077,0.6873383,9.768699
758527779985042,-0.29312077,0.68255264,9.77827
758527788677646,-0.2883351,0.6897311,9.790234
758527797370302,-0.29072794,0.6897311,9.790234
758527806062906,-0.29312077,0.6897311,9.771091
758527814755563,-0.2883351,0.6969096,9.771091
758527823448219,-0.2835495,0.6897311,9.77827
758527832140823,-0.29312077,0.6945168,9.795019
758527840833479,-0.28594232,0.6801598,9.785448
758527849526084,-0.28594232,0.6897311,9.790234
758527858218740,-0.2883351,0.68494546,9.792626
758527866911396,-0.2883351,0.6897311,9.785448
758527875604000,-0.28594232,0.6801598,9.795019
758527884296656,-0.29072794,0.69212395,9.780663
758527892989261,-0.27876383,0.68255264,9.773484
758527901681917,-0.2955136,0.6873383,9.783055
758527910374521,-0.2883351,0.6969096,9.818948
758527919067177,-0.29072794,0.6969096,9.74477
758527927759834,-0.2883351,0.68255264,9.8524475
758527936452438,-0.29312077,0.69930243,9.706485
758527945145094,-0.28115666,0.68255264,9.847662
758527953837698,-0.30269206,0.69212395,9.735199
758527962530354,-0.29312077,0.6753742,9.787841
758527971223011,-0.29312077,0.6945168,9.869197
758527979915615,-0.2955136,0.6969096,9.670592
758527988608271,-0.27876383,0.6753742,9.919446
758527997300875,-0.29790643,0.69212395,9.665807
758528005993531,-0.276371,0.6873383,9.864411
758528014686188,-0.3074777,0.69212395,9.71127
758528023378792,-0.30029923,0.68255264,9.821341
758528032071448,-0.29312077,0.6801598,9.780663
758528040764052,-0.29790643,0.6945168,9.809377
758528049456709,-0.2835495,0.6969096,9.773484
758528058149365,-0.276371,0.6897311,9.773484
758528066841969,-0.27876383,0.6897311,9.802198
758528075534625,-0.28594232,0.6873383,9.756734
758528084227229,-0.2835495,0.68255264,9.799805
758528092919886,-0.30269206,0.68494546,9.792626
758528101612490,-0.2883351,0.6897311,9.787841
758528110305146,-0.29072794,0.6969096,9.802198
758528118997802,-0.2955136,0.6873383,9.747163
758528127690406,-0.28115666,0.68494546,9.821341
758528136383063,-0.29312077,0.6873383,9.74477
758528145075667,-0.2883351,0.68494546,9.8117695
758528153768323,-0.30269206,0.6897311,9.720842
758528162460927,-0.28115666,0.6801598,9.885947
758528171153584,-0.29312077,0.70648086,9.708878
758528179846240,-0.2835495,0.68494546,9.847662
758528188538844,-0.28115666,0.6945168,9.723235
758528197231500,-0.2835495,0.68255264,9.821341
758528205924156,-0.29072794,0.68494546,9.771091
758528214616761,-0.29072794,0.6873383,9.766306
758528223309417,-0.28594232,0.6873383,9.816555
758528232002021,-0.2955136,0.69212395,9.763913
758528240694677,-0.28594232,0.69212395,9.809377
758528249387281,-0.2955136,0.6969096,9.76152
758528258079938,-0.28115666,0.6969096,9.795019
758528266772542,-0.29072794,0.69212395,9.780663
758528275465198,-0.2955136,0.68494546,9.790234
758528284157854,-0.2883351,0.6945168,9.783055
758528292850459,-0.29312077,0.6897311,9.787841
758528301543115,-0.29312077,0.6897311,9.797412
758528310235719,-0.29072794,0.6873383,9.759128
758528318928375,-0.29072794,0.69212395,9.809377
758528327620979,-0.2835495,0.68255264,9.737592
758528336313636,-0.2955136,0.6897311,9.830912
758528345006240,-0.29790643,0.69212395,9.71127
758528353698896,-0.2883351,0.6897311,9.893126
758528362391552,-0.2883351,0.68494546,9.682557
758528371084156,-0.2835495,0.6801598,9.878768
758528379776813,-0.30029923,0.69212395,9.689735
758528388469469,-0.2835495,0.68494546,9.847662
758528397162073,-0.2955136,0.6945168,9.735199
758528405854729,-0.30269206,0.68255264,9.821341
758528414547334,-0.28115666,0.6945168,9.797412
758528423239990,-0.29312077,0.6873383,9.754341
758528431932594,-0.28594232,0.6873383,9.809377
758528440625250,-0.29072794,0.6873383,9.749556
758528449317854,-0.2835495,0.6873383,9.823733
758528458010511,-0.29790643,0.6945168,9.766306
758528466703167,-0.2835495,0.68494546,9.756734
758528475395771,-0.27876383,0.68494546,9.83809
758528484088427,-0.2883351,0.69212395,9.723235
758528492781031,-0.2835495,0.6873383,9.828519
758528501473688,-0.30029923,0.68494546,9.728021
758528510166292,-0.28594232,0.6801598,9.833304
758528518858948,-0.2955136,0.6945168,9.747163
758528527551604,-0.2955136,0.68494546,9.818948
758528536244209,-0.29072794,0.6873383,9.76152
758528544936865,-0.2835495,0.6873383,9.799805
758528553629469,-0.29312077,0.6753742,9.763913
758528562322125,-0.29312077,0.6897311,9.77827
758528571014729,-0.29072794,0.68494546,9.792626
758528579707386,-0.29072794,0.68255264,9.756734
758528588400042,-0.29312077,0.69212395,9.869197
758528597092646,-0.30508488,0.69930243,9.68495
758528605785302,-0.28594232,0.6801598,9.850055
758528614477906,-0.28115666,0.6801598,9.74477
758528623170563,-0.2883351,0.6801598,9.8117695
758528631863219,-0.30029923,0.69212395,9.754341
758528640555823,-0.28594232,0.69212395,9.821341
758528649248479,-0.2955136,0.6873383,9.775877
758528657941084,-0.2835495,0.6897311,9.795019
758528666633740,-0.28115666,0.6873383,9.768699
758528675326344,-0.2883351,0.6897311,9.77827
758528684019000,-0.29312077,0.69212395,9.795019
758528692711604,-0.2955136,0.6873383,9.780663
758528701404261,-0.2883351,0.6873383,9.797412
758528710096917,-0.29072794,0.68494546,9.821341
758528718789521,-0.2883351,0.6969096,9.735199
758528727482177,-0.29790643,0.6873383,9.8524475
758528736174781,-0.2883351,0.6945168,9.71127
758528744867438,-0.2835495,0.68255264,9.823733
758528753560042,-0.2955136,0.6873383,9.7399845
758528762252698,-0.28594232,0.67776704,9.792626
758528770945302,-0.29312077,0.68494546,9.833304
758528779637959,-0.27876383,0.6969096,9.71845
758528788330615,-0.2835495,0.67776704,9.866804
758528797023219,-0.30029923,0.69212395,9.675379
758528805715875,-0.27876383,0.6801598,9.869197
758528814408479,-0.30508488,0.6873383,9.716056
758528823101136,-0.29072794,0.67776704,9.8524475
758528831793740,-0.29312077,0.68494546,9.732806
758528840486396,-0.28594232,0.69212395,9.87159
758528849179052,-0.28115666,0.7040881,9.682557
758528857871656,-0.28594232,0.6753742,9.862019
758528866564313,-0.2955136,0.69212395,9.6993065
758528875256917,-0.29072794,0.68494546,9.847662
758528883949573,-0.29790643,0.6969096,9.768699
758528892642177,-0.2883351,0.68494546,9.787841
758528901334834,-0.27876383,0.6897311,9.797412
758528910027490,-0.2955136,0.6897311,9.749556
758528918720094,-0.2835495,0.6801598,9.787841
758528927412750,-0.2955136,0.6969096,9.790234
758528936105354,-0.2883351,0.6897311,9.768699
758528944798011,-0.2883351,0.6873383,9.833304
758528953490615,-0.2835495,0.6969096,9.749556
758528962183271,-0.28594232,0.68255264,9.828519
758528970875927,-0.2883351,0.68494546,9.737592
758528979568531,-0.30269206,0.69212395,9.804591
758528988261188,-0.2883351,0.69212395,9.771091
758528996953792,-0.2955136,0.69212395,9.8117695
758529005646448,-0.27876383,0.6897311,9.790234
758529014339052,-0.29072794,0.6873383,9.768699
758529023031709,-0.29072794,0.6873383,9.814162
758529031724313,-0.29312077,0.68494546,9.76152
758529040416969,-0.29072794,0.6945168,9.799805
758529049109573,-0.2955136,0.6873383,9.780663
758529057802229,-0.29072794,0.68494546,9.802198
758529066494886,-0.29072794,0.6897311,9.77827
758529075187490,-0.29312077,0.69212395,9.780663
758529083880146,-0.28594232,0.68494546,9.785448
758529092572750,-0.30029923,0.69212395,9.785448
758529101265406,-0.28594232,0.6897311,9.797412
758529109958011,-0.27876383,0.68494546,9.795019
758529118650667,-0.29072794,0.6945168,9.804591
758529127343323,-0.29072794,0.68255264,9.725628
758529136035927,-0.27876383,0.67776704,9.869197
758529144728584,-0.30269206,0.6969096,9.708878
758529153421188,-0.29072794,0.67776704,9.840483
758529162113844,-0.2883351,0.6969096,9.735199
758529170806448,-0.27876383,0.6897311,9.818948
758529179499104,-0.2739782,0.6873383,9.76152
758529188191709,-0.28115666,0.6897311,9.859626
758529196884365,-0.2835495,0.7088737,9.701699
758529205576969,-0.29072794,0.6681957,9.840483
758529214269625,-0.2883351,0.69930243,9.732806
758529222962281,-0.28594232,0.68494546,9.821341
758529231654886,-0.2883351,0.68255264,9.790234
758529240347542,-0.30269206,0.6945168,9.77827
758529249040146,-0.28115666,0.6873383,9.828519
758529257732802,-0.29312077,0.69930243,9.74477
758529266425406,-0.28115666,0.6945168,9.806984
758529275118063,-0.2955136,0.6945168,9.76152
758529283810667,-0.28594232,0.68494546,9.814162
758529292503323,-0.30029923,0.6873383,9.771091
758529301195927,-0.29312077,0.68494546,9.790234
758529309888584,-0.2835495,0.6897311,9.771091
758529318581240,-0.2883351,0.6945168,9.787841
758529327273844,-0.28115666,0.68494546,9.773484
758529335966500,-0.2955136,0.68255264,9.797412
758529344659104,-0.2883351,0.69212395,9.780663
758529353351761,-0.2955136,0.6873383,9.804591
758529362044365,-0.29072794,0.6897311,9.790234
758529370737021,-0.2835495,0.6873383,9.773484
758529379429677,-0.2883351,0.6945168,9.787841
758529388122281,-0.28594232,0.6873383,9.759128
758529396814886,-0.28594232,0.6897311,9.814162
758529405507542,-0.29790643,0.6897311,9.76152
758529414200198,-0.2883351,0.6945168,9.816555
758529422892802,-0.27876383,0.6945168,9.775877
758529431585459,-0.28594232,0.69212395,9.790234
758529440278063,-0.2883351,0.6897311,9.773484
758529448970719,-0.28594232,0.6897311,9.792626
758529457663323,-0.29072794,0.68494546,9.783055
758529466355979,-0.2883351,0.68494546,9.785448
758529475048584,-0.30269206,0.69212395,9.785448
758529483741240,-0.29312077,0.68494546,9.802198
758529492433896,-0.2883351,0.6897311,9.768699
758529501126500,-0.2883351,0.6873383,9.775877
758529509819156,-0.28594232,0.6897311,9.799805
758529518511761,-0.28594232,0.6897311,9.771091
758529527204417,-0.28594232,0.67776704,9.802198
758529535897021,-0.2883351,0.6873383,9.763913
758529544589677,-0.29072794,0.69212395,9.780663
758529553282281,-0.29072794,0.6801598,9.792626
758529561974938,-0.28594232,0.6897311,9.768699
758529570667542,-0.2883351,0.68255264,9.780663
758529579360198,-0.29072794,0.6873383,9.77827
758529588052854,-0.29790643,0.6897311,9.787841
758529596745459,-0.29072794,0.68255264,9.787841
758529605438115,-0.28594232,0.6897311,9.773484
758529614130719,-0.28594232,0.68494546,9.790234
758529622823375,-0.28594232,0.69212395,9.795019
758529631515979,-0.2883351,0.6897311,9.785448
758529640208636,-0.2955136,0.69212395,9.787841
758529648901240,-0.29072794,0.68255264,9.780663
758529657593896,-0.2835495,0.6945168,9.787841
758529666286500,-0.27876383,0.6873383,9.799805
758529674979156,-0.2883351,0.68255264,9.775877
758529683671761,-0.2835495,0.6945168,9.783055
758529692364417,-0.2955136,0.6945168,9.785448
758529701057021,-0.29312077,0.6897311,9.792626
758529709749677,-0.2883351,0.6945168,9.773484
758529718442334,-0.2835495,0.6801598,9.802198
758529727134938,-0.30029923,0.69212395,9.751948
758529735827594,-0.2835495,0.68255264,9.806984
758529744520198,-0.28594232,0.6873383,9.759128
758529753212854,-0.29312077,0.67776704,9.787841
758529761905459,-0.29072794,0.69212395,9.792626
758529770598115,-0.29312077,0.69212395,9.768699
758529779290719,-0.28594232,0.68494546,9.792626
758529787983375,-0.30029923,0.6873383,9.771091
758529796675979,-0.29072794,0.6801598,9.795019
758529805368636,-0.29072794,0.69212395,9.775877
758529814061292,-0.2883351,0.68255264,9.783055
758529822753896,-0.2883351,0.68494546,9.783055
758529831446552,-0.28594232,0.68494546,9.77827
758529840139156,-0.2835495,0.6873383,9.795019
758529848831813,-0.29072794,0.6873383,9.780663
758529857524417,-0.29312077,0.68255264,9.780663
758529866217073,-0.2883351,0.69212395,9.773484
758529874909677,-0.29312077,0.6897311,9.802198
758529883602334,-0.29312077,0.6873383,9.783055
758529892294938,-0.2883351,0.6801598,9.785448
758529900987594,-0.2883351,0.6801598,9.77827
758529909680198,-0.2835495,0.6945168,9.797412
758529918372854,-0.29790643,0.6945168,9.775877
758529927065511,-0.29312077,0.68494546,9.799805
758529935758115,-0.29072794,0.69212395,9.77827
758529944450771,-0.28115666,0.6969096,9.792626
758529953143375,-0.28594232,0.69212395,9.780663
758529961836031,-0.29072794,0.69212395,9.792626
758529970528636,-0.29312077,0.6897311,9.775877
758529979221292,-0.29312077,0.68494546,9.806984
758529987913896,-0.29072794,0.6945168,9.77827
758529996606552,-0.28594232,0.6873383,9.792626
758530005299156,-0.2883351,0.69212395,9.775877
758530013991813,-0.29312077,0.69212395,9.77827
758530022684417,-0.29072794,0.68494546,9.785448
758530031377073,-0.28594232,0.6897311,9.797412
758530040069677,-0.28115666,0.68494546,9.783055
758530048762334,-0.29312077,0.68494546,9.787841
758530057454990,-0.2835495,0.68255264,9.77827
758530066147594,-0.2883351,0.6753742,9.780663
758530074840250,-0.29072794,0.6873383,9.775877
758530083532854,-0.29312077,0.6801598,9.785448
758530092225511,-0.29312077,0.68255264,9.797412
758530100918115,-0.2835495,0.6873383,9.790234
758530109610771,-0.29072794,0.69212395,9.792626
758530118303375,-0.28115666,0.69212395,9.77827
758530126996031,-0.2835495,0.6873383,9.785448
758530135688636,-0.29072794,0.68494546,9.77827
758530144381292,-0.28594232,0.6873383,9.783055
758530153073896,-0.28594232,0.6945168,9.802198
758530161766552,-0.29312077,0.69212395,9.797412
758530170459156,-0.27876383,0.6873383,9.790234
758530179151813,-0.28594232,0.6897311,9.783055
758530187844469,-0.2883351,0.68494546,9.783055
758530196537073,-0.2883351,0.6873383,9.780663
758530205229729,-0.29790643,0.68494546,9.780663
758530213922334,-0.29790643,0.68255264,9.790234
758530222614990,-0.2883351,0.6945168,9.809377
758530231307594,-0.2883351,0.68494546,9.785448
758530240000250,-0.2883351,0.6801598,9.773484
758530248692854,-0.28594232,0.68494546,9.773484
758530257385511,-0.2955136,0.6801598,9.775877
758530266078115,-0.2955136,0.6897311,9.797412
758530274770771,-0.2883351,0.68255264,9.785448
758530283463375,-0.27876383,0.6897311,9.799805
758530292156031,-0.28115666,0.6897311,9.773484
758530300848636,-0.2883351,0.6873383,9.780663
758530309541292,-0.2835495,0.6873383,9.783055
758530318233896,-0.29312077,0.69212395,9.783055
758530326926552,-0.29072794,0.6945168,9.785448
758530335619156,-0.29312077,0.68494546,9.802198
758530344311813,-0.2883351,0.6873383,9.77827
758530353004417,-0.2883351,0.6897311,9.787841
758530361697073,-0.2883351,0.6897311,9.783055
758530370389729,-0.2883351,0.6897311,9.783055
758530379082334,-0.29072794,0.6801598,9.795019
758530387774990,-0.29790643,0.6801598,9.795019
758530396467594,-0.2883351,0.68494546,9.797412
758530405160198,-0.29072794,0.69212395,9.783055
758530413852854,-0.2883351,0.6873383,9.775877
758530422545511,-0.2835495,0.68494546,9.771091
758530431238115,-0.29072794,0.6873383,9.792626
758530439930771,-0.2883351,0.6897311,9.766306
758530448623375,-0.28594232,0.69212395,9.806984
758530457316031,-0.29312077,0.69212395,9.783055
758530466008636,-0.28594232,0.6873383,9.795019
758530474701292,-0.27876383,0.68255264,9.783055
758530483393896,-0.2835495,0.68255264,9.775877
758530492086552,-0.29072794,0.68255264,9.790234
758530500779156,-0.2883351,0.6873383,9.775877
758530509471813,-0.2835495,0.6801598,9.797412
758530518164417,-0.28594232,0.6873383,9.785448
758530526857073,-0.2883351,0.6897311,9.787841
758530535549677,-0.29072794,0.6945168,9.790234
758530544242334,-0.29072794,0.67776704,9.787841
758530552934938,-0.2883351,0.68255264,9.780663
758530561627594,-0.29072794,0.68255264,9.785448
758530570320198,-0.30029923,0.69212395,9.804591
758530579012854,-0.29072794,0.68494546,9.773484
758530587705511,-0.29072794,0.6873383,9.809377
758530596398115,-0.28115666,0.68494546,9.766306
758530605090771,-0.28594232,0.69212395,9.792626
758530613783375,-0.2955136,0.68494546,9.756734
758530622476031,-0.28115666,0.68255264,9.799805
758530631168636,-0.30029923,0.6897311,9.792626
758530639861292,-0.2883351,0.6969096,9.787841
758530648553896,-0.29072794,0.6873383,9.809377
758530657246552,-0.29312077,0.6945168,9.735199
758530665939156,-0.27876383,0.6897311,9.814162
758530674631813,-0.30029923,0.68494546,9.732806
758530683324417,-0.29072794,0.6753742,9.828519
758530692017073,-0.30269206,0.6897311,9.759128
758530700709677,-0.28594232,0.6897311,9.802198
758530709402334,-0.2835495,0.6897311,9.785448
758530718094938,-0.2955136,0.6897311,9.785448
758530726787594,-0.2835495,0.6897311,9.790234
758530735480198,-0.2835495,0.6969096,9.783055
758530744172854,-0.29072794,0.6873383,9.790234
758530752865459,-0.2955136,0.6873383,9.773484
758530761558115,-0.2955136,0.6897311,9.802198
758530770250719,-0.2835495,0.6969096,9.77827
758530778943375,-0.29072794,0.68255264,9.780663
758530787635979,-0.2883351,0.68255264,9.771091
758530796328636,-0.29790643,0.67776704,9.780663
758530805021240,-0.29312077,0.6873383,9.804591
758530813713896,-0.29312077,0.6873383,9.773484
758530822406500,-0.28115666,0.6873383,9.799805
758530831099156,-0.29072794,0.6945168,9.763913
758530839791761,-0.2835495,0.68494546,9.792626
758530848484417,-0.28594232,0.68494546,9.77827
758530857177021,-0.2883351,0.68494546,9.785448
758530865869677,-0.28594232,0.6945168,9.780663
758530874562281,-0.29790643,0.69212395,9.823733
758530883254938,-0.276371,0.6801598,9.756734
758530891947542,-0.28115666,0.6897311,9.823733
758530900640198,-0.29072794,0.6969096,9.730413
758530909332802,-0.2835495,0.6801598,9.8117695
758530918025459,-0.30029923,0.6969096,9.802198
758530926718063,-0.29312077,0.68255264,9.730413
758530935410719,-0.2883351,0.68255264,9.845269
758530944103323,-0.30269206,0.6897311,9.728021
758530952795979,-0.28115666,0.6873383,9.840483
758530961488584,-0.29312077,0.68494546,9.728021
758530970181240,-0.28594232,0.69212395,9.804591
758530978873844,-0.2955136,0.69212395,9.773484
758530987566500,-0.29312077,0.69212395,9.809377
758530996259104,-0.2883351,0.6945168,9.797412
758531004951761,-0.30029923,0.69212395,9.792626
758531013644417,-0.2835495,0.6969096,9.766306
758531022337021,-0.28594232,0.68494546,9.823733
758531031029625,-0.276371,0.6873383,9.763913
758531039722281,-0.2835495,0.68494546,9.809377
758531048414886,-0.2883351,0.6897311,9.763913
758531057107542,-0.2883351,0.68255264,9.816555
758531065800198,-0.29072794,0.6873383,9.749556
758531074492802,-0.29072794,0.68494546,9.806984
758531083185459,-0.28594232,0.69212395,9.768699
758531091878063,-0.2835495,0.68255264,9.816555
758531100570667,-0.28594232,0.6897311,9.76152
758531109263323,-0.29072794,0.6801598,9.797412
758531117955927,-0.29312077,0.6945168,9.775877
758531126648584,-0.28115666,0.6897311,9.814162
758531135341240,-0.2835495,0.6945168,9.77827
758531144033844,-0.28594232,0.6873383,9.785448
758531152726500,-0.28594232,0.6897311,9.77827
758531161419104,-0.2955136,0.68255264,9.775877
758531170111709,-0.29072794,0.6873383,9.797412
758531178804365,-0.2955136,0.68255264,9.790234
758531187497021,-0.2883351,0.6873383,9.780663
758531196189625,-0.28594232,0.6873383,9.790234
758531204882281,-0.2835495,0.69212395,9.766306
758531213574886,-0.28594232,0.68494546,9.787841
758531222267542,-0.2883351,0.6801598,9.77827
758531230960146,-0.29312077,0.68255264,9.773484
758531239652750,-0.2955136,0.69212395,9.792626
758531248345406,-0.29790643,0.6945168,9.790234
758531257038011,-0.28115666,0.69212395,9.814162
758531265730667,-0.2835495,0.6801598,9.768699
758531274423271,-0.2835495,0.68255264,9.77827
758531283115927,-0.29072794,0.6873383,9.787841
758531291808531,-0.2883351,0.6897311,9.795019
758531300501188,-0.2955136,0.6873383,9.795019
758531309193792,-0.2883351,0.6897311,9.792626
758531317886448,-0.2835495,0.69212395,9.785448
758531326579104,-0.28115666,0.68494546,9.802198
758531335271709,-0.29312077,0.68494546,9.759128
758531343964365,-0.29072794,0.69212395,9.790234
758531352656969,-0.29312077,0.68494546,9.787841
758531361349573,-0.2835495,0.6897311,9.783055
758531370042229,-0.2835495,0.69212395,9.780663
758531378734834,-0.29312077,0.69212395,9.792626
758531387427490,-0.29312077,0.6897311,9.780663
758531396120094,-0.2883351,0.68494546,9.799805
758531404812750,-0.29072794,0.68494546,9.771091
758531413505354,-0.28115666,0.69212395,9.797412
758531422198011,-0.29312077,0.68494546,9.77827
758531430890615,-0.29790643,0.6873383,9.790234
758531439583271,-0.28594232,0.6945168,9.802198
758531448275875,-0.2835495,0.68494546,9.773484
758531456968531,-0.28594232,0.69212395,9.790234
758531465661136,-0.2955136,0.68494546,9.780663
758531474353792,-0.2955136,0.6897311,9.773484
758531483046396,-0.28594232,0.68255264,9.792626
758531491739052,-0.28594232,0.6897311,9.795019
758531500431656,-0.28594232,0.69212395,9.795019
758531509124313,-0.29072794,0.6897311,9.780663
758531517816917,-0.28594232,0.6945168,9.785448
758531526509573,-0.29072794,0.6873383,9.775877
758531535202177,-0.29790643,0.6873383,9.77827
758531543894834,-0.30029923,0.69212395,9.785448
758531552587438,-0.2883351,0.6897311,9.795019
758531561280094,-0.27876383,0.69212395,9.790234
758531569972698,-0.29072794,0.69212395,9.77827
758531578665354,-0.2835495,0.6945168,9.787841
758531587357959,-0.2883351,0.68255264,9.780663
758531596050615,-0.29312077,0.68255264,9.787841
758531604743219,-0.29072794,0.68494546,9.795019
758531613435875,-0.2835495,0.69212395,9.790234
758531622128479,-0.29312077,0.69212395,9.787841
758531630821136,-0.29072794,0.6873383,9.768699
758531639513740,-0.2883351,0.68255264,9.787841
758531648206396,-0.29312077,0.6873383,9.77827
758531656899000,-0.30029923,0.6945168,9.785448
758531665591656,-0.2883351,0.6897311,9.799805
758531674284261,-0.29312077,0.6945168,9.785448
758531682976917,-0.28115666,0.67776704,9.799805
758531691669521,-0.28594232,0.68494546,9.785448
758531700362177,-0.2835495,0.69212395,9.785448
758531709054781,-0.2835495,0.68494546,9.77827
758531717747438,-0.29312077,0.6873383,9.787841
758531726440042,-0.29072794,0.6969096,9.775877
758531735132698,-0.2955136,0.68494546,9.792626
758531743825302,-0.29790643,0.6873383,9.763913
758531752517959,-0.2883351,0.68494546,9.804591
758531761210563,-0.29312077,0.69212395,9.773484
758531769903167,-0.29072794,0.68255264,9.787841
758531778595823,-0.29312077,0.68494546,9.790234
758531787288479,-0.28115666,0.69212395,9.771091
758531795981084,-0.2883351,0.68494546,9.797412
758531804673740,-0.2955136,0.6873383,9.768699
758531813366344,-0.2955136,0.6897311,9.804591
758531822058948,-0.30029923,0.6945168,9.783055
758531830751604,-0.29072794,0.68255264,9.799805
758531839444209,-0.28594232,0.6897311,9.780663
758531848136865,-0.2883351,0.6897311,9.790234
758531856829469,-0.28594232,0.6897311,9.771091
758531865522125,-0.29072794,0.68494546,9.768699
758531874214729,-0.29072794,0.6873383,9.797412
758531882907386,-0.28594232,0.69212395,9.790234
758531891599990,-0.29072794,0.69212395,9.77827
758531900292646,-0.2835495,0.69212395,9.773484
758531908985250,-0.28594232,0.6945168,9.792626
758531917677906,-0.29312077,0.68255264,9.768699
758531926370511,-0.29072794,0.67776704,9.790234
758531935063167,-0.28594232,0.68494546,9.785448
758531943755771,-0.2883351,0.68494546,9.795019
758531952448427,-0.29072794,0.6969096,9.792626
758531961141031,-0.29072794,0.6873383,9.783055
758531969833688,-0.2883351,0.6969096,9.775877
758531978526292,-0.2883351,0.68494546,9.797412
758531987218948,-0.2835495,0.6873383,9.790234
758531995911552,-0.28594232,0.6945168,9.790234
758532004604209,-0.29312077,0.68255264,9.783055
758532013296813,-0.29072794,0.6873383,9.795019
758532021989417,-0.2955136,0.69212395,9.785448
758532030682073,-0.2883351,0.6873383,9.780663
758532039374677,-0.29072794,0.68494546,9.785448
758532048067334,-0.29312077,0.69212395,9.792626
758532056759938,-0.29072794,0.6873383,9.795019
758532065452594,-0.28594232,0.6897311,9.790234
758532074145198,-0.2883351,0.6873383,9.787841
758532082837854,-0.29312077,0.6873383,9.780663
758532091530459,-0.2883351,0.6873383,9.790234
758532100223115,-0.2883351,0.68494546,9.768699
758532108915719,-0.2835495,0.6873383,9.804591
758532117608375,-0.30029923,0.6801598,9.783055
758532126300979,-0.2883351,0.68494546,9.802198
758532134993636,-0.29312077,0.6897311,9.771091
758532143686240,-0.29072794,0.68255264,9.77827
758532152378896,-0.29312077,0.68494546,9.792626
758532161071500,-0.2883351,0.6945168,9.792626
758532169764156,-0.29072794,0.6873383,9.785448
758532178456761,-0.29072794,0.68494546,9.77827
758532187149417,-0.29072794,0.6753742,9.795019
758532195842021,-0.29312077,0.6801598,9.783055
758532204534677,-0.28594232,0.67776704,9.797412
758532213227281,-0.2883351,0.68494546,9.77827
758532221919938,-0.29072794,0.68494546,9.787841
758532230612542,-0.29790643,0.6897311,9.773484
758532239305146,-0.2955136,0.69212395,9.77827
758532247997802,-0.30029923,0.6801598,9.783055
758532256690406,-0.2883351,0.69212395,9.787841
758532265383063,-0.29072794,0.69212395,9.775877
758532274075667,-0.2883351,0.6897311,9.790234
758532282768323,-0.29312077,0.68494546,9.766306
758532291460927,-0.2883351,0.68494546,9.780663
758532300153584,-0.29312077,0.6897311,9.783055
758532308846188,-0.29312077,0.68494546,9.795019
758532317538844,-0.28594232,0.6801598,9.792626
758532326231448,-0.30029923,0.69212395,9.787841
758532334924104,-0.29312077,0.68255264,9.787841
758532343616709,-0.29072794,0.68494546,9.775877
758532352309365,-0.2883351,0.68494546,9.785448
758532361001969,-0.29312077,0.68494546,9.771091
758532369694625,-0.29312077,0.6801598,9.790234
758532378387229,-0.2955136,0.68494546,9.797412
758532387079886,-0.29312077,0.69212395,9.792626
758532395772490,-0.2835495,0.6801598,9.787841
758532404465094,-0.2835495,0.6873383,9.787841
758532413157750,-0.29072794,0.6873383,9.785448
758532421850354,-0.29312077,0.69212395,9.783055
758532430543011,-0.29312077,0.68494546,9.790234
758532439235615,-0.2955136,0.6897311,9.787841
758532447928271,-0.2883351,0.68255264,9.773484
758532456620875,-0.29312077,0.69212395,9.787841
758532465313531,-0.30029923,0.68255264,9.783055
758532474006136,-0.2883351,0.68255264,9.763913
758532482698792,-0.29072794,0.6801598,9.77827
758532491391396,-0.2955136,0.6801598,9.773484
758532500084000,-0.29312077,0.68255264,9.780663
758532508776656,-0.29312077,0.69212395,9.787841
758532517469313,-0.2883351,0.6969096,9.792626
758532526161917,-0.28115666,0.6969096,9.802198
758532534854521,-0.28594232,0.6897311,9.775877
758532543547177,-0.28594232,0.6945168,9.804591
758532552239781,-0.2955136,0.6897311,9.773484
758532560932438,-0.2955136,0.6873383,9.797412
758532569625042,-0.29072794,0.68494546,9.785448
758532578317698,-0.29312077,0.68494546,9.780663
758532587010302,-0.28594232,0.6801598,9.77827
758532595702959,-0.2955136,0.6897311,9.780663
758532604395563,-0.28594232,0.6873383,9.77827
758532613088219,-0.30269206,0.68494546,9.775877
758532621780823,-0.29312077,0.6873383,9.799805
758532630473479,-0.29790643,0.6801598,9.77827
758532639166084,-0.2955136,0.68255264,9.802198
758532647858688,-0.29312077,0.68494546,9.783055
758532656551344,-0.29072794,0.6969096,9.787841
758532665244000,-0.2835495,0.6897311,9.787841
758532673936604,-0.28594232,0.69212395,9.787841
758532682629209,-0.29072794,0.68494546,9.790234
758532691321865,-0.29312077,0.6873383,9.783055
758532700014469,-0.2883351,0.69212395,9.780663
758532708707125,-0.30269206,0.6945168,9.790234
758532717399729,-0.2955136,0.6873383,9.790234
758532726092334,-0.2883351,0.6897311,9.790234
758532734784990,-0.2883351,0.69212395,9.785448
758532743477646,-0.2883351,0.69212395,9.768699
758532752170250,-0.2883351,0.6897311,9.785448
758532760862906,-0.29072794,0.68494546,9.775877
758532769555511,-0.28594232,0.68494546,9.773484
758532778248115,-0.29312077,0.6945168,9.780663
758532786940771,-0.29312077,0.68255264,9.77827
758532795633375,-0.2835495,0.6801598,9.792626
758532804326031,-0.28594232,0.68255264,9.787841
758532813018636,-0.29072794,0.6801598,9.783055
758532821711292,-0.28594232,0.6897311,9.795019
758532830403896,-0.29312077,0.69212395,9.775877
758532839096552,-0.29790643,0.6969096,9.792626
758532847789156,-0.2955136,0.6897311,9.775877
758532856481813,-0.2955136,0.68255264,9.783055
758532865174417,-0.2883351,0.67776704,9.792626
758532873867073,-0.29312077,0.6873383,9.775877
758532882559677,-0.2883351,0.6897311,9.787841
758532891252281,-0.2883351,0.70169526,9.790234
758532899944938,-0.29312077,0.69212395,9.799805
758532908637542,-0.276371,0.6897311,9.792626
758532917330198,-0.2883351,0.67776704,9.766306
758532926022802,-0.28594232,0.6801598,9.790234
758532934715459,-0.2955136,0.6801598,9.787841
758532943408063,-0.2883351,0.6969096,9.792626
758532952100719,-0.28594232,0.6969096,9.806984
758532960793323,-0.28594232,0.6945168,9.77827
758532969485979,-0.27876383,0.6945168,9.790234
758532978178584,-0.28115666,0.69212395,9.771091
758532986871188,-0.29790643,0.68494546,9.780663
758532995563844,-0.29790643,0.67776704,9.790234
758533004256448,-0.29312077,0.6801598,9.797412
758533012949104,-0.29072794,0.68494546,9.790234
758533021641709,-0.2883351,0.6873383,9.783055
758533030334365,-0.28115666,0.6969096,9.766306
758533039026969,-0.28594232,0.68494546,9.783055
758533047719625,-0.29072794,0.6729814,9.785448
758533056412229,-0.28594232,0.69212395,9.797412
758533065104834,-0.2883351,0.6873383,9.799805
758533073797490,-0.29312077,0.6873383,9.785448
758533082490094,-0.2883351,0.6873383,9.768699
758533091182750,-0.2883351,0.6873383,9.780663
758533099875354,-0.2883351,0.6897311,9.775877
758533108568011,-0.29072794,0.6945168,9.790234
758533117260615,-0.2883351,0.67776704,9.785448
758533125953271,-0.2883351,0.6897311,9.780663
758533134645875,-0.29072794,0.6945168,9.77827
758533143338531,-0.29072794,0.69212395,9.787841
758533152031136,-0.2835495,0.68494546,9.787841
758533160723792,-0.2955136,0.68255264,9.785448
758533169416396,-0.28594232,0.6873383,9.783055
758533178109000,-0.2883351,0.68494546,9.787841
758533186801656,-0.2883351,0.6873383,9.780663
758533195494261,-0.2835495,0.69212395,9.787841
758533204186917,-0.2883351,0.68494546,9.771091
758533212879521,-0.2835495,0.6873383,9.775877
758533221572177,-0.28594232,0.68494546,9.775877
758533230264781,-0.29072794,0.6897311,9.792626
758533238957438,-0.29072794,0.6897311,9.773484
758533247650042,-0.2955136,0.68255264,9.783055
758533256342698,-0.29072794,0.68494546,9.780663
758533265035302,-0.29072794,0.68494546,9.797412
758533273727959,-0.2835495,0.6873383,9.771091
758533282420563,-0.29312077,0.6801598,9.787841
758533291113219,-0.2883351,0.6897311,9.766306
758533299805823,-0.29072794,0.6897311,9.785448
758533308498427,-0.2835495,0.69212395,9.783055
758533317191084,-0.28594232,0.68494546,9.785448
758533325883688,-0.28115666,0.6897311,9.787841
758533334576344,-0.28594232,0.69212395,9.785448
758533343268948,-0.2883351,0.68494546,9.771091
758533351961604,-0.30029923,0.68255264,9.787841
758533360654209,-0.2883351,0.6945168,9.787841
758533369346865,-0.2835495,0.6897311,9.795019
758533378039469,-0.2883351,0.6897311,9.77827
758533386732125,-0.28594232,0.6945168,9.787841
758533395424729,-0.2835495,0.67776704,9.787841
758533404117386,-0.2883351,0.69212395,9.783055
758533412809990,-0.29072794,0.6897311,9.780663
758533421502646,-0.29072794,0.69930243,9.795019
758533430195250,-0.29072794,0.68494546,9.795019
758533438887906,-0.2835495,0.6873383,9.780663
758533447580511,-0.28594232,0.68255264,9.771091
758533456273167,-0.28594232,0.6873383,9.773484
758533464965771,-0.2883351,0.69212395,9.799805
758533473658375,-0.2955136,0.6873383,9.797412
758533482351031,-0.29072794,0.68255264,9.792626
758533491043636,-0.2835495,0.6945168,9.795019
758533499736292,-0.29072794,0.6897311,9.763913
758533508428896,-0.28115666,0.6897311,9.771091
758533517121552,-0.28594232,0.6969096,9.771091
758533525814156,-0.28594232,0.6897311,9.797412
758533534506813,-0.29072794,0.68494546,9.795019
758533543199417,-0.2955136,0.6873383,9.792626
758533551892073,-0.28594232,0.69212395,9.771091
758533560584677,-0.29072794,0.69212395,9.766306
758533569277334,-0.28115666,0.6873383,9.771091
758533577969938,-0.2835495,0.68494546,9.775877
758533586662594,-0.29790643,0.6897311,9.799805
758533595355198,-0.29072794,0.69212395,9.785448
758533604047854,-0.29312077,0.6873383,9.799805
758533612740459,-0.29072794,0.6873383,9.77827
758533621433115,-0.2835495,0.6897311,9.802198
758533630125719,-0.28115666,0.68255264,9.768699
758533638818375,-0.2883351,0.6897311,9.792626
758533647510979,-0.29072794,0.69212395,9.775877
758533656203636,-0.29312077,0.6873383,9.795019
758533664896240,-0.29312077,0.6801598,9.783055
758533673588896,-0.29312077,0.68494546,9.775877
758533682281500,-0.28594232,0.6873383,9.787841
758533690974156,-0.28115666,0.69212395,9.783055
758533699666761,-0.29072794,0.6897311,9.785448
758533708359417,-0.29312077,0.68494546,9.787841
758533717052021,-0.28594232,0.68494546,9.77827
758533725744677,-0.30029923,0.6873383,9.792626
758533734437281,-0.2883351,0.68494546,9.77827
758533743129938,-0.2835495,0.68494546,9.77827
758533751822542,-0.2835495,0.68255264,9.790234
758533760515198,-0.29072794,0.68494546,9.77827
758533769207802,-0.28594232,0.69212395,9.773484
758533777900459,-0.29072794,0.6897311,9.804591
758533786593063,-0.29790643,0.6897311,9.771091
758533795285719,-0.28594232,0.70169526,9.795019
758533803978323,-0.28115666,0.70169526,9.780663
758533812670979,-0.28115666,0.6873383,9.773484
758533821363584,-0.2835495,0.6801598,9.790234
758533830056240,-0.2883351,0.68494546,9.775877
758533838748844,-0.29072794,0.6873383,9.795019
758533847441500,-0.2883351,0.69212395,9.783055
758533856134104,-0.28115666,0.6873383,9.790234
758533864826761,-0.29312077,0.6897311,9.787841
758533873519365,-0.29072794,0.6873383,9.775877
758533882212021,-0.29072794,0.6873383,9.783055
758533890904625,-0.29312077,0.68255264,9.785448
758533899597281,-0.29072794,0.6969096,9.780663
758533908289886,-0.2883351,0.6897311,9.797412
758533916982542,-0.2835495,0.68255264,9.783055
758533925675146,-0.2835495,0.6945168,9.77827
758533934367802,-0.29072794,0.6873383,9.780663
758533943060406,-0.29312077,0.68255264,9.780663
758533951753063,-0.29072794,0.6897311,9.802198
758533960445667,-0.29312077,0.6945168,9.790234
758533969138323,-0.28594232,0.6897311,9.787841
758533977830927,-0.2835495,0.6945168,9.785448
758533986523584,-0.2835495,0.68494546,9.77827
758533995216188,-0.2883351,0.6873383,9.780663
758534003908844,-0.29072794,0.69212395,9.792626
758534012601448,-0.29312077,0.6945168,9.792626
758534021294104,-0.28594232,0.6897311,9.795019
758534029986709,-0.28594232,0.6969096,9.785448
758534038679365,-0.2955136,0.68255264,9.77827
758534047371969,-0.2883351,0.67776704,9.785448
758534056064625,-0.29790643,0.6873383,9.787841
758534064757229,-0.2883351,0.6801598,9.790234
758534073449886,-0.29072794,0.69930243,9.795019
758534082142490,-0.2883351,0.68494546,9.77827
758534090835146,-0.29072794,0.69212395,9.792626
758534099527750,-0.29072794,0.6873383,9.771091
758534108220406,-0.2883351,0.6897311,9.790234
758534116913011,-0.2955136,0.67776704,9.783055
758534125605667,-0.29312077,0.6873383,9.783055
758534134298271,-0.29072794,0.6945168,9.790234
758534142990927,-0.28594232,0.6969096,9.799805
758534151683531,-0.2883351,0.69212395,9.783055
758534160376188,-0.2835495,0.68255264,9.77827
758534169068792,-0.2835495,0.6897311,9.77827
758534177761448,-0.29312077,0.6897311,9.780663
758534186454052,-0.29072794,0.6897311,9.785448
758534195146709,-0.29790643,0.69212395,9.792626
758534203839313,-0.2835495,0.6873383,9.792626
758534212531969,-0.2835495,0.68494546,9.785448
758534221224573,-0.2835495,0.68255264,9.775877
758534229917229,-0.2835495,0.68494546,9.775877
758534238609834,-0.29072794,0.6897311,9.775877
758534247302490,-0.2835495,0.6873383,9.799805
758534255995094,-0.2883351,0.6897311,9.790234
758534264687750,-0.28115666,0.6897311,9.790234
758534273380354,-0.276371,0.6873383,9.775877
758534282073011,-0.28594232,0.67776704,9.775877
758534290765615,-0.2955136,0.68494546,9.77827
758534299458271,-0.30029923,0.6897311,9.799805
758534308150875,-0.29312077,0.67776704,9.783055
758534316843531,-0.29312077,0.68494546,9.795019
758534325536136,-0.2835495,0.68255264,9.77827
758534334228792,-0.28594232,0.6873383,9.785448
758534342921396,-0.2883351,0.6873383,9.780663
758534351614052,-0.29312077,0.6873383,9.785448
758534360306656,-0.2955136,0.6873383,9.790234
758534368999313,-0.2883351,0.6945168,9.787841
758534377691917,-0.2835495,0.69212395,9.795019
758534386384573,-0.2883351,0.6897311,9.780663
758534395077177,-0.28115666,0.68494546,9.775877
758534403769834,-0.29072794,0.6897311,9.785448
758534412462438,-0.28594232,0.6873383,9.790234
758534421155094,-0.2883351,0.6945168,9.785448
758534429847698,-0.2883351,0.6945168,9.795019
758534438540354,-0.29072794,0.6873383,9.773484
758534447232959,-0.28115666,0.6873383,9.773484
758534455925615,-0.2883351,0.68255264,9.773484
758534464618219,-0.28594232,0.6897311,9.797412
758534473310875,-0.2883351,0.6945168,9.787841
758534482003479,-0.2883351,0.6945168,9.795019
758534490696136,-0.2883351,0.68494546,9.787841
758534499388792,-0.28594232,0.68494546,9.792626
758534508081396,-0.2883351,0.6897311,9.783055
758534516774000,-0.29312077,0.68255264,9.773484
758534525466656,-0.2835495,0.6945168,9.771091
758534534159261,-0.28115666,0.69212395,9.795019
758534542851917,-0.28594232,0.6945168,9.792626
758534551544521,-0.2835495,0.6873383,9.780663
758534560237177,-0.2883351,0.6897311,9.783055
758534568929781,-0.29072794,0.68494546,9.783055
758534577622438,-0.2883351,0.6873383,9.785448
758534586315042,-0.29072794,0.6969096,9.799805
758534595007698,-0.2955136,0.6945168,9.795019
758534603700302,-0.28594232,0.69212395,9.795019
758534612392959,-0.2835495,0.6897311,9.783055
758534621085563,-0.29072794,0.67776704,9.775877
758534629778219,-0.2883351,0.68494546,9.77827
758534638470823,-0.30029923,0.68494546,9.790234
758534647163479,-0.29072794,0.68494546,9.785448
758534655856084,-0.2883351,0.70169526,9.797412
758534664548740,-0.28594232,0.68255264,9.780663
758534673241344,-0.28115666,0.68494546,9.77827
758534681934000,-0.28594232,0.68494546,9.766306
758534690626604,-0.29072794,0.68494546,9.785448
758534699319261,-0.28594232,0.6897311,9.785448
758534708011865,-0.2955136,0.69212395,9.792626
758534716704521,-0.27876383,0.6945168,9.783055
758534725397125,-0.28594232,0.6873383,9.783055
758534734089781,-0.276371,0.6801598,9.768699
758534742782386,-0.28594232,0.6897311,9.773484
758534751475042,-0.29790643,0.6897311,9.783055
758534760167646,-0.29790643,0.6873383,9.790234
758534768860302,-0.2835495,0.69212395,9.797412
758534777552906,-0.2739782,0.6897311,9.77827
758534786245563,-0.2835495,0.6873383,9.771091
758534794938167,-0.29072794,0.68494546,9.771091
758534803630823,-0.29312077,0.68494546,9.783055
758534812323427,-0.29312077,0.69930243,9.785448
758534821016084,-0.2955136,0.69212395,9.785448
758534829708688,-0.29072794,0.6945168,9.783055
758534838401344,-0.28594232,0.6873383,9.785448
758534847093948,-0.29072794,0.69212395,9.771091
758534855786604,-0.28594232,0.68494546,9.77827
758534864479209,-0.2883351,0.68255264,9.785448
758534873171865,-0.29312077,0.6873383,9.77827
758534881864469,-0.29072794,0.6969096,9.797412
758534890557125,-0.29072794,0.6873383,9.787841
758534899249729,-0.2835495,0.6873383,9.787841
758534907942386,-0.28115666,0.6801598,9.76152
758534916634990,-0.29072794,0.68255264,9.771091
758534925327646,-0.29072794,0.6897311,9.785448
758534934020250,-0.2883351,0.6873383,9.795019
758534942712906,-0.2883351,0.6873383,9.780663
758534951405511,-0.2835495,0.6969096,9.77827
758534960098167,-0.29072794,0.68494546,9.775877
758534968790771,-0.29072794,0.6801598,9.780663
758534977483427,-0.29312077,0.6897311,9.775877
758534986176031,-0.29312077,0.68494546,9.780663
758534994868688,-0.28594232,0.6897311,9.795019
758535003561292,-0.2883351,0.6897311,9.77827
758535012253948,-0.2883351,0.68494546,9.773484
758535020946552,-0.2883351,0.68494546,9.773484
758535029639209,-0.2883351,0.6897311,9.775877
758535038331813,-0.2955136,0.69212395,9.785448
758535047024469,-0.2835495,0.69930243,9.795019
758535055717073,-0.29072794,0.68255264,9.775877
758535064409729,-0.28594232,0.6873383,9.787841
758535073102334,-0.2883351,0.6897311,9.780663
758535081794990,-0.29312077,0.6801598,9.783055
758535090487594,-0.28115666,0.6873383,9.783055
758535099180250,-0.2955136,0.6873383,9.773484
758535107872854,-0.29072794,0.6897311,9.787841
758535116565511,-0.28594232,0.68494546,9.773484
758535125258167,-0.29312077,0.6897311,9.792626
758535133950771,-0.29072794,0.6969096,9.787841
758535142643427,-0.29072794,0.6873383,9.790234
758535151336031,-0.28115666,0.68494546,9.780663
758535160028688,-0.29312077,0.68494546,9.785448
758535168721292,-0.2835495,0.6801598,9.785448
758535177413948,-0.2835495,0.6945168,9.787841
758535186106552,-0.28594232,0.6897311,9.787841
758535194799209,-0.29312077,0.68494546,9.790234
758535203491813,-0.29072794,0.6897311,9.77827
758535212184469,-0.2883351,0.6801598,9.77827
758535220877073,-0.28115666,0.6873383,9.787841
758535229569729,-0.2955136,0.68494546,9.780663
758535238262334,-0.2883351,0.6945168,9.790234
758535246954990,-0.2955136,0.69212395,9.780663
758535255647646,-0.2883351,0.6897311,9.780663
758535264340250,-0.28594232,0.69212395,9.780663
758535273032906,-0.29072794,0.68255264,9.775877
758535281725511,-0.29072794,0.68494546,9.785448
758535290418167,-0.2955136,0.68494546,9.783055
758535299110771,-0.29072794,0.6873383,9.790234
758535307803427,-0.29072794,0.6873383,9.783055
758535316496031,-0.2955136,0.6897311,9.785448
758535325188688,-0.28594232,0.6897311,9.783055
758535333881292,-0.29072794,0.68494546,9.783055
758535342573948,-0.2883351,0.68255264,9.773484
758535351266552,-0.29072794,0.6897311,9.792626
758535359959209,-0.29072794,0.69212395,9.787841
758535368651865,-0.28115666,0.6897311,9.787841
758535377344469,-0.29312077,0.6945168,9.797412
758535386037125,-0.29072794,0.68255264,9.768699
758535394729729,-0.2883351,0.6945168,9.790234
758535403422386,-0.29312077,0.6873383,9.77827
758535412114990,-0.28594232,0.69212395,9.785448
758535420807646,-0.2883351,0.69212395,9.790234
758535429500250,-0.2883351,0.68494546,9.785448
758535438192906,-0.28594232,0.6897311,9.768699
758535446885511,-0.2883351,0.6897311,9.783055
758535455578167,-0.29072794,0.6753742,9.773484
758535464270823,-0.28594232,0.6897311,9.797412
758535472963427,-0.28594232,0.6873383,9.773484
758535481656084,-0.28594232,0.6897311,9.797412
758535490348688,-0.29072794,0.6945168,9.77827
758535499041344,-0.28594232,0.6897311,9.773484
758535507733948,-0.2835495,0.6873383,9.783055
758535516426604,-0.2955136,0.69212395,9.787841
758535525119209,-0.29072794,0.6897311,9.795019
758535533811865,-0.2835495,0.70169526,9.792626
758535542504521,-0.28115666,0.6873383,9.768699
758535551197125,-0.2835495,0.69212395,9.790234
758535559889781,-0.2883351,0.6801598,9.775877
758535568582386,-0.29072794,0.69212395,9.795019
758535577275042,-0.2955136,0.6969096,9.780663
758535585967646,-0.2883351,0.69212395,9.787841
758535594660302,-0.28115666,0.6945168,9.785448
758535603352906,-0.2883351,0.6945168,9.785448
758535612045563,-0.29072794,0.68255264,9.780663
758535620738219,-0.2955136,0.6945168,9.787841
758535629430823,-0.29072794,0.69212395,9.77827
758535638123479,-0.29312077,0.6897311,9.785448
758535646816084,-0.2955136,0.68255264,9.775877
758535655508740,-0.2835495,0.6897311,9.787841
758535664201344,-0.28594232,0.6897311,9.795019
758535672894000,-0.29312077,0.6897311,9.77827
758535681586656,-0.29312077,0.6897311,9.785448
758535690279261,-0.29072794,0.69212395,9.783055
758535698971917,-0.2955136,0.6897311,9.77827
758535707664521,-0.2883351,0.68494546,9.787841
758535716357177,-0.2835495,0.6897311,9.783055
758535725049781,-0.2883351,0.6801598,9.77827
758535733742438,-0.2835495,0.69212395,9.787841
758535742435042,-0.2883351,0.68494546,9.773484
758535751127698,-0.2883351,0.68255264,9.790234
758535759820354,-0.28594232,0.6873383,9.785448
758535768512959,-0.29072794,0.6897311,9.780663
758535777205615,-0.2883351,0.69212395,9.792626
758535785898219,-0.2883351,0.68494546,9.763913
758535794590875,-0.2883351,0.6945168,9.783055
758535803283479,-0.2955136,0.6873383,9.783055
758535811976136,-0.28594232,0.6897311,9.783055
758535820668792,-0.29072794,0.6897311,9.795019
758535829361396,-0.29072794,0.69212395,9.785448
758535838054052,-0.28594232,0.68494546,9.783055
758535846746656,-0.2835495,0.6945168,9.771091
758535855439313,-0.28594232,0.6873383,9.77827
758535864131917,-0.29072794,0.6873383,9.787841
758535872824573,-0.29072794,0.69212395,9.785448
758535881517177,-0.2883351,0.6897311,9.787841
758535890209834,-0.2883351,0.69212395,9.790234
758535898902438,-0.2835495,0.6873383,9.783055
758535907595094,-0.28115666,0.6897311,9.787841
758535916287750,-0.2835495,0.6897311,9.77827
758535924980354,-0.2835495,0.6969096,9.795019
758535933673011,-0.2883351,0.68494546,9.77827
758535942365615,-0.29312077,0.6873383,9.787841
758535951058271,-0.28594232,0.6897311,9.77827
758535959750875,-0.29072794,0.6873383,9.797412
758535968443531,-0.2835495,0.68494546,9.77827
758535977136188,-0.28594232,0.6945168,9.785448
758535985828792,-0.29072794,0.69212395,9.783055
758535994521448,-0.2883351,0.6873383,9.783055
758536003214052,-0.2883351,0.6729814,9.783055
758536011906709,-0.30029923,0.68494546,9.780663
758536020599313,-0.2883351,0.69930243,9.799805
758536029291969,-0.29072794,0.6873383,9.785448
758536037984625,-0.29072794,0.6969096,9.783055
758536046677229,-0.28594232,0.68494546,9.780663
758536055369886,-0.28115666,0.68494546,9.783055
758536064062490,-0.29312077,0.68255264,9.785448
758536072755146,-0.29072794,0.6897311,9.785448
758536081447750,-0.30029923,0.6897311,9.795019
758536090140406,-0.29072794,0.68255264,9.783055
758536098833011,-0.2883351,0.6945168,9.792626
758536107525667,-0.28594232,0.6873383,9.771091
758536116218323,-0.2883351,0.6873383,9.787841
758536124910927,-0.2883351,0.6801598,9.766306
758536133603584,-0.29072794,0.6873383,9.802198
758536142296188,-0.29072794,0.68255264,9.790234
758536150988844,-0.2883351,0.69212395,9.785448
758536159681448,-0.28115666,0.68255264,9.785448
758536168374104,-0.29312077,0.69212395,9.775877
758536177066761,-0.2835495,0.6897311,9.775877
758536185759365,-0.29312077,0.6897311,9.787841
758536194451969,-0.2955136,0.68494546,9.783055
758536203144625,-0.2955136,0.6873383,9.799805
758536211837281,-0.28594232,0.68494546,9.797412
758536220529886,-0.28594232,0.68494546,9.780663
758536229222542,-0.28594232,0.68494546,9.780663
758536237915146,-0.29790643,0.6897311,9.759128
758536246607802,-0.2883351,0.6969096,9.797412
758536255300459,-0.28115666,0.69930243,9.799805
758536263993063,-0.2835495,0.6873383,9.785448
758536272685719,-0.28594232,0.6873383,9.790234
758536281378323,-0.28115666,0.6897311,9.773484
758536290070979,-0.28594232,0.6873383,9.780663
758536298763584,-0.2883351,0.6897311,9.77827
758536307456240,-0.29072794,0.6969096,9.790234
758536316148844,-0.29312077,0.6945168,9.787841
758536324841500,-0.2883351,0.67776704,9.790234
758536333534156,-0.2835495,0.6897311,9.785448
758536342226761,-0.29312077,0.6945168,9.785448
758536350919417,-0.2883351,0.6873383,9.783055
758536359612021,-0.2883351,0.6897311,9.790234
758536368304677,-0.29072794,0.6969096,9.783055
758536376997281,-0.27876383,0.68494546,9.797412
758536385689938,-0.29072794,0.68255264,9.792626
758536394382542,-0.28594232,0.6897311,9.783055
758536403075198,-0.2883351,0.68494546,9.783055
758536411767854,-0.29312077,0.69212395,9.783055
758536420460459,-0.2883351,0.6945168,9.792626
758536429153115,-0.29072794,0.6873383,9.785448
758536437845719,-0.28594232,0.69212395,9.790234
758536446538375,-0.2883351,0.69930243,9.783055
758536455230979,-0.29072794,0.6945168,9.787841
758536463923636,-0.29312077,0.69212395,9.783055
758536472616240,-0.28115666,0.69212395,9.771091
758536481308896,-0.2883351,0.6897311,9.787841
758536490001552,-0.29312077,0.6873383,9.785448
758536498694156,-0.29072794,0.6897311,9.780663
758536507386813,-0.28594232,0.6897311,9.792626
758536516079417,-0.29072794,0.68255264,9.780663
758536524772073,-0.2883351,0.6801598,9.785448
758536533464677,-0.2883351,0.69212395,9.790234
758536542157334,-0.28594232,0.6945168,9.792626
758536550849938,-0.29312077,0.68494546,9.787841
758536559542594,-0.28594232,0.68494546,9.799805
758536568235250,-0.29312077,0.68255264,9.77827
758536576927854,-0.28594232,0.6873383,9.787841
758536585620511,-0.29790643,0.6873383,9.780663
758536594313115,-0.29312077,0.69212395,9.787841
758536603005771,-0.29072794,0.6897311,9.77827
758536611698375,-0.2883351,0.6897311,9.77827
758536620391031,-0.29072794,0.68255264,9.783055
758536629083688,-0.2883351,0.6897311,9.77827
758536637776292,-0.2883351,0.6897311,9.783055
758536646468948,-0.2955136,0.6873383,9.792626
758536655161552,-0.29312077,0.6873383,9.795019
758536663854209,-0.28594232,0.6897311,9.785448
758536672546813,-0.2883351,0.6945168,9.783055
758536681239469,-0.2883351,0.68255264,9.775877
758536689932125,-0.2835495,0.6873383,9.785448
758536698624729,-0.29312077,0.68494546,9.783055
758536707317386,-0.29312077,0.6945168,9.797412
758536716009990,-0.2835495,0.69212395,9.787841
758536724702646,-0.28594232,0.6873383,9.771091
758536733395250,-0.28594232,0.6801598,9.785448
758536742087906,-0.28594232,0.68255264,9.771091
758536750780511,-0.28594232,0.69212395,9.77827
758536759473167,-0.2883351,0.68494546,9.785448
758536768165771,-0.2835495,0.6897311,9.795019
758536776858427,-0.2883351,0.6873383,9.792626
758536785551084,-0.2835495,0.68494546,9.787841
758536794243688,-0.2883351,0.6873383,9.783055
758536802936344,-0.2883351,0.68494546,9.780663
758536811628948,-0.28594232,0.6873383,9.768699
758536820321604,-0.29072794,0.6945168,9.799805
758536829014209,-0.28115666,0.68494546,9.77827
758536837706865,-0.29072794,0.6969096,9.787841
758536846399521,-0.28594232,0.6801598,9.783055
758536855092125,-0.27876383,0.69212395,9.783055
758536863784781,-0.28115666,0.69212395,9.775877
758536872477386,-0.29072794,0.68494546,9.790234
758536881170042,-0.29312077,0.69212395,9.785448
758536889862646,-0.2883351,0.69930243,9.804591
758536898555302,-0.28115666,0.68255264,9.768699
758536907247906,-0.28115666,0.6897311,9.77827
758536915940563,-0.2835495,0.68494546,9.77827
758536924633219,-0.28115666,0.68494546,9.787841
758536933325823,-0.29072794,0.6801598,9.792626
758536942018479,-0.2955136,0.6945168,9.785448
758536950711084,-0.29312077,0.69212395,9.785448
758536959403740,-0.29312077,0.6873383,9.77827
758536968096344,-0.2955136,0.68494546,9.771091
758536976789000,-0.28594232,0.6897311,9.790234
758536985481604,-0.28115666,0.6945168,9.783055
758536994174261,-0.2883351,0.68255264,9.790234
758537002866917,-0.28594232,0.6873383,9.785448
758537011559521,-0.29312077,0.6897311,9.77827
758537020252177,-0.2883351,0.6945168,9.790234
758537028944781,-0.28594232,0.6897311,9.773484
758537037637438,-0.28594232,0.68255264,9.792626
758537046330042,-0.30029923,0.6873383,9.771091
758537055022698,-0.29072794,0.6873383,9.780663
758537063715302,-0.2883351,0.6897311,9.787841
758537072407959,-0.2955136,0.68494546,9.77827
758537081100615,-0.2883351,0.6873383,9.775877
758537089793219,-0.29072794,0.6897311,9.783055
758537098485875,-0.2883351,0.69212395,9.77827
758537107178479,-0.28594232,0.68494546,9.792626
758537115871136,-0.2883351,0.6945168,9.780663
758537124563740,-0.29072794,0.6897311,9.771091
758537133256396,-0.2883351,0.6801598,9.783055
758537141949000,-0.2883351,0.68494546,9.775877
758537150641656,-0.28115666,0.69212395,9.792626
758537159334313,-0.28594232,0.6873383,9.77827
758537168026917,-0.29072794,0.68494546,9.780663
758537176719573,-0.2883351,0.6897311,9.787841
758537185412177,-0.2883351,0.6873383,9.785448
758537194104834,-0.28115666,0.6873383,9.780663
758537202797438,-0.28594232,0.6801598,9.787841
758537211490094,-0.2835495,0.6873383,9.780663
758537220182698,-0.28115666,0.68494546,9.792626
758537228875354,-0.2835495,0.69212395,9.790234
758537237567959,-0.2883351,0.6945168,9.783055
758537246260615,-0.2883351,0.6873383,9.787841
758537254953271,-0.28115666,0.6897311,9.775877
758537263645875,-0.28594232,0.6897311,9.792626
758537272338531,-0.28594232,0.68255264,9.77827
758537281031136,-0.29072794,0.6897311,9.790234
758537289723792,-0.2835495,0.69212395,9.785448
758537298416396,-0.28594232,0.6873383,9.785448
758537307109052,-0.2883351,0.6969096,9.787841
758537315801709,-0.2883351,0.6897311,9.771091
758537324494313,-0.28594232,0.69212395,9.785448
758537333186969,-0.29072794,0.6873383,9.77827
758537341879573,-0.2835495,0.6897311,9.773484
758537350572229,-0.29072794,0.6945168,9.792626
758537359264834,-0.29072794,0.68494546,9.775877
758537367957490,-0.29072794,0.6873383,9.780663
758537376650094,-0.28594232,0.6873383,9.780663
758537385342750,-0.2883351,0.68255264,9.783055
758537394035406,-0.28594232,0.6945168,9.780663
758537402728011,-0.29072794,0.6873383,9.790234
758537411420667,-0.2883351,0.6897311,9.771091
758537420113271,-0.2883351,0.68494546,9.792626
758537428805927,-0.27876383,0.6873383,9.775877
758537437498531,-0.28594232,0.6873383,9.797412
758537446191188,-0.28594232,0.68255264,9.77827
758537454883792,-0.28594232,0.69212395,9.787841
758537463576448,-0.28594232,0.68494546,9.768699
758537472269104,-0.28594232,0.69212395,9.792626
758537480961709,-0.28594232,0.69212395,9.771091
758537489654365,-0.29072794,0.68494546,9.795019
758537498346969,-0.28115666,0.69212395,9.780663
758537507039625,-0.2883351,0.6945168,9.795019
758537515732229,-0.29072794,0.6873383,9.785448
758537524424886,-0.2883351,0.69212395,9.787841
758537533117490,-0.29312077,0.69212395,9.799805
758537541810146,-0.2955136,0.69212395,9.780663
758537550502750,-0.2835495,0.6873383,9.795019
758537559195406,-0.28115666,0.68494546,9.780663
758537567888063,-0.29072794,0.6801598,9.787841
758537576580667,-0.2883351,0.6897311,9.771091
758537585273323,-0.28594232,0.68255264,9.783055
758537593965927,-0.29072794,0.69212395,9.802198
758537602658584,-0.2835495,0.68494546,9.780663
758537611351188,-0.29072794,0.6969096,9.787841
758537620043844,-0.28594232,0.6945168,9.790234
758537628736500,-0.28594232,0.6897311,9.780663
758537637429104,-0.2883351,0.6969096,9.792626
758537646121761,-0.29312077,0.6969096,9.780663
758537654814365,-0.29072794,0.6897311,9.780663
758537663507021,-0.29312077,0.6897311,9.802198
758537672199625,-0.28594232,0.68494546,9.77827
758537680892281,-0.29072794,0.68494546,9.787841
758537689584938,-0.29072794,0.6897311,9.787841
758537698277542,-0.29072794,0.6897311,9.787841
758537706970146,-0.28594232,0.69212395,9.783055
758537715662802,-0.28115666,0.6873383,9.783055
758537724355459,-0.28115666,0.69212395,9.780663
758537733048063,-0.2883351,0.69212395,9.795019
758537741740719,-0.2955136,0.6945168,9.787841
758537750433323,-0.29312077,0.6945168,9.790234
758537759125979,-0.2835495,0.6897311,9.783055
758537767818584,-0.29072794,0.69212395,9.773484
758537776511240,-0.28594232,0.6873383,9.77827
758537785203844,-0.29312077,0.67776704,9.785448
758537793896500,-0.29072794,0.68494546,9.783055
758537802589104,-0.2955136,0.6897311,9.790234
758537811281761,-0.2835495,0.69212395,9.790234
758537819974417,-0.276371,0.69212395,9.799805
758537828667021,-0.2883351,0.6873383,9.771091
758537837359677,-0.2955136,0.68255264,9.780663
758537846052281,-0.2883351,0.6873383,9.787841
758537854744938,-0.29072794,0.6897311,9.790234
758537863437542,-0.2835495,0.6873383,9.795019
758537872130198,-0.2835495,0.68494546,9.780663
758537880822802,-0.28115666,0.6873383,9.773484
758537889515459,-0.29072794,0.6945168,9.775877
758537898208115,-0.2883351,0.6873383,9.792626
758537906900719,-0.29072794,0.69212395,9.780663
758537915593375,-0.2883351,0.69930243,9.802198
758537924285979,-0.2883351,0.6945168,9.775877
758537932978636,-0.2883351,0.69212395,9.77827
758537941671240,-0.28594232,0.68494546,9.763913
758537950363896,-0.29312077,0.6897311,9.790234
758537959056500,-0.29312077,0.6897311,9.790234
758537967749156,-0.29312077,0.68494546,9.792626
758537976441761,-0.28594232,0.6945168,9.795019
758537985134417,-0.2835495,0.6873383,9.77827
758537993827021,-0.28594232,0.6969096,9.775877
758538002519677,-0.28594232,0.6873383,9.785448
758538011212334,-0.2883351,0.6873383,9.773484
758538019904938,-0.28594232,0.68494546,9.797412
758538028597594,-0.29072794,0.68494546,9.783055
758538037290198,-0.2883351,0.70169526,9.787841
758538045982854,-0.28594232,0.6969096,9.783055
758538054675459,-0.2835495,0.68494546,9.771091
758538063368115,-0.2883351,0.6873383,9.783055
758538072060771,-0.2883351,0.6873383,9.775877
758538080753375,-0.27876383,0.68494546,9.787841
758538089446031,-0.2883351,0.6897311,9.799805
758538098138636,-0.2835495,0.68494546,9.773484
758538106831292,-0.2883351,0.6873383,9.787841
758538115523896,-0.2835495,0.68255264,9.775877
758538124216552,-0.29072794,0.6897311,9.787841
758538132909156,-0.2883351,0.68494546,9.790234
758538141601813,-0.2883351,0.69212395,9.799805
758538150294417,-0.28594232,0.69212395,9.77827
758538158987073,-0.2883351,0.6897311,9.787841
758538167679677,-0.2883351,0.69212395,9.766306
758538176372334,-0.29072794,0.68494546,9.775877
758538185064990,-0.29072794,0.6873383,9.783055
758538193757594,-0.29072794,0.6897311,9.806984
758538202450250,-0.28115666,0.6873383,9.783055
758538211142854,-0.28594232,0.6897311,9.790234
758538219835511,-0.27876383,0.6753742,9.785448
758538228528115,-0.2883351,0.6873383,9.792626
758538237220771,-0.2883351,0.69212395,9.785448
758538245913375,-0.29072794,0.68255264,9.804591
758538254606031,-0.29072794,0.6873383,9.771091
758538263298636,-0.2883351,0.6897311,9.799805
758538271991292,-0.29312077,0.69212395,9.771091
758538280683896,-0.2883351,0.6897311,9.780663
758538289376552,-0.28594232,0.6801598,9.773484
758538298069209,-0.29312077,0.6897311,9.77827
758538306761813,-0.29072794,0.68255264,9.792626
758538315454469,-0.2835495,0.68494546,9.795019
758538324147073,-0.29072794,0.68255264,9.799805
758538332839729,-0.2835495,0.6873383,9.77827
758538341532334,-0.2883351,0.6945168,9.783055
758538350224990,-0.2835495,0.68494546,9.783055
758538358917594,-0.28115666,0.6873383,9.77827
758538367610250,-0.28594232,0.69930243,9.780663
758538376302854,-0.28594232,0.6897311,9.787841
758538384995511,-0.29312077,0.6873383,9.780663
758538393688115,-0.28594232,0.6897311,9.780663
758538402380771,-0.2883351,0.6945168,9.785448
758538411073427,-0.28115666,0.6873383,9.787841
758538419766031,-0.28594232,0.6897311,9.771091
758538428458688,-0.2835495,0.68255264,9.795019
758538437151292,-0.29072794,0.6945168,9.780663
758538445843948,-0.28115666,0.6873383,9.795019
758538454536552,-0.29312077,0.6945168,9.773484
758538463229209,-0.2835495,0.6801598,9.785448
758538471921813,-0.28594232,0.6873383,9.785448
758538480614469,-0.2883351,0.6873383,9.785448
758538489307073,-0.28594232,0.6873383,9.790234
758538497999729,-0.2883351,0.6873383,9.783055
758538506692334,-0.27876383,0.6897311,9.775877
758538515384990,-0.2883351,0.68255264,9.780663
758538524077594,-0.28594232,0.6873383,9.785448
758538532770250,-0.28594232,0.69212395,9.787841
758538541462906,-0.29072794,0.69212395,9.780663
758538550155511,-0.2835495,0.68494546,9.785448
758538558848167,-0.2883351,0.6969096,9.785448
758538567540771,-0.2883351,0.6897311,9.780663
758538576233427,-0.2955136,0.68255264,9.792626
758538584926031,-0.29072794,0.6873383,9.77827
758538593618688,-0.29312077,0.6969096,9.799805
758538602311292,-0.29312077,0.6945168,9.773484
758538611003948,-0.2835495,0.68494546,9.799805
758538619696552,-0.2835495,0.6873383,9.766306
758538628389209,-0.2835495,0.68494546,9.790234
758538637081865,-0.28594232,0.6897311,9.77827
758538645774469,-0.2883351,0.6897311,9.792626
758538654467125,-0.29072794,0.6945168,9.783055
758538663159729,-0.27876383,0.6945168,9.792626
758538671852386,-0.29072794,0.68494546,9.787841
758538680544990,-0.29072794,0.68255264,9.771091
758538689237646,-0.28594232,0.6897311,9.785448
758538697930250,-0.29072794,0.68494546,9.771091
758538706622906,-0.29072794,0.68494546,9.790234
758538715315511,-0.29072794,0.6945168,9.790234
758538724008167,-0.28115666,0.68494546,9.787841
758538732700771,-0.2883351,0.6873383,9.785448
758538741393427,-0.2883351,0.6969096,9.783055
758538750086031,-0.28115666,0.67776704,9.775877
758538758778688,-0.28594232,0.69212395,9.799805
758538767471292,-0.2955136,0.6873383,9.787841
758538776163948,-0.2883351,0.69212395,9.795019
758538784856604,-0.2883351,0.6801598,9.787841
758538793549209,-0.28594232,0.68255264,9.785448
758538802241865,-0.27876383,0.68255264,9.780663
758538810934469,-0.2955136,0.69212395,9.77827
758538819627125,-0.2883351,0.68255264,9.785448
758538828319729,-0.2955136,0.6969096,9.797412
758538837012386,-0.2883351,0.6873383,9.780663
758538845704990,-0.29072794,0.69212395,9.780663
758538854397646,-0.2835495,0.69212395,9.783055
758538863090250,-0.28115666,0.6897311,9.785448
758538871782906,-0.29312077,0.68255264,9.787841
758538880475511,-0.29072794,0.6873383,9.785448
758538889168167,-0.2835495,0.6897311,9.780663
758538897860823,-0.29072794,0.6897311,9.787841
758538906553427,-0.28115666,0.69212395,9.790234
758538915246084,-0.29072794,0.6945168,9.790234
758538923938688,-0.28594232,0.6873383,9.787841
758538932631344,-0.2883351,0.6897311,9.773484
758538941323948,-0.28594232,0.6873383,9.787841
758538950016604,-0.29312077,0.69212395,9.787841
758538958709209,-0.29312077,0.6897311,9.792626
758538967401865,-0.2883351,0.6945168,9.783055
758538976094469,-0.2835495,0.6897311,9.790234
758538984787125,-0.2883351,0.68494546,9.773484
758538993479729,-0.28594232,0.68255264,9.77827
758539002172386,-0.29072794,0.68494546,9.771091
758539010864990,-0.2955136,0.68494546,9.799805
758539019557646,-0.29312077,0.6801598,9.792626
758539028250250,-0.28594232,0.6873383,9.790234
758539036942906,-0.2883351,0.6897311,9.783055
758539045635511,-0.28115666,0.6945168,9.790234
758539054328167,-0.2835495,0.68255264,9.773484
758539063020823,-0.29072794,0.68255264,9.783055
758539071713427,-0.2883351,0.68494546,9.790234
758539080406084,-0.2955136,0.6945168,9.787841
758539089098688,-0.29312077,0.6873383,9.780663
758539097791344,-0.2883351,0.6969096,9.77827
758539106483948,-0.276371,0.6873383,9.773484
758539115176604,-0.29072794,0.6945168,9.785448
758539123869209,-0.2883351,0.6873383,9.771091
758539132561865,-0.29072794,0.6969096,9.802198
758539141254469,-0.2955136,0.6873383,9.790234
758539149947125,-0.2883351,0.69212395,9.795019
758539158639729,-0.28594232,0.69212395,9.775877
758539167332386,-0.2835495,0.69212395,9.790234
758539176024990,-0.2835495,0.6873383,9.780663
758539184717646,-0.29312077,0.6897311,9.780663
758539193410250,-0.28594232,0.6873383,9.773484
758539202102906,-0.2883351,0.6945168,9.792626
758539210795511,-0.28594232,0.6897311,9.785448
758539219488167,-0.2883351,0.6897311,9.787841
758539228180771,-0.28115666,0.69212395,9.775877
758539236873427,-0.29072794,0.69212395,9.792626
758539245566084,-0.28594232,0.70169526,9.783055
758539254258688,-0.29312077,0.6873383,9.795019
758539262951344,-0.2883351,0.68494546,9.783055
758539271643948,-0.29072794,0.6969096,9.790234
758539280336604,-0.2883351,0.6897311,9.775877
758539289029209,-0.28594232,0.6945168,9.804591
758539297721865,-0.27876383,0.6897311,9.771091
758539306414469,-0.28594232,0.6801598,9.795019
758539315107125,-0.2883351,0.69212395,9.787841
758539323799729,-0.29312077,0.6801598,9.785448
758539332492386,-0.28594232,0.6897311,9.787841
758539341184990,-0.2883351,0.6873383,9.783055
758539349877646,-0.2835495,0.6897311,9.766306
758539358570250,-0.2835495,0.68494546,9.792626
758539367262906,-0.2955136,0.67776704,9.771091
758539375955511,-0.2883351,0.6873383,9.795019
758539384648167,-0.2955136,0.68494546,9.785448
758539393340771,-0.2883351,0.6897311,9.795019
758539402033427,-0.2835495,0.6945168,9.787841
758539410726031,-0.28594232,0.6945168,9.773484
758539419418688,-0.28115666,0.6873383,9.783055
758539428111292,-0.29312077,0.6897311,9.783055
758539436803948,-0.2883351,0.6873383,9.771091
758539445496552,-0.29072794,0.69930243,9.797412
758539454189209,-0.29072794,0.6873383,9.783055
758539462881813,-0.2835495,0.69212395,9.804591
758539471574469,-0.2835495,0.68494546,9.766306
758539480267073,-0.28594232,0.68255264,9.785448
758539488959729,-0.29072794,0.6897311,9.77827
758539497652334,-0.28594232,0.6945168,9.792626
758539506344990,-0.2835495,0.69930243,9.787841
758539515037594,-0.28594232,0.6969096,9.785448
758539523730250,-0.28115666,0.69212395,9.768699
758539532422906,-0.27876383,0.6945168,9.785448
758539541115511,-0.28594232,0.6801598,9.768699
758539549808115,-0.28594232,0.6945168,9.790234
758539558500771,-0.29312077,0.6897311,9.768699
758539567193427,-0.29072794,0.68255264,9.787841
758539575886031,-0.2955136,0.6969096,9.790234
758539584578688,-0.2835495,0.6897311,9.780663
758539593271292,-0.2835495,0.69212395,9.783055
758539601963948,-0.2835495,0.69212395,9.785448
758539610656552,-0.29312077,0.6873383,9.780663
758539619349209,-0.29072794,0.6969096,9.797412
758539628041813,-0.28594232,0.6945168,9.77827
758539636734469,-0.28594232,0.6873383,9.780663
758539645427073,-0.29072794,0.6897311,9.785448
758539654119729,-0.2835495,0.6873383,9.77827
758539662812334,-0.2955136,0.6873383,9.771091
758539671504990,-0.2883351,0.6897311,9.795019
758539680197594,-0.29072794,0.6873383,9.768699
758539688890250,-0.29072794,0.6945168,9.797412
758539697582854,-0.27876383,0.6969096,9.77827
758539706275511,-0.28594232,0.69212395,9.785448
758539714968115,-0.28594232,0.6873383,9.77827
758539723660771,-0.28594232,0.6897311,9.787841
758539732353375,-0.2883351,0.68255264,9.785448
758539741046031,-0.29312077,0.69212395,9.787841
758539749738636,-0.2883351,0.69212395,9.802198
758539758431292,-0.2835495,0.69212395,9.775877
758539767123948,-0.2883351,0.6897311,9.775877
758539775816552,-0.28594232,0.6873383,9.780663
758539784509156,-0.29312077,0.6801598,9.771091
758539793201813,-0.2883351,0.69212395,9.790234
758539801894417,-0.28594232,0.6897311,9.785448
758539810587073,-0.28594232,0.6897311,9.775877
758539819279677,-0.2835495,0.68494546,9.785448
758539827972334,-0.28594232,0.6969096,9.773484
758539836664938,-0.29312077,0.6897311,9.785448
758539845357594,-0.2883351,0.68255264,9.785448
758539854050198,-0.29312077,0.68255264,9.797412
758539862742854,-0.2883351,0.6873383,9.787841
758539871435459,-0.29312077,0.6873383,9.785448
758539880128115,-0.28594232,0.6873383,9.785448
758539888820719,-0.29072794,0.68494546,9.785448
758539897513375,-0.28594232,0.6801598,9.780663
758539906206031,-0.29072794,0.6873383,9.792626
758539914898636,-0.2955136,0.69212395,9.77827
758539923591240,-0.28115666,0.6801598,9.783055
758539932283896,-0.2883351,0.69212395,9.780663
758539940976500,-0.2883351,0.6801598,9.787841
758539949669156,-0.28594232,0.6873383,9.77827
758539958361761,-0.28115666,0.6897311,9.787841
758539967054417,-0.28594232,0.69212395,9.77827
758539975747021,-0.2835495,0.68255264,9.797412
758539984439677,-0.28594232,0.70169526,9.77827
758539993132281,-0.27876383,0.6873383,9.787841
758540001824938,-0.29072794,0.68494546,9.77827
758540010517594,-0.29072794,0.68494546,9.780663
758540019210198,-0.29312077,0.68494546,9.787841
758540027902802,-0.2883351,0.6897311,9.77827
758540036595459,-0.2835495,0.6945168,9.799805
758540045288115,-0.28594232,0.6945168,9.785448
758540053980719,-0.2835495,0.68494546,9.785448
758540062673323,-0.28115666,0.69212395,9.77827
758540071365979,-0.28115666,0.6945168,9.795019
758540080058584,-0.2835495,0.6897311,9.780663
758540088751240,-0.29312077,0.6897311,9.787841
758540097443844,-0.29072794,0.69930243,9.792626
758540106136500,-0.28594232,0.6873383,9.785448
758540114829104,-0.2835495,0.6897311,9.780663
758540123521761,-0.2835495,0.6873383,9.775877
758540132214365,-0.2835495,0.6969096,9.790234
758540140907021,-0.29072794,0.68255264,9.783055
758540149599625,-0.28594232,0.6897311,9.783055
758540158292281,-0.28594232,0.6873383,9.785448
758540166984886,-0.2883351,0.6969096,9.783055
758540175677542,-0.27876383,0.6945168,9.790234
758540184370146,-0.2883351,0.69212395,9.783055
758540193062802,-0.28594232,0.69212395,9.787841
758540201755406,-0.2883351,0.6897311,9.787841
758540210448063,-0.29072794,0.69212395,9.785448
758540219140667,-0.2883351,0.69212395,9.785448
758540227833323,-0.2883351,0.68494546,9.795019
758540236525927,-0.2883351,0.69212395,9.775877
758540245218584,-0.28594232,0.68494546,9.790234
758540253911188,-0.29072794,0.6897311,9.787841
758540262603844,-0.28594232,0.6969096,9.792626
758540271296448,-0.2835495,0.6873383,9.795019
758540279989104,-0.2835495,0.69212395,9.77827
758540288681709,-0.2883351,0.69212395,9.795019
758540297374365,-0.2883351,0.6897311,9.780663
758540306066969,-0.2835495,0.69212395,9.780663
758540314759625,-0.2883351,0.6801598,9.77827
758540323452229,-0.29072794,0.69212395,9.783055
758540332144886,-0.28594232,0.68494546,9.795019
758540340837490,-0.29072794,0.6897311,9.787841
758540349530146,-0.2955136,0.69930243,9.790234
758540358222750,-0.2883351,0.6897311,9.785448
758540366915406,-0.29072794,0.6897311,9.783055
758540375608011,-0.2883351,0.69212395,9.783055
758540384300667,-0.28594232,0.6801598,9.785448
758540392993271,-0.29072794,0.69212395,9.780663
758540401685927,-0.29072794,0.6897311,9.787841
758540410378531,-0.2883351,0.6945168,9.775877
758540419071188,-0.28594232,0.6873383,9.787841
758540427763792,-0.29312077,0.68255264,9.785448
758540436456448,-0.2883351,0.68255264,9.787841
758540445149052,-0.29312077,0.68494546,9.787841
758540453841656,-0.29072794,0.6873383,9.797412
758540462534313,-0.2835495,0.69212395,9.77827
758540471226917,-0.2835495,0.6969096,9.795019
758540479919573,-0.28594232,0.69212395,9.768699
758540488612177,-0.29072794,0.68494546,9.790234
758540497304834,-0.28594232,0.68494546,9.783055
758540505997438,-0.29072794,0.6897311,9.790234
758540514690094,-0.2835495,0.6897311,9.785448
758540523382698,-0.27876383,0.6945168,9.787841
758540532075354,-0.28115666,0.68494546,9.787841
758540540767959,-0.2883351,0.68494546,9.780663
758540549460615,-0.2883351,0.68255264,9.783055
758540558153219,-0.29072794,0.6873383,9.790234
758540566845875,-0.29072794,0.68494546,9.780663
758540575538479,-0.2883351,0.68255264,9.787841
758540584231136,-0.29072794,0.6873383,9.792626
758540592923740,-0.28594232,0.68255264,9.775877
758540601616396,-0.2883351,0.6873383,9.775877
758540610309000,-0.2883351,0.6873383,9.773484
758540619001656,-0.2883351,0.6897311,9.790234
758540627694261,-0.28594232,0.6897311,9.785448
758540636386917,-0.29072794,0.6897311,9.792626
758540645079521,-0.28594232,0.68255264,9.780663
758540653772177,-0.29312077,0.6969096,9.775877
758540662464781,-0.2955136,0.6897311,9.795019
758540671157438,-0.2955136,0.6945168,9.780663
758540679850042,-0.29072794,0.6945168,9.77827
758540688542698,-0.28594232,0.68494546,9.792626
758540697235302,-0.2883351,0.6897311,9.785448
758540705927959,-0.29072794,0.6873383,9.780663
758540714620563,-0.2835495,0.6897311,9.787841
758540723313167,-0.29072794,0.6897311,9.780663
758540732005823,-0.28594232,0.68494546,9.780663
758540740698427,-0.28594232,0.6801598,9.77827
758540749391084,-0.2883351,0.68494546,9.783055
758540758083688,-0.2883351,0.6897311,9.795019
758540766776344,-0.2955136,0.6945168,9.787841
758540775468948,-0.2883351,0.6897311,9.797412
758540784161604,-0.2835495,0.6873383,9.785448
758540792854209,-0.2835495,0.68494546,9.780663
758540801546865,-0.29072794,0.68255264,9.790234
758540810239469,-0.29312077,0.6897311,9.792626
758540818932125,-0.28594232,0.6873383,9.783055
758540827624729,-0.2883351,0.69212395,9.795019
758540836317386,-0.276371,0.6873383,9.773484
758540845009990,-0.29072794,0.6873383,9.783055
758540853702646,-0.2883351,0.6873383,9.775877
758540862395250,-0.29312077,0.6801598,9.771091
758540871087906,-0.28594232,0.6897311,9.799805
758540879780511,-0.2955136,0.68494546,9.768699
758540888473167,-0.28115666,0.69212395,9.792626
758540897165771,-0.28594232,0.6945168,9.773484
758540905858427,-0.2883351,0.69212395,9.780663
758540914551031,-0.2835495,0.6969096,9.775877
758540923243636,-0.2955136,0.68494546,9.773484
758540931936292,-0.29072794,0.68255264,9.795019
758540940628896,-0.28594232,0.69212395,9.783055
758540949321552,-0.28594232,0.69212395,9.790234
758540958014156,-0.2835495,0.6897311,9.775877
758540966706813,-0.28594232,0.68494546,9.77827
758540975399417,-0.2883351,0.68494546,9.790234
758540984092073,-0.29072794,0.6873383,9.783055
758540992784677,-0.2955136,0.68255264,9.787841
758541001477334,-0.29312077,0.69212395,9.787841
758541010169938,-0.28594232,0.6969096,9.797412
758541018862594,-0.2883351,0.6945168,9.77827
758541027555198,-0.2883351,0.6969096,9.785448
758541036247854,-0.2883351,0.6873383,9.780663
758541044940459,-0.2955136,0.6897311,9.790234
758541053633063,-0.29312077,0.68494546,9.783055
758541062325719,-0.29312077,0.6945168,9.795019
758541071018375,-0.29312077,0.6897311,9.780663
758541079710979,-0.2883351,0.6897311,9.773484
758541088403584,-0.27876383,0.6897311,9.783055
758541097096240,-0.29312077,0.6873383,9.785448
758541105788844,-0.2883351,0.68494546,9.783055
758541114481500,-0.2955136,0.6897311,9.783055
758541123174104,-0.28115666,0.68494546,9.780663
758541131866761,-0.2883351,0.6969096,9.792626
758541140559365,-0.28594232,0.6873383,9.773484
758541149252021,-0.2835495,0.69212395,9.77827
758541157944625,-0.2955136,0.68494546,9.783055
758541166637229,-0.2883351,0.68494546,9.787841
758541175329886,-0.29072794,0.6873383,9.797412
758541184022490,-0.29072794,0.6945168,9.792626
758541192715146,-0.2835495,0.6945168,9.77827
758541201407802,-0.2835495,0.69212395,9.785448
758541210100406,-0.28594232,0.6897311,9.77827
758541218793011,-0.29072794,0.68494546,9.77827
758541227485667,-0.28594232,0.6873383,9.795019
758541236178271,-0.29072794,0.69212395,9.795019
758541244870927,-0.28594232,0.69212395,9.797412
758541253563531,-0.28594232,0.6897311,9.773484
758541262256188,-0.28594232,0.6873383,9.77827
758541270948792,-0.2883351,0.69212395,9.77827
758541279641448,-0.29312077,0.68255264,9.773484
758541288334052,-0.28594232,0.6945168,9.802198
758541297026656,-0.29072794,0.6873383,9.795019
758541305719313,-0.28594232,0.69212395,9.780663
758541314411917,-0.2835495,0.6801598,9.775877
758541323104573,-0.29072794,0.6897311,9.775877
758541331797177,-0.28594232,0.6873383,9.780663
758541340489834,-0.2955136,0.68255264,9.792626
758541349182438,-0.2835495,0.6945168,9.792626
758541357875094,-0.276371,0.69212395,9.780663
758541366567698,-0.2835495,0.6897311,9.77827
758541375260354,-0.28115666,0.68494546,9.780663
758541383952959,-0.29072794,0.6897311,9.768699
758541392645615,-0.28594232,0.68494546,9.799805
758541401338219,-0.29790643,0.69212395,9.787841
758541410030823,-0.29312077,0.69212395,9.790234
758541418723479,-0.29072794,0.69212395,9.787841
758541427416084,-0.28594232,0.6969096,9.77827
758541436108740,-0.2835495,0.6873383,9.766306
758541444801344,-0.29072794,0.68255264,9.792626
758541453494000,-0.29790643,0.6873383,9.785448
758541462186604,-0.29312077,0.70169526,9.802198
758541470879261,-0.28594232,0.6945168,9.787841
758541479571865,-0.28594232,0.6897311,9.787841
758541488264521,-0.2883351,0.69212395,9.771091
758541496957125,-0.28594232,0.6873383,9.790234
758541505649729,-0.29072794,0.6897311,9.775877
758541514342386,-0.29312077,0.6873383,9.797412
758541523034990,-0.2883351,0.6897311,9.787841
758541531727646,-0.28115666,0.68255264,9.783055
758541540420250,-0.2835495,0.68494546,9.771091
758541549112906,-0.2883351,0.6873383,9.785448
758541557805511,-0.2835495,0.68494546,9.780663
758541566498167,-0.2883351,0.6945168,9.790234
758541575190771,-0.28594232,0.6873383,9.792626
758541583883375,-0.2883351,0.6945168,9.790234
758541592576031,-0.2835495,0.6945168,9.785448
758541601268636,-0.29312077,0.69212395,9.780663
758541609961292,-0.2835495,0.6873383,9.783055
758541618653896,-0.2835495,0.6945168,9.790234
758541627346552,-0.29072794,0.68494546,9.783055
758541636039156,-0.2955136,0.69212395,9.790234
758541644731813,-0.29312077,0.68255264,9.787841
758541653424417,-0.2835495,0.6873383,9.783055
758541662117073,-0.2835495,0.6873383,9.792626
758541670809677,-0.2955136,0.6873383,9.763913
758541679502281,-0.2883351,0.6897311,9.802198
758541688194938,-0.29072794,0.6945168,9.773484
758541696887542,-0.29072794,0.68494546,9.792626
758541705580198,-0.2835495,0.6897311,9.790234
758541714272802,-0.2883351,0.68255264,9.785448
758541722965459,-0.28594232,0.6897311,9.785448
758541731658063,-0.28115666,0.6897311,9.780663
758541740350719,-0.2883351,0.6897311,9.77827
758541749043323,-0.28594232,0.6873383,9.775877
758541757735927,-0.28594232,0.6969096,9.787841
758541766428584,-0.2883351,0.68494546,9.783055
758541775121188,-0.2883351,0.6945168,9.792626
758541783813844,-0.2835495,0.68494546,9.773484
758541792506448,-0.28594232,0.6945168,9.785448
758541801199104,-0.28594232,0.6897311,9.775877
758541809891709,-0.29072794,0.6945168,9.795019
758541818584365,-0.29790643,0.6897311,9.783055
758541827276969,-0.29072794,0.68255264,9.797412
758541835969625,-0.2883351,0.6897311,9.77827
758541844662229,-0.2883351,0.6897311,9.785448
758541853354834,-0.2835495,0.68494546,9.768699
758541862047490,-0.2883351,0.6873383,9.795019
758541870740094,-0.29312077,0.6969096,9.775877
758541879432750,-0.29072794,0.68255264,9.795019
758541888125354,-0.28594232,0.68494546,9.77827
758541896818011,-0.2835495,0.69930243,9.790234
758541905510615,-0.2835495,0.6897311,9.780663
758541914203271,-0.2883351,0.69212395,9.795019
758541922895875,-0.2835495,0.6897311,9.780663
758541931588479,-0.28115666,0.6945168,9.792626
758541940281136,-0.28594232,0.68494546,9.792626
758541948973740,-0.28594232,0.6897311,9.792626
758541957666396,-0.28115666,0.6873383,9.77827
758541966359000,-0.2835495,0.6945168,9.77827
758541975051604,-0.28115666,0.69212395,9.792626
758541983744261,-0.28594232,0.6873383,9.783055
758541992436917,-0.2883351,0.6897311,9.785448
758542001129521,-0.2883351,0.6897311,9.77827
758542009822125,-0.2883351,0.69212395,9.785448
758542018514781,-0.28594232,0.7040881,9.780663
758542027207386,-0.2835495,0.68494546,9.806984
758542035900042,-0.28115666,0.69212395,9.787841
758542044592646,-0.27876383,0.6945168,9.802198
758542053285250,-0.29072794,0.69212395,9.771091
758542061977906,-0.2835495,0.6873383,9.792626
758542070670511,-0.2955136,0.69212395,9.787841
758542079363167,-0.29312077,0.69212395,9.792626
758542088055771,-0.29072794,0.69212395,9.783055
758542096748427,-0.29312077,0.69212395,9.780663
758542105441031,-0.2835495,0.6969096,9.771091
758542114133688,-0.2883351,0.68255264,9.775877
758542122826292,-0.2835495,0.69212395,9.790234
758542131518896,-0.29072794,0.6945168,9.785448
758542140211552,-0.2955136,0.69212395,9.797412
758542148904156,-0.28594232,0.68494546,9.790234
758542157596813,-0.2883351,0.6969096,9.797412
758542166289417,-0.28115666,0.6801598,9.77827
758542174982073,-0.28594232,0.68494546,9.787841
758542183674677,-0.29312077,0.6897311,9.787841
758542192367281,-0.2835495,0.68494546,9.797412
758542201059938,-0.29312077,0.6897311,9.792626
758542209752542,-0.28594232,0.6945168,9.792626
758542218445198,-0.2835495,0.6897311,9.77827
758542227137802,-0.29312077,0.69930243,9.790234
758542235830459,-0.2883351,0.68255264,9.775877
758542244523063,-0.28115666,0.6873383,9.787841
758542253215719,-0.2883351,0.69212395,9.780663
758542261908323,-0.29072794,0.6945168,9.790234
758542270600927,-0.28594232,0.6897311,9.799805
758542279293584,-0.29312077,0.6873383,9.787841
758542287986188,-0.28594232,0.68494546,9.787841
758542296678844,-0.29312077,0.6897311,9.783055
758542305371448,-0.28594232,0.68255264,9.785448
758542314064052,-0.28594232,0.69212395,9.795019
758542322756709,-0.29072794,0.6945168,9.77827
758542331449313,-0.28594232,0.6897311,9.799805
758542340141969,-0.29072794,0.69212395,9.780663
758542348834573,-0.29072794,0.69212395,9.773484
758542357527229,-0.28115666,0.68494546,9.785448
758542366219834,-0.29312077,0.68255264,9.783055
758542374912438,-0.2883351,0.6897311,9.799805
758542383605094,-0.2883351,0.69212395,9.792626
758542392297698,-0.28115666,0.6873383,9.783055
758542400990354,-0.29072794,0.68255264,9.787841
758542409682959,-0.28594232,0.6945168,9.783055
758542418375563,-0.29312077,0.6945168,9.773484
758542427068219,-0.28594232,0.68494546,9.792626
758542435760823,-0.2955136,0.68494546,9.785448
758542444453479,-0.2883351,0.68494546,9.783055
758542453146084,-0.28594232,0.6969096,9.785448
758542461838740,-0.2835495,0.6873383,9.773484
758542470531344,-0.27876383,0.69212395,9.799805
758542479224000,-0.29312077,0.68255264,9.76152
758542487916604,-0.29072794,0.6873383,9.792626
758542496609209,-0.2835495,0.6873383,9.795019
758542505301865,-0.2835495,0.69212395,9.802198
758542513994469,-0.28594232,0.6801598,9.792626
758542522687125,-0.29072794,0.69212395,9.771091
758542531379729,-0.2835495,0.6969096,9.785448
758542540072386,-0.29312077,0.6969096,9.802198
758542548764990,-0.2835495,0.6801598,9.785448
758542557457594,-0.28115666,0.6897311,9.806984
758542566150250,-0.29312077,0.69212395,9.780663
758542574842854,-0.2835495,0.68494546,9.780663
758542583535459,-0.2883351,0.6945168,9.787841
758542592228115,-0.29312077,0.69930243,9.797412
758542600920719,-0.27876383,0.6873383,9.780663
758542609613375,-0.29072794,0.6873383,9.790234
758542618305979,-0.2835495,0.6897311,9.775877
758542626998636,-0.2955136,0.6801598,9.783055
758542635691240,-0.29072794,0.6945168,9.792626
758542644383896,-0.28115666,0.6873383,9.787841
758542653076500,-0.28594232,0.6873383,9.783055
758542661769104,-0.28594232,0.6897311,9.775877
758542670461761,-0.27876383,0.6873383,9.771091
758542679154365,-0.29790643,0.6873383,9.783055
758542687847021,-0.28594232,0.69212395,9.795019
758542696539625,-0.29790643,0.6945168,9.795019
758542705232229,-0.28594232,0.68255264,9.792626
758542713924886,-0.2883351,0.6801598,9.766306
758542722617490,-0.2835495,0.69212395,9.797412
758542731310146,-0.29072794,0.6873383,9.771091
758542740002750,-0.29072794,0.6897311,9.785448
758542748695406,-0.2883351,0.6969096,9.797412
758542757388011,-0.29072794,0.6873383,9.790234
758542766080615,-0.2955136,0.69212395,9.780663
758542774773271,-0.2883351,0.6873383,9.790234
758542783465875,-0.2835495,0.69930243,9.773484
758542792158531,-0.28594232,0.6873383,9.787841
758542800851136,-0.2883351,0.6873383,9.787841
758542809543792,-0.28594232,0.68494546,9.792626
758542818236396,-0.2883351,0.6969096,9.773484
758542826929000,-0.2883351,0.6945168,9.785448
758542835621656,-0.28594232,0.6945168,9.77827
758542844314261,-0.28594232,0.69212395,9.780663
758542853006865,-0.276371,0.6897311,9.783055
758542861699521,-0.29072794,0.68494546,9.77827
758542870392125,-0.2883351,0.6873383,9.77827
758542879084781,-0.29072794,0.69212395,9.783055
758542887777386,-0.2835495,0.69212395,9.783055
758542896470042,-0.28115666,0.69930243,9.797412
758542905162646,-0.27876383,0.69212395,9.771091
758542913855250,-0.2835495,0.6873383,9.766306
758542922547906,-0.2955136,0.68494546,9.759128
758542931240511,-0.29072794,0.68494546,9.799805
758542939933167,-0.2883351,0.6873383,9.797412
758542948625771,-0.28594232,0.6897311,9.797412
758542957318375,-0.2835495,0.69212395,9.773484
758542966011031,-0.2883351,0.6945168,9.77827
758542974703636,-0.28115666,0.6873383,9.787841
758542983396292,-0.29312077,0.68494546,9.795019
758542992088896,-0.29312077,0.68494546,9.783055
758543000781500,-0.29072794,0.6945168,9.790234
758543009474156,-0.2883351,0.6945168,9.795019
758543018166761,-0.29312077,0.68494546,9.780663
758543026859417,-0.29072794,0.6873383,9.783055
758543035552021,-0.29072794,0.68255264,9.773484
758543044244625,-0.2835495,0.68255264,9.797412
758543052937281,-0.29312077,0.68494546,9.785448
758543061629886,-0.28594232,0.6897311,9.795019
758543070322542,-0.29312077,0.6969096,9.790234
758543079015146,-0.29072794,0.6969096,9.768699
758543087707750,-0.29072794,0.69212395,9.77827
758543096400406,-0.29790643,0.6873383,9.771091
758543105093011,-0.2835495,0.68494546,9.787841
758543113785667,-0.28594232,0.6897311,9.795019
758543122478271,-0.2883351,0.6873383,9.77827
758543131170875,-0.2883351,0.69212395,9.785448
758543139863531,-0.28594232,0.6897311,9.780663
758543148556136,-0.28115666,0.68494546,9.787841
758543157248792,-0.2835495,0.68494546,9.775877
758543165941396,-0.29072794,0.6873383,9.792626
758543174634052,-0.2883351,0.6945168,9.790234
758543183326656,-0.29072794,0.6897311,9.780663
758543192019261,-0.2883351,0.6873383,9.785448
758543200711917,-0.28115666,0.68494546,9.780663
758543209404521,-0.2835495,0.6897311,9.77827
758543218097177,-0.2883351,0.6873383,9.783055
758543226789781,-0.28594232,0.6969096,9.795019
758543235482386,-0.2835495,0.69212395,9.795019
758543244175042,-0.28594232,0.69212395,9.787841
758543252867646,-0.28594232,0.6897311,9.795019
758543261560250,-0.2883351,0.68494546,9.77827
758543270252906,-0.29072794,0.6466603,9.773484
758543278945511,-0.30269206,0.76630145,9.780663
758543287638167,-0.25722843,0.6873383,9.8524475
758543296330771,-0.276371,0.68255264,9.756734
758543305023375,-0.31944183,0.6466603,9.763913
758543313716031,-0.2620141,0.6466603,9.783055
758543322408636,-0.3361916,0.7160522,9.732806
758543331101292,-0.2644069,0.64905316,9.869197
758543339793896,-0.34337005,0.76630145,9.742377
758543348486500,-0.24765715,0.7160522,9.804591
758543357179156,-0.25722843,0.68255264,9.775877
758543365871761,-0.28115666,0.6155536,9.771091
758543374564365,-0.31226337,0.7328019,9.763913
758543383257021,-0.30269206,0.7040881,9.802198
758543391949625,-0.29312077,0.6801598,9.775877
758543400642281,-0.26919255,0.6969096,9.850055
758543409334886,-0.276371,0.6586244,9.708878
758543418027542,-0.30508488,0.67058855,9.816555
758543426720146,-0.28594232,0.6945168,9.737592
758543435412802,-0.25962126,0.6873383,9.864411
758543444105406,-0.29312077,0.71365935,9.730413
758543452798011,-0.2955136,0.64905316,9.828519
758543461490615,-0.2883351,0.70648086,9.771091
758543470183271,-0.27876383,0.7040881,9.775877
758543478875875,-0.29790643,0.6753742,9.797412
758543487568531,-0.31226337,0.718445,9.76152
758543496261136,-0.2428715,0.66101724,9.864411
758543504953740,-0.31226337,0.7112665,9.706485
758543513646396,-0.27876383,0.68494546,9.8428755
758543522339000,-0.2883351,0.6969096,9.716056
758543531031604,-0.28115666,0.6945168,9.859626
758543539724261,-0.29790643,0.6753742,9.737592
758543548416917,-0.29072794,0.70169526,9.790234
758543557109521,-0.28115666,0.6729814,9.8117695
758543565802125,-0.29312077,0.69930243,9.759128
758543574494781,-0.27876383,0.68255264,9.814162
758543583187386,-0.29312077,0.7088737,9.754341
758543591879990,-0.28594232,0.6873383,9.818948
758543600572646,-0.28594232,0.68255264,9.754341
758543609265250,-0.29072794,0.7040881,9.783055
758543617957854,-0.2883351,0.68494546,9.792626
758543626650511,-0.2955136,0.69212395,9.785448
758543635343115,-0.28594232,0.69930243,9.802198
758543644035771,-0.29072794,0.68255264,9.751948
758543652728375,-0.2955136,0.69930243,9.775877
758543661420979,-0.29072794,0.67776704,9.814162
758543670113636,-0.29072794,0.6873383,9.771091
758543678806240,-0.2835495,0.6897311,9.809377
758543687498896,-0.2955136,0.68494546,9.763913
758543696191500,-0.27876383,0.69930243,9.780663
758543704884104,-0.2835495,0.6897311,9.806984
758543713576761,-0.29312077,0.6873383,9.771091
758543722269365,-0.27876383,0.6873383,9.792626
758543730961969,-0.2883351,0.69212395,9.785448
758543739654625,-0.29790643,0.6897311,9.787841
758543748347229,-0.29072794,0.68494546,9.780663
758543757039886,-0.2835495,0.6873383,9.787841
758543765732490,-0.2883351,0.6897311,9.773484
758543774425146,-0.29790643,0.6873383,9.780663
758543783117750,-0.2835495,0.68255264,9.792626
758543791810354,-0.2835495,0.69212395,9.792626
758543800502959,-0.29072794,0.7088737,9.809377
758543809195615,-0.27876383,0.68494546,9.783055
758543817888219,-0.27876383,0.6897311,9.787841
758543826580875,-0.29072794,0.6873383,9.785448
758543835273479,-0.2883351,0.68494546,9.783055
758543843966136,-0.28594232,0.68494546,9.799805
758543852658740,-0.28115666,0.68494546,9.785448
758543861351344,-0.2835495,0.6897311,9.806984
758543870044000,-0.2883351,0.68494546,9.759128
758543878736604,-0.28594232,0.6945168,9.797412
758543887429209,-0.2955136,0.68255264,9.771091
758543896121865,-0.2883351,0.6873383,9.804591
758543904814469,-0.2835495,0.69212395,9.785448
758543913507073,-0.28594232,0.6873383,9.790234
758543922199729,-0.2835495,0.6873383,9.792626
758543930892334,-0.2883351,0.69212395,9.783055
758543939584990,-0.2835495,0.6897311,9.771091
758543948277594,-0.29072794,0.6897311,9.780663
758543956970198,-0.2883351,0.6897311,9.787841
758543965662854,-0.29790643,0.6945168,9.785448
758543974355459,-0.2835495,0.69212395,9.785448
758543983048115,-0.29312077,0.6969096,9.77827
758543991740719,-0.28115666,0.6945168,9.795019
758544000433323,-0.29312077,0.6873383,9.785448
758544009125979,-0.2835495,0.6945168,9.787841
758544017818584,-0.2883351,0.6945168,9.783055
758544026511188,-0.2955136,0.69212395,9.792626
758544035203844,-0.2883351,0.69212395,9.771091
758544043896448,-0.2883351,0.68494546,9.783055
758544052589052,-0.29312077,0.68255264,9.783055
758544061281709,-0.2835495,0.68494546,9.785448
758544069974313,-0.29312077,0.6945168,9.780663
758544078666969,-0.2883351,0.69212395,9.775877
758544087359573,-0.29790643,0.6873383,9.797412
758544096052177,-0.29072794,0.69212395,9.792626
758544104744834,-0.2835495,0.69212395,9.790234
758544113437438,-0.2883351,0.6969096,9.792626
758544122130042,-0.2883351,0.6873383,9.76152
758544130822698,-0.2835495,0.6969096,9.802198
758544139515302,-0.2883351,0.6897311,9.775877
758544148207906,-0.28594232,0.6897311,9.787841
758544156900563,-0.28115666,0.6897311,9.790234
758544165593167,-0.29072794,0.6897311,9.783055
758544174285823,-0.2835495,0.69212395,9.795019
758544182978427,-0.2955136,0.6897311,9.771091
758544191671031,-0.2835495,0.6873383,9.783055
758544200363688,-0.29312077,0.7040881,9.790234
758544209056292,-0.28594232,0.6945168,9.785448
758544217748948,-0.28594232,0.6897311,9.792626
758544226441552,-0.2835495,0.6969096,9.792626
758544235134156,-0.2835495,0.68255264,9.773484
758544243826761,-0.2883351,0.6873383,9.783055
758544252519417,-0.29072794,0.69212395,9.775877
758544261212021,-0.2883351,0.6897311,9.795019
758544269904677,-0.2955136,0.6897311,9.790234
758544278597281,-0.29072794,0.68494546,9.790234
758544287289886,-0.2835495,0.68494546,9.77827
758544295982542,-0.29072794,0.69212395,9.790234
758544304675146,-0.28594232,0.6873383,9.783055
758544313367750,-0.2883351,0.6897311,9.790234
758544322060406,-0.28115666,0.6873383,9.787841
758544330753011,-0.28594232,0.69212395,9.785448
758544339445615,-0.2835495,0.69212395,9.771091
758544348138271,-0.29312077,0.68494546,9.783055
758544356830875,-0.29790643,0.68494546,9.787841
758544365523531,-0.29312077,0.68255264,9.792626
758544374216136,-0.2883351,0.69212395,9.780663
758544382908740,-0.28594232,0.68494546,9.775877
758544391601396,-0.29072794,0.69212395,9.785448
758544400294000,-0.28594232,0.68494546,9.77827
758544408986604,-0.29312077,0.68494546,9.795019
758544417679261,-0.2883351,0.6873383,9.795019
758544426371865,-0.2835495,0.6945168,9.797412
758544435064521,-0.28115666,0.6969096,9.787841
758544443757125,-0.28594232,0.6873383,9.787841
758544452449729,-0.2883351,0.68494546,9.77827
758544461142334,-0.29312077,0.6873383,9.783055
758544469834990,-0.2955136,0.68494546,9.785448
758544478527594,-0.29072794,0.6873383,9.799805
758544487220250,-0.29072794,0.68494546,9.797412
758544495912854,-0.2883351,0.6969096,9.775877
758544504605459,-0.28115666,0.6897311,9.768699
758544513298115,-0.28594232,0.68255264,9.783055
758544521990719,-0.2955136,0.6945168,9.790234
758544530683323,-0.29072794,0.68494546,9.787841
758544539375979,-0.29072794,0.69212395,9.787841
758544548068584,-0.26919255,0.6897311,9.785448
758544556761240,-0.28115666,0.69212395,9.797412
758544565453844,-0.29072794,0.6873383,9.780663
758544574146448,-0.2883351,0.69212395,9.785448
758544582839052,-0.29072794,0.6897311,9.792626
758544591531709,-0.2835495,0.68255264,9.795019
758544600224313,-0.276371,0.6873383,9.785448
758544608916917,-0.28594232,0.6897311,9.785448
758544617609573,-0.2883351,0.68255264,9.76152
758544626302177,-0.2883351,0.69212395,9.804591
758544634994834,-0.29072794,0.6873383,9.76152
758544643687438,-0.28115666,0.69212395,9.818948
758544652380042,-0.2883351,0.6873383,9.759128
758544661072698,-0.28594232,0.6945168,9.799805
758544669765302,-0.29790643,0.6873383,9.77827
758544678457906,-0.28594232,0.6873383,9.795019
758544687150563,-0.29072794,0.6801598,9.783055
758544695843167,-0.2835495,0.6897311,9.795019
758544704535771,-0.2835495,0.6873383,9.76152
758544713228427,-0.2883351,0.6897311,9.799805
758544721921031,-0.2835495,0.68255264,9.759128
758544730613688,-0.28594232,0.6897311,9.799805
758544739306292,-0.2883351,0.68255264,9.783055
758544747998896,-0.2883351,0.68494546,9.790234
758544756691552,-0.28594232,0.68494546,9.775877
758544765384156,-0.28594232,0.6873383,9.787841
758544774076761,-0.28115666,0.6873383,9.773484
758544782769417,-0.29312077,0.6897311,9.799805
758544791462021,-0.2883351,0.6897311,9.785448
758544800154625,-0.29072794,0.6969096,9.785448
758544808847281,-0.28594232,0.6945168,9.785448
758544817539886,-0.29312077,0.6945168,9.787841
758544826232490,-0.28594232,0.69212395,9.785448
758544834925146,-0.28594232,0.6873383,9.799805
758544843617750,-0.29312077,0.68255264,9.783055
758544852310354,-0.29312077,0.69930243,9.787841
758544861003011,-0.28115666,0.6945168,9.77827
758544869695615,-0.29072794,0.69212395,9.787841
758544878388219,-0.29312077,0.68255264,9.780663
758544887080875,-0.29312077,0.68255264,9.790234
758544895773479,-0.28594232,0.6897311,9.783055
758544904466084,-0.2883351,0.69212395,9.790234
758544913158740,-0.28594232,0.6873383,9.787841
758544921851344,-0.28594232,0.6945168,9.785448
758544930544000,-0.28594232,0.69212395,9.785448
758544939236604,-0.2883351,0.6873383,9.780663
758544947929209,-0.29312077,0.69212395,9.792626
758544956621813,-0.27876383,0.6945168,9.785448
758544965314469,-0.2883351,0.6969096,9.790234
758544974007073,-0.29072794,0.6897311,9.785448
758544982699729,-0.28594232,0.68494546,9.795019
758544991392334,-0.2835495,0.6873383,9.792626
758545000084938,-0.29072794,0.68494546,9.780663
758545008777594,-0.29312077,0.6873383,9.783055
758545017470198,-0.2883351,0.69212395,9.785448
758545026162802,-0.29072794,0.6873383,9.790234
758545034855459,-0.27876383,0.6801598,9.787841
758545043548063,-0.29312077,0.6873383,9.783055
758545052240667,-0.29072794,0.68255264,9.790234
758545060933323,-0.28594232,0.6945168,9.787841
758545069625927,-0.28594232,0.69212395,9.787841
758545078318531,-0.29072794,0.68494546,9.783055
758545087011188,-0.2883351,0.6897311,9.783055
758545095703792,-0.2835495,0.68494546,9.783055
758545104396396,-0.276371,0.68255264,9.780663
758545113089052,-0.2883351,0.6873383,9.780663
758545121781656,-0.28594232,0.6897311,9.787841
758545130474261,-0.2883351,0.69212395,9.792626
758545139166865,-0.28115666,0.6945168,9.787841
758545147859521,-0.29072794,0.6945168,9.785448
758545156552125,-0.2835495,0.6897311,9.785448
758545165244781,-0.28115666,0.69212395,9.787841
758545173937386,-0.28594232,0.69212395,9.792626
758545182629990,-0.2883351,0.68494546,9.780663
758545191322646,-0.28594232,0.68494546,9.792626
758545200015250,-0.29072794,0.68255264,9.785448
758545208707854,-0.29312077,0.6897311,9.790234
758545217400511,-0.28594232,0.68494546,9.780663
758545226093115,-0.28594232,0.69212395,9.792626
758545234785719,-0.2883351,0.6873383,9.780663
758545243478375,-0.28594232,0.69212395,9.792626
758545252170979,-0.29072794,0.6945168,9.77827
758545260863584,-0.28115666,0.6897311,9.790234
758545269556240,-0.28594232,0.6873383,9.773484
758545278248844,-0.2883351,0.6873383,9.77827
758545286941448,-0.29072794,0.68255264,9.771091
758545295634104,-0.2883351,0.6897311,9.795019
758545304326709,-0.2835495,0.6945168,9.775877
758545313019313,-0.28115666,0.6897311,9.790234
758545321711917,-0.2883351,0.6897311,9.783055
758545330404573,-0.2835495,0.68255264,9.783055
758545339097177,-0.2835495,0.68255264,9.773484
758545347789834,-0.2883351,0.6801598,9.790234
758545356482438,-0.29072794,0.69212395,9.785448
758545365175042,-0.28594232,0.6897311,9.790234
758545373867698,-0.29072794,0.6873383,9.780663
758545382560302,-0.29072794,0.69930243,9.785448
758545391252906,-0.2835495,0.69212395,9.785448
758545399945563,-0.2835495,0.6897311,9.790234
758545408638167,-0.2883351,0.6873383,9.783055
758545417330771,-0.2835495,0.6897311,9.783055
758545426023427,-0.2955136,0.6897311,9.783055
758545434716031,-0.2883351,0.68255264,9.780663
758545443408636,-0.2883351,0.68255264,9.775877
758545452101240,-0.29072794,0.6897311,9.787841
758545460793896,-0.2883351,0.6945168,9.795019
758545469486500,-0.2835495,0.6945168,9.77827
758545478179104,-0.276371,0.6873383,9.787841
758545486871761,-0.28594232,0.6873383,9.785448
758545495564365,-0.28115666,0.68494546,9.787841
758545504256969,-0.2835495,0.6945168,9.795019
758545512949625,-0.2883351,0.68255264,9.773484
758545521642229,-0.28594232,0.6897311,9.797412
758545530334834,-0.28594232,0.6897311,9.775877
758545539027490,-0.2883351,0.67776704,9.773484
758545547720094,-0.2883351,0.69212395,9.797412
758545556412698,-0.29312077,0.68494546,9.787841
758545565105354,-0.28115666,0.6945168,9.795019
758545573797959,-0.2835495,0.6945168,9.797412
758545582490563,-0.2883351,0.68255264,9.76152
758545591183219,-0.2835495,0.69212395,9.787841
758545599875823,-0.28594232,0.68494546,9.773484
758545608568427,-0.29312077,0.6897311,9.8117695
758545617261084,-0.2955136,0.6969096,9.77827
758545625953688,-0.29072794,0.6945168,9.787841
758545634646292,-0.29312077,0.6945168,9.787841
758545643338948,-0.2883351,0.6897311,9.795019
758545652031552,-0.2883351,0.69212395,9.780663
758545660724156,-0.28594232,0.68255264,9.792626
758545669416813,-0.28594232,0.69212395,9.773484
758545678109417,-0.28594232,0.69212395,9.787841
758545686802021,-0.2835495,0.6873383,9.783055
758545695494677,-0.2883351,0.68255264,9.783055
758545704187281,-0.2883351,0.69212395,9.785448
758545712879886,-0.2835495,0.6945168,9.775877
758545721572490,-0.2883351,0.68494546,9.792626
758545730265146,-0.28594232,0.68494546,9.792626
758545738957750,-0.29072794,0.6801598,9.783055
758545747650354,-0.29312077,0.6897311,9.783055
758545756343011,-0.2883351,0.68494546,9.775877
758545765035615,-0.2835495,0.6945168,9.790234
758545773728219,-0.2883351,0.6873383,9.773484
758545782420823,-0.2883351,0.6873383,9.785448
758545791113479,-0.29312077,0.6945168,9.77827
758545799806084,-0.29312077,0.68255264,9.780663
758545808498740,-0.2883351,0.6897311,9.783055
758545817191344,-0.28594232,0.69930243,9.797412
758545825883948,-0.2883351,0.6945168,9.783055
758545834576604,-0.28115666,0.69212395,9.787841
758545843269209,-0.28594232,0.6873383,9.77827
758545851961813,-0.2883351,0.6969096,9.783055
758545860654417,-0.2883351,0.6801598,9.783055
758545869347073,-0.29072794,0.69212395,9.797412
758545878039677,-0.2883351,0.69930243,9.780663
758545886732281,-0.276371,0.69212395,9.799805
758545895424938,-0.28594232,0.6945168,9.766306
758545904117542,-0.2883351,0.68494546,9.792626
758545912810146,-0.29312077,0.69212395,9.775877
758545921502802,-0.29072794,0.6801598,9.802198
758545930195406,-0.28594232,0.6897311,9.787841
758545938888011,-0.28594232,0.6873383,9.787841
758545947580615,-0.276371,0.6945168,9.780663
758545956273271,-0.2883351,0.69212395,9.787841
758545964965875,-0.28115666,0.6873383,9.77827
758545973658479,-0.28594232,0.6897311,9.790234
758545982351136,-0.29312077,0.6873383,9.783055
758545991043740,-0.2835495,0.6945168,9.799805
758545999736344,-0.29072794,0.69212395,9.773484
758546008429000,-0.2739782,0.69212395,9.783055
758546017121604,-0.27876383,0.6897311,9.780663
758546025814209,-0.28594232,0.6945168,9.77827
758546034506865,-0.29072794,0.6873383,9.780663
758546043199469,-0.2835495,0.68494546,9.790234
758546051892073,-0.2883351,0.68494546,9.790234
758546060584677,-0.28594232,0.68494546,9.783055
758546069277334,-0.2835495,0.6873383,9.790234
758546077969938,-0.29312077,0.6873383,9.77827
758546086662542,-0.29072794,0.68255264,9.797412
758546095355198,-0.29072794,0.69212395,9.790234
758546104047802,-0.28594232,0.6897311,9.792626
758546112740406,-0.28115666,0.6969096,9.780663
758546121433063,-0.2835495,0.6897311,9.792626
758546130125667,-0.2835495,0.68255264,9.783055
758546138818271,-0.2883351,0.69930243,9.792626
758546147510875,-0.2883351,0.68255264,9.783055
758546156203531,-0.27876383,0.6945168,9.792626
758546164896136,-0.28115666,0.6801598,9.785448
758546173588740,-0.2883351,0.68255264,9.802198
758546182281396,-0.28115666,0.6897311,9.766306
758546190974000,-0.2883351,0.6897311,9.799805
758546199666604,-0.2883351,0.68494546,9.771091
758546208359261,-0.30508488,0.6969096,9.76152
758546217051865,-0.2739782,0.6897311,9.850055
758546225744469,-0.2883351,0.68494546,9.749556
758546234437073,-0.29072794,0.68494546,9.763913
758546243129729,-0.276371,0.6873383,9.835697
758546251822334,-0.29790643,0.69212395,9.723235
758546260514938,-0.2883351,0.68255264,9.83809
758546269207594,-0.29790643,0.6897311,9.7399845
758546277900198,-0.2835495,0.6897311,9.840483
758546286592802,-0.2883351,0.6945168,9.763913
758546295285459,-0.27876383,0.68494546,9.763913
758546303978063,-0.27876383,0.6969096,9.792626
758546312670667,-0.28594232,0.69212395,9.775877
758546321363323,-0.2883351,0.68494546,9.799805
758546330055927,-0.28594232,0.6969096,9.783055
758546338748531,-0.28594232,0.68494546,9.783055
758546347441136,-0.28594232,0.6897311,9.797412
758546356133792,-0.29072794,0.6945168,9.77827
758546364826396,-0.2883351,0.68494546,9.780663
758546373519000,-0.2883351,0.6873383,9.795019
758546382211656,-0.29072794,0.69212395,9.771091
758546390904261,-0.29072794,0.69212395,9.795019
758546399596865,-0.2955136,0.6873383,9.785448
758546408289469,-0.2883351,0.6873383,9.792626
758546416982125,-0.2835495,0.69212395,9.775877
758546425674729,-0.29312077,0.68494546,9.792626
758546434367334,-0.29312077,0.6945168,9.780663
758546443059990,-0.2883351,0.6969096,9.787841
758546451752594,-0.2883351,0.6897311,9.783055
758546460445198,-0.2835495,0.69212395,9.77827
758546469137802,-0.28594232,0.6873383,9.787841
758546477830459,-0.2883351,0.6801598,9.780663
758546486523063,-0.2883351,0.6873383,9.785448
758546495215667,-0.28594232,0.68255264,9.792626
758546503908323,-0.2835495,0.6873383,9.785448
758546512600927,-0.28594232,0.6945168,9.790234
758546521293531,-0.2883351,0.68494546,9.77827
758546529986136,-0.29312077,0.68494546,9.790234
758546538678792,-0.29072794,0.69212395,9.785448
758546547371396,-0.2835495,0.68494546,9.787841
758546556064000,-0.29072794,0.6945168,9.797412
758546564756656,-0.28594232,0.70169526,9.783055
758546573449261,-0.28594232,0.69212395,9.785448
758546582141865,-0.2883351,0.6801598,9.783055
758546590834469,-0.2883351,0.6873383,9.775877
758546599527125,-0.29312077,0.68494546,9.785448
758546608219729,-0.29312077,0.68494546,9.773484
758546616912334,-0.28594232,0.69212395,9.799805
758546625604990,-0.28115666,0.6801598,9.780663
758546634297594,-0.2835495,0.68494546,9.790234
758546642990198,-0.2835495,0.6873383,9.775877
758546651682802,-0.29072794,0.69212395,9.785448
758546660375459,-0.2955136,0.6897311,9.785448
758546669068063,-0.28594232,0.69930243,9.795019
758546677760667,-0.2835495,0.6897311,9.795019
758546686453323,-0.28594232,0.69212395,9.795019
758546695145927,-0.27876383,0.68255264,9.780663
758546703838531,-0.28594232,0.6897311,9.771091
758546712531188,-0.29072794,0.68494546,9.775877
758546721223792,-0.28594232,0.6969096,9.787841
758546729916396,-0.2835495,0.6897311,9.790234
758546738609000,-0.2883351,0.6897311,9.795019
758546747301604,-0.29072794,0.6873383,9.787841
758546755994261,-0.2835495,0.6945168,9.783055
758546764686865,-0.29072794,0.69212395,9.783055
758546773379469,-0.2835495,0.6897311,9.795019
758546782072125,-0.29072794,0.68494546,9.780663
758546790764729,-0.2883351,0.6945168,9.785448
758546799457334,-0.2883351,0.69212395,9.799805
758546808149990,-0.28594232,0.6945168,9.787841
758546816842594,-0.27876383,0.68255264,9.780663
758546825535198,-0.29072794,0.6873383,9.77827
758546834227802,-0.29072794,0.69212395,9.783055
758546842920406,-0.29072794,0.68494546,9.799805
758546851613063,-0.2883351,0.6897311,9.790234
758546860305667,-0.2883351,0.6897311,9.792626
758546868998323,-0.2835495,0.68494546,9.802198
758546877690927,-0.2835495,0.6873383,9.766306
758546886383531,-0.2883351,0.6873383,9.787841
758546895076136,-0.2883351,0.68255264,9.77827
758546903768792,-0.28594232,0.6969096,9.787841
758546912461396,-0.2883351,0.68255264,9.785448
758546921154000,-0.29072794,0.68494546,9.785448
758546929846604,-0.29072794,0.6873383,9.77827
758546938539261,-0.29072794,0.6897311,9.787841
758546947231865,-0.28594232,0.6897311,9.790234
758546955924469,-0.2883351,0.6897311,9.792626
758546964617125,-0.29072794,0.69212395,9.780663
758546973309729,-0.29072794,0.69212395,9.802198
758546982002334,-0.2883351,0.6873383,9.768699
758546990694938,-0.29072794,0.6873383,9.797412
758546999387594,-0.2835495,0.6801598,9.77827
758547008080198,-0.29312077,0.68494546,9.799805
758547016772802,-0.29312077,0.6873383,9.775877
758547025465406,-0.29072794,0.68255264,9.783055
758547034158063,-0.2835495,0.6897311,9.773484
758547042850667,-0.29072794,0.68255264,9.799805
758547051543271,-0.28594232,0.6897311,9.783055
758547060235875,-0.2883351,0.69212395,9.795019
758547068928531,-0.28594232,0.6945168,9.773484
758547077621136,-0.2883351,0.6945168,9.783055
758547086313740,-0.2835495,0.69212395,9.790234
758547095006396,-0.2835495,0.68255264,9.780663
758547103699000,-0.28594232,0.6897311,9.792626
758547112391604,-0.29312077,0.69212395,9.785448
758547121084209,-0.2883351,0.6873383,9.785448
758547129776865,-0.28594232,0.6897311,9.775877
758547138469469,-0.29072794,0.6897311,9.780663
758547147162073,-0.28115666,0.68494546,9.790234
758547155854677,-0.28594232,0.6873383,9.785448
758547164547334,-0.29312077,0.69930243,9.795019
758547173239938,-0.28594232,0.69212395,9.795019
758547181932542,-0.28594232,0.69212395,9.77827
758547190625146,-0.2883351,0.6897311,9.790234
758547199317802,-0.28594232,0.6873383,9.773484
758547208010406,-0.2835495,0.6945168,9.790234
758547216703011,-0.29072794,0.6945168,9.787841
758547225395667,-0.2883351,0.6873383,9.792626
758547234088271,-0.29072794,0.6897311,9.77827
758547242780875,-0.2883351,0.6873383,9.785448
758547251473479,-0.27876383,0.67776704,9.77827
758547260166136,-0.2883351,0.69212395,9.790234
758547268858740,-0.28594232,0.6873383,9.77827
758547277551344,-0.28115666,0.6873383,9.787841
758547286243948,-0.29312077,0.6945168,9.792626
758547294936604,-0.29072794,0.68494546,9.780663
758547303629209,-0.2883351,0.6873383,9.795019
758547312321813,-0.28115666,0.6873383,9.792626
758547321014417,-0.29072794,0.6945168,9.783055
758547329707073,-0.2835495,0.6897311,9.780663
758547338399677,-0.2883351,0.68255264,9.77827
758547347092281,-0.2835495,0.68255264,9.787841
758547355784886,-0.29072794,0.69212395,9.783055
758547364477542,-0.29072794,0.68255264,9.790234
758547373170146,-0.29312077,0.69212395,9.802198
758547381862750,-0.2883351,0.69212395,9.77827
758547390555406,-0.28594232,0.69212395,9.792626
758547399248011,-0.28594232,0.68494546,9.773484
758547407940615,-0.2835495,0.6873383,9.795019
758547416633219,-0.2883351,0.6969096,9.787841
758547425325875,-0.2883351,0.69212395,9.787841
758547434018479,-0.2883351,0.6873383,9.77827
758547442711084,-0.28594232,0.69212395,9.783055
758547451403688,-0.2883351,0.68255264,9.775877
758547460096292,-0.2955136,0.68494546,9.795019
758547468788948,-0.29312077,0.69212395,9.775877
758547477481552,-0.29072794,0.68494546,9.787841
758547486174156,-0.28594232,0.69212395,9.783055
758547494866813,-0.29072794,0.6801598,9.780663
758547503559417,-0.2883351,0.6897311,9.795019
758547512252021,-0.29072794,0.6873383,9.787841
758547520944625,-0.2883351,0.69212395,9.780663
758547529637281,-0.2883351,0.6945168,9.787841
758547538329886,-0.2955136,0.68255264,9.790234
758547547022490,-0.28594232,0.68494546,9.77827
758547555715094,-0.29072794,0.6897311,9.77827
758547564407750,-0.29072794,0.6801598,9.773484
758547573100354,-0.2835495,0.68494546,9.792626
758547581792959,-0.29312077,0.6873383,9.76152
758547590485563,-0.28594232,0.67776704,9.749556
758547599178219,-0.31465617,0.6753742,9.706485
758547607870823,-0.3074777,0.68494546,9.926624
758547616563427,-0.23569304,0.71365935,9.938589
758547625256031,-0.25722843,0.7256235,9.634701
758547633948688,-0.30987054,0.6945168,9.692128
758547642641292,-0.28594232,0.6897311,9.802198
758547651333896,-0.27876383,0.6729814,9.862019
758547660026552,-0.33379877,0.6658029,9.77827
758547668719104,-0.30029923,0.6729814,9.77827
758547677411761,-0.25722843,0.69930243,9.821341
758547686104365,-0.276371,0.69212395,9.742377
758547694796969,-0.28594232,0.6801598,9.692128
758547703489625,-0.29072794,0.67776704,9.806984
758547712182229,-0.29072794,0.6801598,9.826126
758547720874834,-0.30508488,0.68494546,9.8117695
758547729567438,-0.28594232,0.6969096,9.792626
758547738260094,-0.276371,0.7040881,9.775877
758547746952698,-0.26919255,0.70648086,9.821341
758547755645302,-0.26919255,0.6969096,9.775877
758547764337906,-0.27876383,0.6897311,9.742377
758547773030563,-0.30029923,0.6729814,9.785448
758547781723167,-0.30508488,0.67776704,9.814162
758547790415771,-0.29072794,0.6801598,9.816555
758547799108375,-0.2835495,0.68494546,9.763913
758547807801031,-0.28115666,0.6897311,9.759128
758547816493636,-0.27876383,0.6873383,9.754341
758547825186240,-0.2835495,0.6873383,9.773484
758547833878844,-0.29072794,0.6969096,9.799805
758547842571500,-0.2955136,0.6753742,9.792626
758547851264104,-0.2955136,0.69212395,9.787841
758547859956709,-0.2739782,0.6897311,9.799805
758547868649365,-0.2620141,0.69930243,9.790234
758547877341917,-0.26919255,0.70169526,9.787841
758547886034573,-0.27876383,0.6969096,9.775877
758547894727177,-0.28115666,0.6945168,9.775877
758547903419781,-0.28115666,0.68494546,9.792626
758547912112438,-0.29312077,0.6873383,9.795019
758547920805042,-0.29312077,0.68494546,9.809377
758547929497646,-0.2835495,0.6897311,9.787841
758547938190250,-0.28115666,0.6897311,9.756734
758547946882854,-0.2835495,0.6873383,9.783055
758547955575511,-0.2883351,0.6873383,9.780663
758547964268115,-0.28594232,0.68494546,9.783055
758547972960719,-0.29072794,0.6873383,9.77827
758547981653375,-0.29312077,0.6945168,9.77827
758547990345979,-0.29312077,0.6945168,9.797412
758547999038584,-0.28115666,0.6897311,9.795019
758548007731188,-0.276371,0.6969096,9.775877
758548016423792,-0.276371,0.6873383,9.763913
758548025116448,-0.29072794,0.6945168,9.771091
758548033809052,-0.30029923,0.68494546,9.790234
758548042501656,-0.2883351,0.6873383,9.814162
758548051194261,-0.2955136,0.6897311,9.783055
758548059886865,-0.276371,0.69212395,9.783055
758548068579521,-0.27876383,0.6969096,9.768699
758548077272125,-0.276371,0.6969096,9.780663
758548085964729,-0.29072794,0.68255264,9.785448
758548094657386,-0.28594232,0.6945168,9.823733
758548103349990,-0.30029923,0.68494546,9.771091
758548112042594,-0.2883351,0.69212395,9.795019
758548120735198,-0.27876383,0.68255264,9.768699
758548129427854,-0.27876383,0.6873383,9.783055
758548138120459,-0.28594232,0.6801598,9.759128
758548146813063,-0.2835495,0.68494546,9.790234
758548155505667,-0.2883351,0.68255264,9.790234
758548164198323,-0.29072794,0.6897311,9.799805
758548172890927,-0.2883351,0.6897311,9.768699
758548181583531,-0.27876383,0.69212395,9.790234
758548190276136,-0.28115666,0.6945168,9.76152
758548198968792,-0.2835495,0.6873383,9.787841
758548207661396,-0.2835495,0.6897311,9.783055
758548216354000,-0.29312077,0.6897311,9.797412
758548225046604,-0.29072794,0.6873383,9.780663
758548233739261,-0.2835495,0.6897311,9.783055
758548242431865,-0.28115666,0.68494546,9.756734
758548251124469,-0.2835495,0.6873383,9.790234
758548259817073,-0.2883351,0.6897311,9.785448
758548268509677,-0.29072794,0.69212395,9.799805
758548277202334,-0.29312077,0.69212395,9.775877
758548285894938,-0.28594232,0.69930243,9.795019
758548294587542,-0.28115666,0.69930243,9.768699
758548303280198,-0.2835495,0.6897311,9.785448
758548311972802,-0.29072794,0.6897311,9.773484
758548320665406,-0.29312077,0.6873383,9.783055
758548329358011,-0.28115666,0.6897311,9.790234
758548338050615,-0.28594232,0.6897311,9.795019
758548346743271,-0.28594232,0.6897311,9.771091
758548355435875,-0.28115666,0.68255264,9.780663
758548364128479,-0.28594232,0.69212395,9.783055
758548372821084,-0.2883351,0.6897311,9.792626
758548381513740,-0.2835495,0.6897311,9.785448
758548390206344,-0.28594232,0.69930243,9.780663
758548398898948,-0.2835495,0.6897311,9.780663
758548407591552,-0.28594232,0.69930243,9.780663
758548416284209,-0.28594232,0.6897311,9.790234
758548424976813,-0.2883351,0.6897311,9.773484
758548433669417,-0.2835495,0.6945168,9.787841
758548442362021,-0.28115666,0.6873383,9.768699
758548451054677,-0.28594232,0.6897311,9.780663
758548459747281,-0.28594232,0.6873383,9.790234
758548468439886,-0.2883351,0.6897311,9.783055
758548477132542,-0.28594232,0.69212395,9.771091
758548485825146,-0.29072794,0.6897311,9.792626
758548494517750,-0.29312077,0.68494546,9.780663
758548503210354,-0.2883351,0.6897311,9.787841
758548511903011,-0.28115666,0.68494546,9.77827
758548520595615,-0.28594232,0.6969096,9.783055
758548529288219,-0.276371,0.6945168,9.787841
758548537980823,-0.2835495,0.68494546,9.785448
758548546673479,-0.2883351,0.6897311,9.792626
758548555366084,-0.29072794,0.6897311,9.783055
758548564058688,-0.29072794,0.6873383,9.77827
758548572751292,-0.2835495,0.69212395,9.790234
758548581443948,-0.28594232,0.6873383,9.77827
758548590136552,-0.28594232,0.68255264,9.775877
758548598829156,-0.2835495,0.68494546,9.792626
758548607521813,-0.2835495,0.68494546,9.773484
758548616214417,-0.2835495,0.69212395,9.77827
758548624907021,-0.29312077,0.68255264,9.783055
758548633599625,-0.2883351,0.68494546,9.787841
758548642292281,-0.2883351,0.68494546,9.790234
758548650984886,-0.28594232,0.6873383,9.785448
758548659677490,-0.2835495,0.6873383,9.77827
758548668370146,-0.2883351,0.69212395,9.799805
758548677062750,-0.29072794,0.6969096,9.771091
758548685755354,-0.2835495,0.68494546,9.797412
758548694447959,-0.29072794,0.68494546,9.768699
758548703140615,-0.29072794,0.6945168,9.792626
758548711833219,-0.28115666,0.69212395,9.77827
758548720525823,-0.2835495,0.67776704,9.785448
758548729218427,-0.27876383,0.6945168,9.790234
758548737911084,-0.28594232,0.6897311,9.77827
758548746603688,-0.2883351,0.6969096,9.775877
758548755296292,-0.28594232,0.6873383,9.780663
758548763988948,-0.2955136,0.6873383,9.775877
758548772681552,-0.2835495,0.6897311,9.792626
758548781374156,-0.28594232,0.6873383,9.775877
758548790066813,-0.28115666,0.6969096,9.790234
758548798759417,-0.28594232,0.70169526,9.785448
758548807452021,-0.2883351,0.69212395,9.785448
758548816144625,-0.28594232,0.6873383,9.780663
758548824837281,-0.2955136,0.68494546,9.799805
758548833529886,-0.2883351,0.6873383,9.783055
758548842222490,-0.28594232,0.69212395,9.795019
758548850915146,-0.2883351,0.6897311,9.771091
758548859607750,-0.276371,0.69930243,9.797412
758548868300354,-0.28594232,0.6873383,9.773484
758548876992959,-0.27876383,0.6945168,9.802198
758548885685615,-0.28594232,0.6897311,9.780663
758548894378219,-0.28115666,0.6897311,9.785448
758548903070823,-0.28115666,0.69212395,9.785448
758548911763479,-0.28594232,0.6945168,9.799805
758548920456084,-0.28594232,0.68255264,9.768699
758548929148688,-0.2835495,0.6945168,9.809377
758548937841292,-0.29072794,0.69212395,9.771091
758548946533948,-0.2883351,0.69212395,9.792626
758548955226552,-0.2883351,0.6873383,9.775877
758548963919156,-0.2883351,0.6801598,9.77827
758548972611761,-0.29072794,0.69212395,9.792626
758548981304417,-0.2883351,0.69212395,9.785448
758548989997021,-0.28115666,0.6897311,9.77827
758548998689625,-0.27876383,0.68255264,9.785448
758549007382281,-0.28594232,0.68494546,9.771091
758549016074886,-0.2835495,0.69212395,9.785448
758549024767490,-0.29312077,0.69212395,9.77827
758549033460094,-0.28594232,0.6969096,9.799805
758549042152750,-0.28594232,0.69930243,9.792626
758549050845354,-0.29072794,0.6945168,9.775877
758549059537959,-0.27876383,0.68255264,9.785448
758549068230615,-0.29072794,0.68494546,9.783055
758549076923219,-0.2955136,0.68255264,9.790234
758549085615823,-0.2835495,0.68494546,9.783055
758549094308479,-0.28115666,0.69930243,9.795019
758549103001084,-0.2835495,0.69212395,9.780663
758549111693688,-0.2883351,0.6873383,9.77827
758549120386292,-0.27876383,0.68494546,9.783055
758549129078948,-0.29312077,0.6873383,9.771091
758549137771552,-0.29312077,0.6945168,9.797412
758549146464156,-0.2883351,0.69930243,9.792626
758549155156813,-0.29072794,0.6897311,9.792626
758549163849417,-0.276371,0.6897311,9.773484
758549172542021,-0.27876383,0.69212395,9.783055
758549181234625,-0.2955136,0.6873383,9.763913
758549189927281,-0.2883351,0.6873383,9.792626
758549198619886,-0.29072794,0.69212395,9.785448
758549207312490,-0.29072794,0.6945168,9.797412
758549216005146,-0.2835495,0.69212395,9.792626
758549224697750,-0.2835495,0.6897311,9.771091
758549233390354,-0.28594232,0.6897311,9.780663
758549242082959,-0.29072794,0.6873383,9.775877
758549250775615,-0.28594232,0.6873383,9.790234
758549259468219,-0.29072794,0.6873383,9.787841
758549268160823,-0.29072794,0.68255264,9.790234
758549276853479,-0.28115666,0.68494546,9.780663
758549285546084,-0.28115666,0.6873383,9.77827
758549294238688,-0.28594232,0.69212395,9.785448
758549302931292,-0.2835495,0.6897311,9.787841
758549311623948,-0.2883351,0.6873383,9.790234
758549320316552,-0.29072794,0.69212395,9.785448
758549329009156,-0.2883351,0.6873383,9.790234
758549337701813,-0.2883351,0.6897311,9.768699
758549346394417,-0.2883351,0.6969096,9.795019
758549355087021,-0.29072794,0.68494546,9.773484
758549363779625,-0.28594232,0.68494546,9.787841
758549372472281,-0.28115666,0.6873383,9.792626
758549381164886,-0.28594232,0.6873383,9.77827
758549389857490,-0.2883351,0.6873383,9.785448
758549398550094,-0.2835495,0.6873383,9.77827
758549407242750,-0.28115666,0.6945168,9.797412
758549415935354,-0.29072794,0.6801598,9.783055
758549424627959,-0.29072794,0.6873383,9.787841
758549433320615,-0.28115666,0.68494546,9.763913
758549442013219,-0.29072794,0.6969096,9.792626
758549450705823,-0.29072794,0.68494546,9.77827
758549459398427,-0.28594232,0.6897311,9.792626
758549468091084,-0.27876383,0.68494546,9.783055
758549476783688,-0.28115666,0.69212395,9.792626
758549485476292,-0.27876383,0.6897311,9.77827
758549494168948,-0.29312077,0.69212395,9.775877
758549502861552,-0.29312077,0.6897311,9.792626
758549511554156,-0.2883351,0.6801598,9.77827
758549520246761,-0.28115666,0.69212395,9.797412
758549528939417,-0.2835495,0.6897311,9.783055
758549537632021,-0.28115666,0.6945168,9.787841
758549546324625,-0.27876383,0.69930243,9.77827
758549555017281,-0.2835495,0.6897311,9.780663
758549563709886,-0.29312077,0.6801598,9.783055
758549572402490,-0.2883351,0.6801598,9.797412
758549581095094,-0.2955136,0.6945168,9.77827
758549589787750,-0.28115666,0.68494546,9.785448
758549598480354,-0.29072794,0.6945168,9.787841
758549607172959,-0.2835495,0.6897311,9.775877
758549615865563,-0.2883351,0.68494546,9.795019
758549624558219,-0.29312077,0.68494546,9.76152
758549633250823,-0.27876383,0.6945168,9.809377
758549641943427,-0.29312077,0.6945168,9.785448
758549650636084,-0.28115666,0.6969096,9.771091
758549659328688,-0.2835495,0.6873383,9.787841
758549668021292,-0.2883351,0.6897311,9.780663
758549676713896,-0.28115666,0.68494546,9.795019
758549685406552,-0.29072794,0.69212395,9.771091
758549694099156,-0.29072794,0.6873383,9.768699
758549702791761,-0.2955136,0.69212395,9.787841
758549711484417,-0.2955136,0.68255264,9.787841
758549720177021,-0.28594232,0.6897311,9.802198
758549728869625,-0.28115666,0.6897311,9.790234
758549737562229,-0.2835495,0.6897311,9.768699
758549746254886,-0.2883351,0.69930243,9.785448
758549754947490,-0.2883351,0.68255264,9.766306
758549763640094,-0.2883351,0.69212395,9.795019
758549772332698,-0.27876383,0.69212395,9.804591
758549781025354,-0.28594232,0.6945168,9.797412
758549789717959,-0.28594232,0.69212395,9.756734
758549798410563,-0.28594232,0.69212395,9.783055
758549807103219,-0.2883351,0.6945168,9.771091
758549815795823,-0.28594232,0.6873383,9.799805
758549824488427,-0.28115666,0.6897311,9.780663
758549833181031,-0.2883351,0.69212395,9.787841
758549841873688,-0.28594232,0.68494546,9.783055
758549850566292,-0.2883351,0.6873383,9.77827
758549859258896,-0.27876383,0.69212395,9.790234
758549867951500,-0.276371,0.6873383,9.771091
758549876644156,-0.2835495,0.6969096,9.785448
758549885336761,-0.2883351,0.6897311,9.771091
758549894029365,-0.2883351,0.6945168,9.795019
758549902722021,-0.28594232,0.6897311,9.787841
758549911414625,-0.2883351,0.69212395,9.780663
758549920107229,-0.28115666,0.6945168,9.787841
758549928799886,-0.28594232,0.6945168,9.773484
758549937492490,-0.2883351,0.6897311,9.775877
758549946185094,-0.29072794,0.6873383,9.785448
758549954877698,-0.29072794,0.68494546,9.77827
758549963570354,-0.2835495,0.6897311,9.780663
758549972262959,-0.27876383,0.68255264,9.775877
758549980955563,-0.2883351,0.68255264,9.773484
758549989648219,-0.28594232,0.68494546,9.773484
758549998340823,-0.2835495,0.69212395,9.802198
758550007033427,-0.2835495,0.69212395,9.773484
758550015726084,-0.2883351,0.69212395,9.783055
758550024418688,-0.2883351,0.6801598,9.771091
758550033111292,-0.28115666,0.68255264,9.780663
758550041803948,-0.29312077,0.69212395,9.773484
758550050496552,-0.2835495,0.6873383,9.785448
758550059189156,-0.28594232,0.69212395,9.77827
758550067881761,-0.28594232,0.6969096,9.787841
758550076574417,-0.2835495,0.6873383,9.77827
758550085267021,-0.2883351,0.6897311,9.787841
758550093959625,-0.2883351,0.68494546,9.768699
758550102652281,-0.2955136,0.6873383,9.780663
758550111344886,-0.2835495,0.6873383,9.783055
758550120037490,-0.2883351,0.69212395,9.785448
758550128730094,-0.28115666,0.6873383,9.787841
758550137422750,-0.28115666,0.68494546,9.773484
758550146115354,-0.2883351,0.6945168,9.77827
758550154807959,-0.28594232,0.68494546,9.775877
758550163500615,-0.29312077,0.6873383,9.792626
758550172193219,-0.2835495,0.6873383,9.787841
758550180885823,-0.29790643,0.6897311,9.787841
758550189578479,-0.2835495,0.6945168,9.780663
758550198271084,-0.28115666,0.6897311,9.785448
758550206963688,-0.2883351,0.6897311,9.771091
758550215656292,-0.28594232,0.69930243,9.792626
758550224348948,-0.2883351,0.6897311,9.775877
758550233041552,-0.2883351,0.69212395,9.795019
758550241734209,-0.29312077,0.6873383,9.77827
758550250426813,-0.28115666,0.6873383,9.783055
758550259119417,-0.2835495,0.68494546,9.775877
758550267812021,-0.29072794,0.69212395,9.780663
758550276504677,-0.2883351,0.6897311,9.766306
758550285197281,-0.29072794,0.6969096,9.787841
758550293889886,-0.28594232,0.68494546,9.795019
758550302582542,-0.29072794,0.69212395,9.780663
758550311275146,-0.2835495,0.69212395,9.77827
758550319967750,-0.2835495,0.6897311,9.773484
758550328660406,-0.29312077,0.69930243,9.785448
758550337353011,-0.2883351,0.6969096,9.792626
758550346045615,-0.28594232,0.68494546,9.775877
758550354738271,-0.28594232,0.6945168,9.790234
758550363430875,-0.2883351,0.68255264,9.773484
758550372123479,-0.29312077,0.6897311,9.792626
758550380816084,-0.2883351,0.68494546,9.780663
758550389508740,-0.2835495,0.68255264,9.787841
758550398201344,-0.29312077,0.6945168,9.783055
758550406894000,-0.2883351,0.6945168,9.790234
758550415586604,-0.2835495,0.6873383,9.77827
758550424279209,-0.28594232,0.68494546,9.77827
758550432971865,-0.29072794,0.69212395,9.771091
758550441664469,-0.2883351,0.6969096,9.797412
758550450357073,-0.28115666,0.6897311,9.783055
758550459049729,-0.27876383,0.6945168,9.780663
758550467742334,-0.29072794,0.68494546,9.783055
758550476434938,-0.2883351,0.69212395,9.780663
758550485127594,-0.28594232,0.69212395,9.790234
758550493820198,-0.28594232,0.69212395,9.783055
758550502512802,-0.2883351,0.6897311,9.775877
758550511205459,-0.29072794,0.6897311,9.787841
758550519898063,-0.29072794,0.6969096,9.771091
758550528590667,-0.2835495,0.69212395,9.783055
758550537283323,-0.2835495,0.6897311,9.797412
758550545975927,-0.29312077,0.6945168,9.783055
758550554668531,-0.2835495,0.69212395,9.785448
758550563361188,-0.27876383,0.69212395,9.775877
758550572053792,-0.2883351,0.6897311,9.780663
758550580746396,-0.2883351,0.68255264,9.780663
758550589439052,-0.29312077,0.6945168,9.787841
758550598131656,-0.2835495,0.6897311,9.790234
758550606824261,-0.28594232,0.68255264,9.773484
758550615516917,-0.29072794,0.6897311,9.780663
758550624209521,-0.28594232,0.68494546,9.780663
758550632902125,-0.2955136,0.6969096,9.787841
758550641594781,-0.28115666,0.6873383,9.783055
758550650287386,-0.2835495,0.6897311,9.785448
758550658979990,-0.2835495,0.6945168,9.785448
758550667672646,-0.276371,0.6873383,9.780663
758550676365250,-0.28115666,0.6897311,9.763913
758550685057854,-0.29072794,0.69212395,9.790234
758550693750511,-0.2835495,0.6873383,9.787841
758550702443115,-0.28594232,0.6873383,9.771091
758550711135719,-0.2883351,0.69212395,9.785448
758550719828375,-0.2955136,0.6945168,9.785448
758550728520979,-0.2835495,0.6897311,9.780663
758550737213584,-0.2835495,0.68255264,9.77827
758550745906240,-0.28115666,0.68255264,9.775877
758550754598844,-0.2883351,0.6945168,9.787841
758550763291500,-0.2835495,0.69212395,9.77827
758550771984104,-0.27876383,0.69212395,9.787841
758550780676709,-0.2883351,0.6873383,9.787841
758550789369365,-0.28115666,0.70169526,9.783055
758550798061969,-0.28594232,0.6969096,9.775877
758550806754573,-0.29312077,0.6897311,9.790234
758550815447229,-0.29072794,0.6873383,9.792626
758550824139834,-0.29072794,0.68255264,9.795019
758550832832438,-0.2883351,0.6873383,9.790234
758550841525094,-0.29072794,0.6801598,9.766306
758550850217698,-0.2835495,0.6897311,9.77827
758550858910302,-0.29072794,0.6873383,9.785448
758550867602959,-0.2883351,0.6873383,9.790234
758550876295563,-0.28594232,0.6873383,9.77827
758550884988167,-0.27876383,0.69212395,9.785448
758550893680823,-0.2883351,0.6945168,9.775877
758550902373427,-0.28594232,0.6897311,9.785448
758550911066031,-0.2883351,0.6897311,9.780663
758550919758688,-0.2835495,0.6873383,9.780663
758550928451292,-0.28115666,0.6897311,9.790234
758550937143896,-0.2835495,0.6897311,9.787841
758550945836552,-0.29072794,0.6897311,9.773484
758550954529156,-0.28594232,0.69212395,9.787841
758550963221761,-0.29072794,0.68494546,9.775877
758550971914417,-0.2835495,0.6873383,9.795019
758550980607021,-0.28594232,0.68494546,9.787841
758550989299625,-0.2883351,0.6945168,9.785448
758550997992281,-0.28594232,0.6897311,9.773484
758551006684886,-0.28594232,0.6897311,9.799805
758551015377490,-0.28115666,0.6801598,9.77827
758551024070146,-0.2883351,0.6873383,9.783055
758551032762750,-0.2883351,0.6897311,9.77827
758551041455354,-0.29072794,0.6873383,9.795019
758551050148011,-0.28594232,0.69930243,9.773484
758551058840615,-0.2883351,0.6873383,9.792626
758551067533219,-0.2835495,0.6873383,9.783055
758551076225875,-0.29072794,0.6873383,9.802198
758551084918479,-0.28594232,0.6945168,9.780663
758551093611084,-0.29072794,0.6897311,9.795019
758551102303740,-0.2835495,0.68255264,9.77827
758551110996344,-0.28115666,0.6945168,9.787841
758551119688948,-0.2835495,0.68255264,9.773484
758551128381604,-0.29312077,0.6873383,9.806984
758551137074209,-0.29072794,0.6969096,9.771091
758551145766813,-0.28594232,0.6945168,9.790234
758551154459469,-0.2883351,0.6897311,9.773484
758551163152073,-0.27876383,0.6873383,9.783055
758551171844677,-0.28594232,0.6897311,9.775877
758551180537334,-0.2883351,0.6969096,9.783055
758551189229938,-0.2835495,0.69212395,9.785448
758551197922542,-0.28115666,0.6945168,9.804591
758551206615198,-0.2835495,0.6969096,9.780663
758551215307802,-0.28594232,0.6873383,9.773484
758551224000406,-0.28115666,0.6945168,9.795019
758551232693063,-0.2883351,0.68494546,9.773484
758551241385667,-0.29072794,0.68255264,9.790234
758551250078323,-0.29072794,0.68255264,9.783055
758551258770927,-0.28594232,0.69212395,9.790234
758551267463531,-0.28594232,0.6897311,9.780663
758551276156188,-0.28594232,0.6897311,9.775877
758551284848792,-0.27876383,0.68255264,9.785448
758551293541396,-0.2835495,0.6945168,9.77827
758551302234052,-0.28594232,0.69212395,9.783055
758551310926656,-0.2883351,0.69212395,9.783055
758551319619261,-0.27876383,0.6873383,9.783055
758551328311917,-0.28594232,0.6873383,9.77827
758551337004521,-0.28594232,0.68494546,9.783055
758551345697125,-0.2835495,0.68255264,9.77827
758551354389781,-0.2883351,0.68494546,9.790234
758551363082386,-0.2883351,0.6945168,9.775877
758551371774990,-0.29312077,0.68255264,9.787841
758551380467646,-0.2883351,0.6873383,9.768699
758551389160250,-0.2883351,0.6873383,9.792626
758551397852854,-0.27876383,0.6873383,9.780663
758551406545511,-0.28594232,0.68494546,9.790234
758551415238115,-0.2835495,0.6873383,9.766306
758551423930719,-0.28594232,0.69212395,9.773484
758551432623375,-0.2955136,0.68255264,9.783055
758551441315979,-0.2883351,0.68494546,9.787841
758551450008584,-0.29072794,0.6873383,9.783055
758551458701240,-0.29312077,0.6897311,9.790234
758551467393844,-0.2883351,0.6873383,9.780663
758551476086448,-0.2883351,0.6897311,9.790234
758551484779104,-0.2835495,0.68494546,9.780663
758551493471709,-0.29072794,0.6873383,9.790234
758551502164313,-0.29312077,0.6873383,9.790234
758551510856969,-0.27876383,0.6945168,9.799805
758551519549573,-0.28115666,0.6969096,9.783055
758551528242177,-0.28115666,0.69212395,9.783055
758551536934834,-0.28115666,0.69212395,9.773484
758551545627438,-0.28594232,0.67776704,9.785448
758551554320042,-0.2835495,0.6873383,9.783055
758551563012698,-0.2835495,0.6873383,9.792626
758551571705302,-0.27876383,0.6873383,9.77827
758551580397906,-0.28594232,0.69930243,9.790234
758551589090563,-0.2835495,0.6897311,9.787841
758551597783167,-0.2835495,0.6945168,9.790234
758551606475771,-0.2883351,0.68494546,9.783055
758551615168427,-0.2883351,0.6897311,9.792626
758551623861031,-0.2883351,0.68494546,9.76152
758551632553636,-0.29072794,0.69930243,9.792626
758551641246292,-0.28115666,0.6801598,9.771091
758551649938896,-0.29072794,0.6897311,9.795019
758551658631500,-0.2883351,0.6897311,9.787841
758551667324156,-0.29072794,0.69212395,9.790234
758551676016761,-0.28115666,0.6945168,9.775877
758551684709365,-0.2835495,0.6897311,9.792626
758551693402021,-0.2883351,0.6873383,9.768699
758551702094625,-0.29072794,0.69212395,9.797412
758551710787229,-0.2883351,0.68494546,9.773484
758551719479886,-0.2883351,0.6945168,9.795019
758551728172490,-0.2835495,0.68255264,9.783055
758551736865094,-0.28594232,0.6801598,9.783055
758551745557750,-0.2835495,0.6945168,9.790234
758551754250354,-0.2835495,0.6873383,9.783055
758551762942959,-0.28594232,0.6873383,9.771091
758551771635615,-0.28594232,0.6897311,9.799805
758551780328219,-0.2835495,0.6897311,9.775877
758551789020823,-0.28594232,0.6873383,9.785448
758551797713479,-0.2955136,0.68494546,9.77827
758551806406084,-0.29072794,0.68494546,9.785448
758551815098688,-0.276371,0.6801598,9.797412
758551823791344,-0.2883351,0.6945168,9.77827
758551832483948,-0.28594232,0.6897311,9.773484
758551841176552,-0.28594232,0.68255264,9.783055
758551849869209,-0.2835495,0.6897311,9.783055
758551858561813,-0.2883351,0.68255264,9.787841
758551867254417,-0.276371,0.6897311,9.790234
758551875947073,-0.2835495,0.6897311,9.775877
758551884639677,-0.29072794,0.6945168,9.775877
758551893332281,-0.29312077,0.69212395,9.787841
758551902024938,-0.28115666,0.6897311,9.785448
758551910717542,-0.28594232,0.6801598,9.795019
758551919410146,-0.29790643,0.68494546,9.77827
758551928102802,-0.2883351,0.69212395,9.783055
758551936795406,-0.2835495,0.6969096,9.775877
758551945488011,-0.27876383,0.6873383,9.787841
758551954180667,-0.28594232,0.6873383,9.787841
758551962873271,-0.28594232,0.68494546,9.785448
758551971565875,-0.2883351,0.6873383,9.775877
758551980258531,-0.29072794,0.70169526,9.787841
758551988951136,-0.28594232,0.69212395,9.780663
758551997643740,-0.27876383,0.6945168,9.787841
758552006336396,-0.2835495,0.6945168,9.785448
758552015029000,-0.28594232,0.6897311,9.77827
758552023721604,-0.2835495,0.6873383,9.780663
758552032414261,-0.2883351,0.6801598,9.787841
758552041106865,-0.28594232,0.6873383,9.787841
758552049799469,-0.29072794,0.6897311,9.790234
758552058492125,-0.28594232,0.6873383,9.792626
758552067184729,-0.2835495,0.69930243,9.787841
758552075877334,-0.29072794,0.69212395,9.780663
758552084569990,-0.2883351,0.69212395,9.780663
758552093262594,-0.29072794,0.6897311,9.775877
758552101955198,-0.2883351,0.69212395,9.787841
758552110647854,-0.28115666,0.69212395,9.790234
758552119340459,-0.2883351,0.6945168,9.787841
758552128033063,-0.2835495,0.69212395,9.77827
758552136725719,-0.28115666,0.69930243,9.768699
758552145418323,-0.29072794,0.69212395,9.785448
758552154110927,-0.29312077,0.6801598,9.787841
758552162803584,-0.29072794,0.6945168,9.790234
758552171496188,-0.2835495,0.6945168,9.790234
758552180188792,-0.28115666,0.68494546,9.773484
758552188881448,-0.29312077,0.6897311,9.783055
758552197574052,-0.28594232,0.68494546,9.783055
758552206266656,-0.2883351,0.6897311,9.787841
758552214959313,-0.29312077,0.6873383,9.780663
758552223651917,-0.2883351,0.6897311,9.787841
758552232344521,-0.2955136,0.69212395,9.785448
758552241037177,-0.2835495,0.6897311,9.797412
758552249729781,-0.29072794,0.6873383,9.766306
758552258422386,-0.2835495,0.69212395,9.795019
758552267115042,-0.2835495,0.6897311,9.783055
758552275807646,-0.2835495,0.6897311,9.797412
758552284500250,-0.2835495,0.69212395,9.792626
758552293192906,-0.2883351,0.6897311,9.787841
758552301885511,-0.28594232,0.6897311,9.780663
758552310578115,-0.2835495,0.68494546,9.787841
758552319270771,-0.28115666,0.69212395,9.787841
758552327963375,-0.27876383,0.69212395,9.785448
758552336655979,-0.2883351,0.6969096,9.787841
758552345348584,-0.28594232,0.6945168,9.785448
758552354041240,-0.28594232,0.6897311,9.790234
758552362733844,-0.2883351,0.6945168,9.783055
758552371426448,-0.28594232,0.6969096,9.790234
758552380119104,-0.28115666,0.6897311,9.787841
758552388811709,-0.28115666,0.69212395,9.773484
758552397504365,-0.2883351,0.69212395,9.795019
758552406196969,-0.2835495,0.6873383,9.780663
758552414889573,-0.2883351,0.69212395,9.795019
758552423582177,-0.28594232,0.68255264,9.780663
758552432274834,-0.28594232,0.6801598,9.780663
758552440967438,-0.2835495,0.6945168,9.783055
758552449660042,-0.28115666,0.6873383,9.783055
758552458352698,-0.28115666,0.6945168,9.77827
758552467045302,-0.2883351,0.68494546,9.785448
758552475737906,-0.2835495,0.6945168,9.775877
758552484430563,-0.29072794,0.69930243,9.77827
758552493123167,-0.2835495,0.6897311,9.780663
758552501815771,-0.29072794,0.6945168,9.783055
758552510508427,-0.2835495,0.6873383,9.77827
758552519201031,-0.29312077,0.6897311,9.787841
758552527893636,-0.28115666,0.68494546,9.787841
758552536586292,-0.2835495,0.69212395,9.790234
758552545278896,-0.28115666,0.69212395,9.775877
758552553971500,-0.29072794,0.6897311,9.785448
758552562664156,-0.28115666,0.69212395,9.797412
758552571356761,-0.28594232,0.6945168,9.787841
758552580049365,-0.27876383,0.6945168,9.785448
758552588742021,-0.29790643,0.68494546,9.780663
758552597434625,-0.2883351,0.6969096,9.792626
758552606127229,-0.27876383,0.6873383,9.783055
758552614819886,-0.2883351,0.6945168,9.780663
758552623512490,-0.28115666,0.6969096,9.790234
758552632205094,-0.29312077,0.6945168,9.773484
758552640897750,-0.2835495,0.6873383,9.783055
758552649590354,-0.29312077,0.69212395,9.787841
758552658282959,-0.29072794,0.6969096,9.785448
758552666975563,-0.2883351,0.68255264,9.795019
758552675668219,-0.28115666,0.6945168,9.783055
758552684360823,-0.2835495,0.6873383,9.787841
758552693053427,-0.2835495,0.6897311,9.780663
758552701746084,-0.28594232,0.69212395,9.792626
758552710438688,-0.2835495,0.68494546,9.77827
758552719131292,-0.28115666,0.69212395,9.787841
758552727823948,-0.30029923,0.68494546,9.773484
758552736516552,-0.28594232,0.6945168,9.809377
758552745209156,-0.29072794,0.6945168,9.775877
758552753901813,-0.27876383,0.68494546,9.792626
758552762594417,-0.28115666,0.6969096,9.766306
758552771287021,-0.2883351,0.6873383,9.77827
758552779979677,-0.2883351,0.6897311,9.787841
758552788672281,-0.28594232,0.6945168,9.799805
758552797364886,-0.29072794,0.69212395,9.773484
758552806057542,-0.2883351,0.6897311,9.797412
758552814750146,-0.29312077,0.6897311,9.775877
758552823442750,-0.29072794,0.69212395,9.799805
758552832135406,-0.29072794,0.6945168,9.775877
758552840828011,-0.2883351,0.6945168,9.806984
758552849520615,-0.2835495,0.6873383,9.787841
758552858213271,-0.28594232,0.6897311,9.77827
758552866905875,-0.2883351,0.69212395,9.787841
758552875598479,-0.29312077,0.69930243,9.780663
758552884291084,-0.29072794,0.69212395,9.783055
758552892983740,-0.29072794,0.69212395,9.802198
758552901676344,-0.2835495,0.69212395,9.780663
758552910368948,-0.2835495,0.69212395,9.780663
758552919061604,-0.2883351,0.69212395,9.787841
758552927754209,-0.2835495,0.6897311,9.773484
758552936446813,-0.28594232,0.6897311,9.795019
758552945139469,-0.2883351,0.6873383,9.787841
758552953832073,-0.28594232,0.6945168,9.799805
758552962524677,-0.28594232,0.69930243,9.783055
758552971217334,-0.2835495,0.7040881,9.773484
758552979909938,-0.2883351,0.6897311,9.785448
758552988602542,-0.2883351,0.6873383,9.773484
758552997295198,-0.29072794,0.68255264,9.790234
758553005987802,-0.29790643,0.69212395,9.787841
758553014680406,-0.28594232,0.68494546,9.783055
758553023373063,-0.2835495,0.6945168,9.787841
758553032065667,-0.28115666,0.6897311,9.775877
758553040758271,-0.28115666,0.68255264,9.768699
758553049450875,-0.2955136,0.6897311,9.790234
758553058143531,-0.28594232,0.6897311,9.783055
758553066836136,-0.29072794,0.6897311,9.785448
758553075528792,-0.2883351,0.69212395,9.806984
758553084221396,-0.28115666,0.6897311,9.783055
758553092914000,-0.27876383,0.6969096,9.783055
758553101606604,-0.2883351,0.6897311,9.775877
758553110299261,-0.28115666,0.6873383,9.77827
758553118991865,-0.2883351,0.68494546,9.795019
758553127684469,-0.28594232,0.6873383,9.785448
758553136377125,-0.2883351,0.6873383,9.787841
758553145069729,-0.28594232,0.68494546,9.785448
758553153762334,-0.2835495,0.6873383,9.783055
758553162454990,-0.2883351,0.69212395,9.77827
758553171147594,-0.2883351,0.6897311,9.783055
758553179840198,-0.27876383,0.69212395,9.802198
758553188532802,-0.30029923,0.69212395,9.797412
758553197225459,-0.27876383,0.6897311,9.785448
758553205918063,-0.28115666,0.6873383,9.785448
758553214610719,-0.28594232,0.6873383,9.775877
758553223303323,-0.29072794,0.69212395,9.783055
758553231995927,-0.2955136,0.69212395,9.77827
758553240688531,-0.28115666,0.6873383,9.806984
758553249381188,-0.28115666,0.69212395,9.77827
758553258073792,-0.2835495,0.68255264,9.802198
758553266766396,-0.28115666,0.6873383,9.773484
758553275459052,-0.28594232,0.68494546,9.787841
758553284151656,-0.28594232,0.69930243,9.804591
758553292844261,-0.2955136,0.69212395,9.775877
758553301536917,-0.2835495,0.69212395,9.792626
758553310229521,-0.276371,0.68494546,9.77827
758553318922125,-0.2835495,0.6873383,9.773484
758553327614781,-0.29312077,0.6873383,9.775877
758553336307386,-0.2883351,0.69212395,9.785448
758553344999990,-0.2835495,0.6873383,9.792626
758553353692594,-0.28594232,0.68494546,9.792626
758553362385250,-0.29312077,0.6873383,9.773484
758553371077854,-0.2883351,0.6897311,9.787841
758553379770459,-0.29072794,0.69212395,9.780663
758553388463115,-0.28594232,0.6873383,9.802198
758553397155719,-0.2835495,0.69212395,9.783055
758553405848323,-0.2883351,0.69930243,9.795019
758553414540927,-0.28115666,0.69212395,9.783055
758553423233584,-0.28594232,0.6945168,9.773484
758553431926188,-0.28594232,0.6897311,9.768699
758553440618792,-0.29072794,0.68255264,9.790234
758553449311448,-0.2955136,0.6873383,9.797412
758553458004052,-0.29072794,0.68255264,9.785448
758553466696709,-0.28115666,0.69212395,9.790234
758553475389313,-0.29072794,0.6897311,9.773484
758553484081917,-0.2835495,0.69212395,9.780663
758553492774521,-0.28594232,0.68255264,9.773484
758553501467177,-0.2883351,0.6873383,9.795019
758553510159781,-0.28594232,0.6969096,9.780663
758553518852386,-0.2883351,0.6969096,9.797412
758553527545042,-0.2835495,0.69212395,9.77827
758553536237646,-0.29072794,0.68255264,9.766306
758553544930250,-0.276371,0.6897311,9.797412
758553553622906,-0.28115666,0.6969096,9.787841
758553562315511,-0.2883351,0.69212395,9.787841
758553571008115,-0.2883351,0.6945168,9.768699
758553579700719,-0.30029923,0.6897311,9.780663
758553588393375,-0.29790643,0.69212395,9.799805
758553597085979,-0.28115666,0.68494546,9.804591
758553605778584,-0.28115666,0.69212395,9.77827
758553614471240,-0.276371,0.69212395,9.773484
758553623163844,-0.2883351,0.6945168,9.780663
758553631856448,-0.2835495,0.68494546,9.773484
758553640549104,-0.276371,0.6897311,9.816555
758553649241709,-0.29072794,0.6897311,9.766306
758553657934313,-0.27876383,0.6969096,9.792626
758553666626917,-0.2883351,0.69212395,9.768699
758553675319573,-0.28594232,0.6945168,9.797412
758553684012177,-0.2835495,0.6897311,9.785448
758553692704781,-0.2835495,0.6873383,9.787841
758553701397438,-0.28594232,0.68255264,9.783055
758553710090042,-0.29312077,0.6897311,9.780663
758553718782646,-0.28115666,0.6945168,9.792626
758553727475250,-0.2835495,0.6945168,9.792626
758553736167906,-0.27876383,0.69930243,9.77827
758553744860511,-0.28115666,0.6873383,9.773484
758553753553115,-0.29072794,0.69212395,9.771091
758553762245771,-0.29312077,0.6873383,9.790234
758553770938375,-0.29072794,0.6945168,9.795019
758553779630979,-0.29312077,0.6897311,9.790234
758553788323636,-0.2835495,0.68494546,9.780663
758553797016240,-0.2835495,0.6873383,9.783055
758553805708844,-0.2883351,0.6873383,9.783055
758553814401448,-0.28594232,0.6873383,9.792626
758553823094104,-0.28115666,0.6945168,9.797412
758553831786709,-0.29072794,0.6873383,9.783055
758553840479313,-0.28594232,0.6897311,9.795019
758553849171969,-0.29312077,0.6873383,9.775877
758553857864573,-0.27876383,0.6969096,9.795019
758553866557177,-0.29072794,0.6897311,9.787841
758553875249834,-0.29312077,0.67776704,9.771091
758553883942438,-0.28594232,0.6897311,9.797412
758553892635042,-0.29312077,0.69212395,9.77827
758553901327698,-0.28594232,0.68494546,9.783055
758553910020302,-0.29312077,0.6801598,9.768699
758553918712906,-0.28115666,0.6873383,9.802198
758553927405511,-0.2883351,0.6969096,9.77827
758553936098167,-0.28594232,0.68494546,9.771091
758553944790771,-0.29072794,0.6897311,9.792626
758553953483375,-0.2883351,0.6945168,9.787841
758553962176031,-0.2835495,0.6969096,9.799805
758553970868636,-0.29072794,0.69212395,9.783055
758553979561240,-0.28594232,0.69212395,9.797412
758553988253844,-0.28115666,0.69212395,9.773484
758553996946500,-0.28594232,0.6873383,9.783055
758554005639104,-0.2883351,0.6873383,9.775877
758554014331709,-0.27876383,0.68255264,9.797412
758554023024365,-0.29072794,0.6897311,9.783055
758554031716969,-0.2883351,0.69212395,9.787841
758554040409573,-0.28594232,0.69212395,9.787841
758554049102229,-0.29312077,0.69212395,9.790234
758554057794834,-0.27876383,0.69930243,9.792626
758554066487438,-0.29312077,0.69212395,9.773484
758554075180042,-0.2883351,0.6873383,9.795019
758554083872698,-0.28594232,0.69212395,9.790234
758554092565302,-0.2835495,0.69212395,9.795019
758554101257906,-0.28594232,0.6873383,9.77827
758554109950563,-0.28594232,0.6897311,9.783055
758554118643167,-0.27876383,0.68494546,9.771091
758554127335771,-0.2835495,0.6945168,9.795019
758554136028375,-0.28594232,0.68494546,9.783055
758554144721031,-0.2955136,0.6897311,9.771091
758554153413636,-0.2835495,0.6873383,9.785448
758554162106240,-0.29312077,0.69212395,9.783055
758554170798844,-0.29312077,0.6969096,9.771091
758554179491500,-0.2835495,0.69212395,9.821341
758554188184104,-0.276371,0.6945168,9.773484
758554196876761,-0.276371,0.6897311,9.799805
758554205569365,-0.29072794,0.68494546,9.7399845
758554214261969,-0.2883351,0.68255264,9.802198
758554222954573,-0.2955136,0.68255264,9.804591
758554231647229,-0.2835495,0.6969096,9.799805
758554240339834,-0.2883351,0.6897311,9.799805
758554249032438,-0.26919255,0.69212395,9.759128
758554257725042,-0.276371,0.6897311,9.790234
758554266417698,-0.2835495,0.69212395,9.787841
758554275110302,-0.29072794,0.70169526,9.787841
758554283802906,-0.28594232,0.68255264,9.792626
758554292495563,-0.29312077,0.6897311,9.785448
758554301188167,-0.27876383,0.69930243,9.790234
758554309880771,-0.2835495,0.69212395,9.785448
758554318573375,-0.2835495,0.68494546,9.754341
758554327266031,-0.2835495,0.69212395,9.804591
758554335958636,-0.2883351,0.68494546,9.766306
758554344651240,-0.2955136,0.68255264,9.797412
758554353343896,-0.2883351,0.68494546,9.787841
758554362036500,-0.2883351,0.68494546,9.799805
758554370729104,-0.27876383,0.69930243,9.790234
758554379421709,-0.28115666,0.6945168,9.766306
758554388114365,-0.28115666,0.69212395,9.773484
758554396806969,-0.29072794,0.69212395,9.795019
758554405499573,-0.2883351,0.69212395,9.790234
758554414192229,-0.28594232,0.6945168,9.799805
758554422884834,-0.28594232,0.6873383,9.785448
758554431577438,-0.2835495,0.68255264,9.783055
758554440270042,-0.2739782,0.68255264,9.775877
758554448962698,-0.29312077,0.68494546,9.785448
758554457655302,-0.28594232,0.69212395,9.783055
758554466347906,-0.2835495,0.68494546,9.787841
758554475040563,-0.2883351,0.6873383,9.775877
758554483733167,-0.2883351,0.69212395,9.818948
758554492425771,-0.28115666,0.6969096,9.785448
758554501118375,-0.27876383,0.6945168,9.77827
758554509811031,-0.276371,0.69930243,9.773484
758554518503636,-0.27876383,0.68255264,9.763913
758554527196240,-0.2835495,0.68255264,9.804591
758554535888896,-0.29790643,0.6753742,9.77827
758554544581500,-0.2835495,0.6945168,9.809377
758554553274104,-0.2883351,0.70169526,9.783055
758554561966709,-0.2883351,0.69930243,9.787841
758554570659365,-0.2883351,0.69212395,9.768699
758554579351969,-0.29072794,0.6873383,9.787841
758554588044573,-0.29072794,0.6873383,9.77827
758554596737177,-0.2883351,0.69930243,9.792626
758554605429834,-0.28115666,0.6969096,9.785448
758554614122438,-0.2835495,0.6945168,9.787841
758554622815042,-0.28115666,0.6969096,9.783055
758554631507698,-0.2883351,0.6873383,9.783055
758554640200302,-0.28594232,0.6897311,9.77827
758554648892906,-0.29312077,0.68494546,9.795019
758554657585511,-0.2883351,0.6945168,9.790234
758554666278167,-0.2883351,0.6897311,9.792626
758554674970771,-0.2883351,0.6873383,9.768699
758554683663375,-0.28115666,0.69212395,9.790234
758554692355979,-0.29072794,0.6873383,9.773484
758554701048636,-0.2955136,0.6945168,9.785448
758554709741240,-0.28594232,0.6897311,9.790234
758554718433844,-0.27876383,0.6897311,9.795019
758554727126500,-0.28594232,0.69212395,9.787841
758554735819104,-0.28594232,0.6897311,9.785448
758554744511709,-0.2883351,0.6897311,9.783055
758554753204313,-0.276371,0.6801598,9.787841
758554761896917,-0.28594232,0.6801598,9.773484
758554770589573,-0.29312077,0.67776704,9.77827
758554779282177,-0.29072794,0.68494546,9.787841
758554787974781,-0.2835495,0.68494546,9.77827
758554796667438,-0.2835495,0.6873383,9.787841
758554805360042,-0.28115666,0.6969096,9.785448
758554814052646,-0.2835495,0.69212395,9.797412
758554822745302,-0.27876383,0.6945168,9.77827
758554831437906,-0.28594232,0.6945168,9.77827
758554840130511,-0.2883351,0.6897311,9.790234
758554848823115,-0.2883351,0.6897311,9.799805
758554857515771,-0.29072794,0.6801598,9.780663
758554866208375,-0.2835495,0.68255264,9.785448
758554874900979,-0.2883351,0.69212395,9.790234
758554883593584,-0.28115666,0.68494546,9.775877
758554892286240,-0.2883351,0.6873383,9.795019
758554900978844,-0.28115666,0.69212395,9.783055
758554909671448,-0.28115666,0.69212395,9.797412
758554918364052,-0.27876383,0.6945168,9.771091
758554927056709,-0.2835495,0.6897311,9.77827
758554935749313,-0.2883351,0.68255264,9.77827
758554944441917,-0.29312077,0.6873383,9.785448
758554953134573,-0.2883351,0.6897311,9.792626
758554961827177,-0.28115666,0.6945168,9.790234
758554970519781,-0.27876383,0.69212395,9.77827
758554979212386,-0.28594232,0.68255264,9.787841
758554987905042,-0.29072794,0.6897311,9.773484
758554996597646,-0.28594232,0.6873383,9.785448
758555005290250,-0.29072794,0.69212395,9.790234
758555013982854,-0.29072794,0.6873383,9.780663
758555022675511,-0.28594232,0.69212395,9.802198
758555031368115,-0.28115666,0.6969096,9.785448
758555040060719,-0.2739782,0.70169526,9.787841
758555048753323,-0.27876383,0.68255264,9.77827
758555057445979,-0.2835495,0.6873383,9.780663
758555066138584,-0.2835495,0.68494546,9.792626
758555074831188,-0.2955136,0.6873383,9.77827
758555083523844,-0.2883351,0.6897311,9.783055
758555092216448,-0.28594232,0.6801598,9.802198
758555100909052,-0.29072794,0.69212395,9.773484
758555109601656,-0.27158538,0.6873383,9.792626
758555118294313,-0.28594232,0.69212395,9.766306
758555126986917,-0.28115666,0.68494546,9.792626
758555135679521,-0.2883351,0.6897311,9.795019
758555144372125,-0.29312077,0.69212395,9.790234
758555153064781,-0.2883351,0.68255264,9.797412
758555161757386,-0.276371,0.69212395,9.785448
758555170449990,-0.276371,0.69930243,9.775877
758555179142646,-0.2883351,0.6873383,9.766306
758555187835250,-0.2955136,0.6801598,9.77827
758555196527854,-0.29072794,0.6873383,9.795019
758555205220459,-0.28594232,0.6945168,9.785448
758555213913063,-0.29072794,0.69212395,9.792626
758555222605719,-0.276371,0.6897311,9.790234
758555231298323,-0.28115666,0.69930243,9.77827
758555239990927,-0.28594232,0.6873383,9.780663
758555248683531,-0.29072794,0.68494546,9.787841
758555257376188,-0.29072794,0.6753742,9.790234
758555266068792,-0.29312077,0.6897311,9.783055
758555274761396,-0.2835495,0.69212395,9.792626
758555283454052,-0.2835495,0.68494546,9.797412
758555292146656,-0.28594232,0.69212395,9.775877
758555300839261,-0.28115666,0.6897311,9.785448
758555309531865,-0.28594232,0.69212395,9.773484
758555318224521,-0.2883351,0.6873383,9.797412
758555326917125,-0.29312077,0.68494546,9.775877
758555335609729,-0.28594232,0.6801598,9.795019
758555344302334,-0.2883351,0.6969096,9.787841
758555352994990,-0.28115666,0.6897311,9.766306
758555361687594,-0.2835495,0.6897311,9.806984
758555370380198,-0.28115666,0.68494546,9.77827
758555379072802,-0.28594232,0.68494546,9.787841
758555387765459,-0.2955136,0.69212395,9.780663
758555396458063,-0.29312077,0.68255264,9.783055
758555405150667,-0.28594232,0.6897311,9.804591
758555413843271,-0.2883351,0.6897311,9.766306
758555422535927,-0.28115666,0.6873383,9.783055
758555431228531,-0.2835495,0.6873383,9.799805
758555439921136,-0.29072794,0.69212395,9.771091
758555448613740,-0.2955136,0.69212395,9.785448
758555457306396,-0.2955136,0.69212395,9.77827
758555465999000,-0.29312077,0.69212395,9.792626
758555474691604,-0.28594232,0.6801598,9.785448
758555483384261,-0.2883351,0.67776704,9.747163
758555492076865,-0.27876383,0.69212395,9.804591
758555500769469,-0.2883351,0.6945168,9.751948
758555509462073,-0.28594232,0.6945168,9.809377
758555518154677,-0.28594232,0.68255264,9.792626
758555526847334,-0.27876383,0.6969096,9.799805
758555535539938,-0.28115666,0.69212395,9.766306
758555544232542,-0.2835495,0.6873383,9.771091
758555552925146,-0.28115666,0.6945168,9.775877
758555561617802,-0.2883351,0.6969096,9.806984
758555570310406,-0.28594232,0.68255264,9.783055
758555579003011,-0.2835495,0.6969096,9.806984
758555587695615,-0.2835495,0.6897311,9.783055
758555596388271,-0.27876383,0.6945168,9.785448
758555605080875,-0.2883351,0.6801598,9.780663
758555613773479,-0.28594232,0.69212395,9.785448
758555622466084,-0.28594232,0.6897311,9.77827
758555631158740,-0.2883351,0.6897311,9.785448
758555639851344,-0.29072794,0.6945168,9.787841
758555648543948,-0.28594232,0.6897311,9.775877
758555657236552,-0.28594232,0.69212395,9.783055
758555665929209,-0.2883351,0.6873383,9.77827
758555674621813,-0.2883351,0.6873383,9.785448
758555683314417,-0.29072794,0.6897311,9.785448
758555692007021,-0.2835495,0.6897311,9.792626
758555700699677,-0.2883351,0.6897311,9.790234
758555709392281,-0.29072794,0.6945168,9.790234
758555718084886,-0.29312077,0.6897311,9.773484
758555726777490,-0.29072794,0.6873383,9.775877
758555735470146,-0.2739782,0.6873383,9.790234
758555744162750,-0.28115666,0.6897311,9.821341
758555752855354,-0.28115666,0.69212395,9.763913
758555761547959,-0.28594232,0.6897311,9.787841
758555770240615,-0.29312077,0.68494546,9.766306
758555778933219,-0.28594232,0.68255264,9.802198
758555787625823,-0.29312077,0.68494546,9.806984
758555796318427,-0.2883351,0.6873383,9.76152
758555805011084,-0.2883351,0.6873383,9.780663
758555813703688,-0.28594232,0.6873383,9.768699
758555822396292,-0.2883351,0.69212395,9.797412
758555831088896,-0.28115666,0.6897311,9.783055
758555839781500,-0.28115666,0.69930243,9.802198
758555848474156,-0.28594232,0.69930243,9.773484
758555857166761,-0.2835495,0.69212395,9.771091
758555865859365,-0.29312077,0.6897311,9.783055
758555874551969,-0.2883351,0.6801598,9.790234
758555883244625,-0.28115666,0.68255264,9.783055
758555891937229,-0.2835495,0.6873383,9.77827
758555900629834,-0.28594232,0.6897311,9.792626
758555909322438,-0.28115666,0.6897311,9.795019
758555918015094,-0.27876383,0.69212395,9.790234
758555926707698,-0.28115666,0.68494546,9.780663
758555935400302,-0.29312077,0.6873383,9.771091
758555944092959,-0.29072794,0.69212395,9.785448
758555952785563,-0.29312077,0.6945168,9.787841
758555961478167,-0.276371,0.6897311,9.804591
758555970170771,-0.2739782,0.68494546,9.787841
758555978863375,-0.28115666,0.6873383,9.775877
758555987556031,-0.2835495,0.68494546,9.780663
758555996248636,-0.29312077,0.68494546,9.787841
758556004941240,-0.28115666,0.68494546,9.802198
758556013633844,-0.2883351,0.6873383,9.795019
758556022326500,-0.28115666,0.6897311,9.785448
758556031019104,-0.28594232,0.69212395,9.787841
758556039711709,-0.29312077,0.68494546,9.76152
758556048404313,-0.27876383,0.69930243,9.816555
758556057096969,-0.28594232,0.6873383,9.797412
758556065789573,-0.2883351,0.69212395,9.787841
758556074482177,-0.2835495,0.6969096,9.780663
758556083174781,-0.29072794,0.68494546,9.759128
758556091867386,-0.28594232,0.68494546,9.795019
758556100560042,-0.2835495,0.6801598,9.792626
758556109252646,-0.2835495,0.69212395,9.780663
758556117945250,-0.2883351,0.6873383,9.780663
758556126637854,-0.28594232,0.6945168,9.787841
758556135330511,-0.29072794,0.6945168,9.773484
758556144023115,-0.28594232,0.6897311,9.795019
758556152715719,-0.28115666,0.6945168,9.797412
758556161408323,-0.28594232,0.69212395,9.790234
758556170100979,-0.2835495,0.6873383,9.783055
758556178793584,-0.28594232,0.6897311,9.783055
758556187486188,-0.28115666,0.68494546,9.797412
758556196178792,-0.2883351,0.69212395,9.77827
758556204871448,-0.28594232,0.68255264,9.77827
758556213564052,-0.2835495,0.68255264,9.795019
758556222256656,-0.27876383,0.6897311,9.785448
758556230949261,-0.29312077,0.69212395,9.792626
758556239641865,-0.29072794,0.6969096,9.773484
758556248334521,-0.2883351,0.6897311,9.775877
758556257027125,-0.2883351,0.6897311,9.785448
758556265719729,-0.2883351,0.6969096,9.77827
758556274412334,-0.27876383,0.6969096,9.809377
758556283104990,-0.28115666,0.6897311,9.771091
758556291797594,-0.276371,0.6969096,9.787841
758556300490198,-0.2835495,0.69212395,9.773484
758556309182802,-0.2883351,0.68255264,9.787841
758556317875459,-0.29072794,0.6897311,9.804591
758556326568063,-0.2883351,0.6945168,9.775877
758556335260667,-0.2883351,0.6873383,9.77827
758556343953271,-0.29072794,0.6873383,9.775877
758556352645875,-0.27876383,0.69212395,9.768699
758556361338531,-0.2835495,0.6945168,9.818948
758556370031136,-0.29072794,0.6897311,9.768699
758556378723740,-0.276371,0.69930243,9.785448
758556387416344,-0.2883351,0.69212395,9.775877
758556396109000,-0.2883351,0.6897311,9.77827
758556404801604,-0.28594232,0.6801598,9.797412
758556413494209,-0.2835495,0.6873383,9.792626
758556422186813,-0.28594232,0.6897311,9.785448
758556430879417,-0.28115666,0.6873383,9.775877
758556439572073,-0.28594232,0.6969096,9.780663
758556448264677,-0.29312077,0.6945168,9.771091
758556456957281,-0.2883351,0.6801598,9.792626
758556465649886,-0.2883351,0.69212395,9.792626
758556474342542,-0.28115666,0.6969096,9.785448
758556483035146,-0.27876383,0.7040881,9.797412
758556491727750,-0.2739782,0.6969096,9.763913
758556500420354,-0.28594232,0.6873383,9.775877
758556509112959,-0.28594232,0.6873383,9.790234
758556517805615,-0.2883351,0.68255264,9.790234
758556526498219,-0.2883351,0.6897311,9.797412
758556535190823,-0.28594232,0.69212395,9.787841
758556543883427,-0.28594232,0.69212395,9.77827
758556552576031,-0.2739782,0.6873383,9.795019
758556561268688,-0.29072794,0.6801598,9.775877
758556569961292,-0.29072794,0.6897311,9.790234
758556578653896,-0.29072794,0.69212395,9.795019
758556587346500,-0.2883351,0.69212395,9.790234
758556596039156,-0.276371,0.6945168,9.783055
758556604731761,-0.2835495,0.6873383,9.775877
758556613424365,-0.28594232,0.6897311,9.773484
758556622116969,-0.28115666,0.6897311,9.804591
758556630809625,-0.2835495,0.6897311,9.785448
758556639502229,-0.2835495,0.68255264,9.790234
758556648194834,-0.29072794,0.6801598,9.780663
758556656887438,-0.2835495,0.6873383,9.768699
758556665580042,-0.29072794,0.6873383,9.799805
758556674272698,-0.28115666,0.6873383,9.790234
758556682965302,-0.29072794,0.6945168,9.783055
758556691657906,-0.27876383,0.6945168,9.802198
758556700350511,-0.2835495,0.70169526,9.759128
758556709043167,-0.2835495,0.6945168,9.77827
758556717735771,-0.2883351,0.68255264,9.780663
758556726428375,-0.2835495,0.6873383,9.802198
758556735120979,-0.28115666,0.6873383,9.792626
758556743813584,-0.28115666,0.68494546,9.766306
758556752506240,-0.2835495,0.6945168,9.797412
758556761198844,-0.2835495,0.6873383,9.766306
758556769891448,-0.29072794,0.6753742,9.773484
758556778584052,-0.2835495,0.69212395,9.816555
758556787276656,-0.28115666,0.6873383,9.790234
758556795969313,-0.276371,0.69930243,9.802198
758556804661917,-0.28115666,0.69212395,9.785448
758556813354521,-0.28115666,0.6945168,9.775877
758556822047125,-0.28115666,0.6897311,9.783055
758556830739781,-0.29312077,0.6873383,9.795019
758556839432386,-0.28594232,0.6873383,9.806984
758556848124990,-0.29072794,0.68255264,9.77827
758556856817594,-0.2835495,0.6969096,9.797412
758556865510198,-0.27876383,0.6873383,9.773484
758556874202854,-0.28594232,0.6873383,9.787841
758556882895459,-0.29072794,0.6897311,9.775877
758556891588063,-0.29790643,0.6873383,9.802198
758556900280667,-0.2835495,0.69212395,9.785448
758556908973271,-0.2883351,0.6897311,9.795019
758556917665927,-0.28115666,0.6969096,9.797412
758556926358531,-0.2835495,0.6945168,9.783055
758556935051136,-0.28115666,0.68494546,9.787841
758556943743740,-0.2883351,0.68255264,9.773484
758556952436344,-0.2883351,0.67776704,9.785448
758556961129000,-0.29072794,0.68255264,9.795019
758556969821604,-0.29312077,0.6873383,9.790234
758556978514209,-0.28594232,0.68255264,9.787841
758556987206813,-0.29312077,0.6897311,9.763913
758556995899469,-0.28115666,0.68494546,9.802198
758557004592073,-0.27876383,0.69212395,9.780663
758557013284677,-0.28594232,0.69212395,9.792626
758557021977281,-0.28594232,0.6897311,9.787841
758557030669886,-0.28594232,0.6969096,9.795019
758557039362542,-0.29312077,0.6897311,9.795019
758557048055146,-0.29072794,0.6873383,9.773484
758557056747750,-0.29072794,0.67776704,9.768699
758557065440354,-0.2883351,0.6969096,9.787841
758557074133011,-0.2835495,0.67776704,9.783055
758557082825615,-0.28115666,0.6873383,9.795019
758557091518219,-0.28115666,0.6945168,9.790234
758557100210823,-0.28115666,0.6897311,9.787841
758557108903427,-0.27876383,0.6873383,9.775877
758557117596084,-0.29072794,0.69212395,9.766306
758557126288688,-0.28594232,0.6897311,9.773484
758557134981292,-0.29072794,0.6969096,9.818948
758557143673896,-0.28115666,0.6945168,9.795019
758557152366500,-0.27876383,0.6897311,9.783055
758557161059156,-0.2883351,0.6873383,9.759128
758557169751761,-0.2883351,0.6897311,9.780663
758557178444365,-0.29312077,0.6873383,9.773484
758557187136969,-0.29312077,0.67776704,9.797412
758557195829573,-0.29072794,0.68494546,9.783055
758557204522229,-0.28594232,0.69212395,9.795019
758557213214834,-0.28594232,0.6945168,9.771091
758557221907438,-0.2883351,0.6945168,9.790234
758557230600042,-0.2835495,0.6945168,9.787841
758557239292646,-0.2835495,0.6873383,9.792626
758557247985302,-0.2835495,0.68255264,9.790234
758557256677906,-0.2835495,0.69212395,9.783055
758557265370511,-0.28594232,0.6873383,9.773484
758557274063115,-0.28594232,0.6897311,9.795019
758557282755719,-0.29072794,0.6897311,9.768699
758557291448375,-0.28594232,0.6897311,9.799805
758557300140979,-0.29072794,0.6897311,9.751948
758557308833584,-0.27876383,0.6873383,9.826126
758557317526188,-0.276371,0.69930243,9.775877
758557326218792,-0.2955136,0.69212395,9.780663
758557334911448,-0.2955136,0.6945168,9.792626
758557343604052,-0.2883351,0.6969096,9.768699
758557352296656,-0.276371,0.6873383,9.804591
758557360989261,-0.2835495,0.6897311,9.771091
758557369681865,-0.29072794,0.69930243,9.77827
758557378374521,-0.28594232,0.6873383,9.773484
758557387067125,-0.2835495,0.6873383,9.804591
758557395759729,-0.28115666,0.6969096,9.775877
758557404452334,-0.276371,0.6873383,9.792626
758557413144990,-0.28115666,0.6873383,9.775877
758557421837594,-0.2835495,0.6897311,9.787841
758557430530198,-0.2883351,0.6801598,9.766306
758557439222802,-0.2883351,0.68494546,9.790234
758557447915406,-0.2883351,0.68255264,9.804591
758557456608011,-0.28115666,0.70169526,9.792626
758557465300667,-0.28594232,0.69212395,9.771091
758557473993271,-0.28115666,0.6945168,9.799805
758557482685875,-0.29072794,0.6897311,9.763913
758557491378479,-0.2883351,0.68494546,9.795019
758557500071084,-0.29072794,0.68255264,9.771091
758557508763688,-0.29072794,0.68494546,9.806984
758557517456344,-0.29790643,0.69212395,9.775877
758557526148948,-0.28594232,0.69212395,9.787841
758557534841552,-0.276371,0.68255264,9.787841
758557543534156,-0.27876383,0.6897311,9.787841
758557552226813,-0.27876383,0.6969096,9.785448
758557560919417,-0.2883351,0.6873383,9.785448
758557569612021,-0.28594232,0.6897311,9.787841
758557578304625,-0.2883351,0.6969096,9.792626
758557586997229,-0.2835495,0.68494546,9.775877
758557595689834,-0.2883351,0.68494546,9.783055
758557604382490,-0.28115666,0.68494546,9.771091
758557613075094,-0.28594232,0.67776704,9.828519
758557621767698,-0.28594232,0.69930243,9.771091
758557630460302,-0.2835495,0.69212395,9.785448
758557639152906,-0.2955136,0.6873383,9.787841
758557647845563,-0.2835495,0.68494546,9.783055
758557656538167,-0.2883351,0.6873383,9.8117695
758557665230771,-0.29072794,0.6897311,9.763913
758557673923375,-0.276371,0.68494546,9.790234
758557682616031,-0.2955136,0.69212395,9.783055
758557691308636,-0.28594232,0.6873383,9.775877
758557700001240,-0.28594232,0.68255264,9.802198
758557708693844,-0.29072794,0.6897311,9.77827
758557717386448,-0.29072794,0.6873383,9.785448
758557726079052,-0.29072794,0.6945168,9.771091
758557734771709,-0.276371,0.6945168,9.790234
758557743464313,-0.2835495,0.69212395,9.792626
758557752156917,-0.29072794,0.68494546,9.768699
758557760849521,-0.28594232,0.69212395,9.804591
758557769542125,-0.29072794,0.68255264,9.775877
758557778234781,-0.29072794,0.6873383,9.797412
758557786927386,-0.2835495,0.68494546,9.790234
758557795619990,-0.29072794,0.69212395,9.780663
758557804312594,-0.28594232,0.69212395,9.787841
758557813005198,-0.2955136,0.6873383,9.783055
758557821697854,-0.28594232,0.6897311,9.77827
758557830390459,-0.2835495,0.6873383,9.783055
758557839083063,-0.28115666,0.69212395,9.773484
758557847775667,-0.27876383,0.6897311,9.785448
758557856468271,-0.28594232,0.6897311,9.775877
758557865160875,-0.2835495,0.6897311,9.787841
758557873853531,-0.28594232,0.6897311,9.787841
758557882546136,-0.29072794,0.6897311,9.785448
758557891238740,-0.29312077,0.6873383,9.785448
758557899931344,-0.2883351,0.6945168,9.792626
758557908623948,-0.29072794,0.69212395,9.783055
758557917316604,-0.276371,0.6873383,9.799805
758557926009209,-0.27876383,0.6873383,9.766306
758557934701813,-0.2835495,0.69212395,9.783055
758557943394417,-0.28594232,0.68255264,9.785448
758557952087021,-0.2883351,0.6873383,9.795019
758557960779677,-0.2835495,0.6945168,9.795019
758557969472281,-0.28594232,0.6801598,9.766306
758557978164886,-0.28115666,0.6945168,9.802198
758557986857490,-0.28594232,0.6897311,9.775877
758557995550094,-0.29072794,0.68494546,9.787841
758558004242698,-0.28594232,0.6873383,9.809377
758558012935302,-0.29312077,0.69212395,9.783055
758558021627959,-0.2835495,0.6897311,9.795019
758558030320563,-0.29072794,0.6897311,9.77827
758558039013167,-0.2835495,0.6897311,9.787841
758558047705771,-0.2835495,0.6873383,9.780663
758558056398375,-0.28115666,0.6873383,9.780663
758558065091031,-0.28115666,0.68494546,9.773484
758558073783636,-0.2883351,0.6873383,9.797412
758558082476240,-0.2835495,0.69212395,9.787841
758558091168844,-0.28594232,0.6945168,9.790234
758558099861448,-0.28594232,0.69212395,9.780663
758558108554104,-0.29072794,0.6897311,9.775877
758558117246709,-0.2883351,0.68255264,9.790234
758558125939313,-0.29072794,0.68255264,9.790234
758558134631917,-0.2883351,0.6945168,9.787841
758558143324521,-0.28115666,0.6945168,9.787841
758558152017177,-0.2835495,0.6945168,9.77827
758558160709781,-0.2883351,0.6969096,9.785448
758558169402386,-0.2883351,0.6945168,9.783055
758558178094990,-0.2883351,0.6969096,9.790234
758558186787594,-0.28594232,0.6897311,9.780663
758558195480250,-0.28115666,0.6897311,9.787841
758558204172854,-0.29072794,0.6945168,9.775877
758558212865459,-0.2835495,0.68494546,9.818948
758558221558063,-0.27876383,0.6969096,9.77827
758558230250667,-0.276371,0.69930243,9.787841
758558238943271,-0.29312077,0.6897311,9.742377
758558247635875,-0.2955136,0.68494546,9.795019
758558256328531,-0.2955136,0.68494546,9.780663
758558265021136,-0.28594232,0.6945168,9.821341
758558273713740,-0.28594232,0.6897311,9.780663
758558282406344,-0.2739782,0.6969096,9.768699
758558291098948,-0.27876383,0.68255264,9.787841
758558299791604,-0.2883351,0.69212395,9.790234
758558308484209,-0.29072794,0.68255264,9.780663
758558317176813,-0.2835495,0.6897311,9.799805
758558325869417,-0.29072794,0.69212395,9.787841
758558334562021,-0.28594232,0.69212395,9.780663
758558343254625,-0.2883351,0.68494546,9.763913
758558351947281,-0.28115666,0.6873383,9.780663
758558360639886,-0.2835495,0.68494546,9.795019
758558369332490,-0.2883351,0.6873383,9.785448
758558378025094,-0.2835495,0.6873383,9.787841
758558386717750,-0.28594232,0.6897311,9.792626
758558395410354,-0.2883351,0.6873383,9.790234
758558404102959,-0.2883351,0.6873383,9.797412
758558412795563,-0.29312077,0.6897311,9.768699
758558421488167,-0.29312077,0.6945168,9.792626
758558430180771,-0.28594232,0.68494546,9.797412
758558438873375,-0.2835495,0.6873383,9.783055
758558447566031,-0.276371,0.6897311,9.790234
758558456258636,-0.2883351,0.69212395,9.773484
758558464951240,-0.28594232,0.6873383,9.787841
758558473643844,-0.2835495,0.68494546,9.792626
758558482336448,-0.28115666,0.68494546,9.775877
758558491029052,-0.28115666,0.6969096,9.785448
758558499721709,-0.2835495,0.6945168,9.771091
758558508414313,-0.29072794,0.68494546,9.768699
758558517106917,-0.29072794,0.6873383,9.792626
758558525799521,-0.2883351,0.69212395,9.773484
758558534492125,-0.2883351,0.6897311,9.830912
758558543184729,-0.2883351,0.6945168,9.742377
758558551877386,-0.276371,0.6945168,9.799805
758558560569990,-0.28594232,0.68494546,9.763913
758558569262594,-0.28115666,0.6897311,9.783055
758558577955198,-0.2883351,0.67776704,9.790234
758558586647802,-0.28594232,0.6873383,9.768699
758558595340406,-0.2883351,0.6969096,9.804591
758558604033063,-0.28594232,0.6873383,9.775877
758558612725667,-0.28115666,0.6897311,9.771091
758558621418271,-0.29312077,0.6873383,9.795019
758558630110875,-0.2883351,0.6897311,9.76152
758558638803479,-0.28115666,0.68494546,9.818948
758558647496136,-0.2955136,0.68494546,9.766306
758558656188740,-0.276371,0.6969096,9.814162
758558664881344,-0.2883351,0.6945168,9.766306
758558673573948,-0.27876383,0.68494546,9.768699
758558682266552,-0.2835495,0.6873383,9.780663
758558690959156,-0.2835495,0.6897311,9.77827
758558699651761,-0.2883351,0.6897311,9.783055
758558708344417,-0.2835495,0.69212395,9.785448
758558717037021,-0.28594232,0.6897311,9.787841
758558725729625,-0.27876383,0.69212395,9.792626
758558734422229,-0.2883351,0.69212395,9.790234
758558743114834,-0.2883351,0.6969096,9.785448
758558751807490,-0.2883351,0.6897311,9.775877
758558760500094,-0.2883351,0.68494546,9.785448
758558769192698,-0.2883351,0.69212395,9.785448
758558777885302,-0.29072794,0.6873383,9.787841
758558786577906,-0.28115666,0.6969096,9.780663
758558795270511,-0.28594232,0.68494546,9.77827
758558803963167,-0.2883351,0.6897311,9.768699
758558812655771,-0.28594232,0.6945168,9.785448
758558821348375,-0.2883351,0.6897311,9.773484
758558830040979,-0.29790643,0.6945168,9.806984
758558838733584,-0.28594232,0.6897311,9.775877
758558847426240,-0.2883351,0.68494546,9.787841
758558856118844,-0.2835495,0.6897311,9.783055
758558864811448,-0.2835495,0.6897311,9.768699
758558873504052,-0.29312077,0.68255264,9.795019
758558882196656,-0.29072794,0.69930243,9.780663
758558890889261,-0.2883351,0.6897311,9.785448
758558899581865,-0.28115666,0.6801598,9.790234
758558908274469,-0.28115666,0.68255264,9.773484
758558916967125,-0.28115666,0.6945168,9.806984
758558925659729,-0.2835495,0.69212395,9.77827
758558934352334,-0.2835495,0.6945168,9.780663
758558943044938,-0.28594232,0.68494546,9.785448
758558951737542,-0.2835495,0.69212395,9.775877
758558960430198,-0.2955136,0.6945168,9.780663
758558969122802,-0.28594232,0.68255264,9.780663
758558977815406,-0.2835495,0.69212395,9.785448
758558986508011,-0.28594232,0.6897311,9.787841
758558995200615,-0.27876383,0.6945168,9.775877
758559003893219,-0.2835495,0.6873383,9.783055
758559012585823,-0.28115666,0.68494546,9.780663
758559021278479,-0.2883351,0.6897311,9.783055
758559029971084,-0.29072794,0.67776704,9.790234
758559038663688,-0.28594232,0.6897311,9.785448
758559047356292,-0.2835495,0.6945168,9.809377
758559056048896,-0.28594232,0.6897311,9.783055
758559064741500,-0.28115666,0.6945168,9.771091
758559073434156,-0.28594232,0.6945168,9.780663
758559082126761,-0.29312077,0.69212395,9.783055
758559090819365,-0.2835495,0.6873383,9.783055
758559099511969,-0.2883351,0.68255264,9.795019
758559108204573,-0.28594232,0.6897311,9.787841
758559116897177,-0.276371,0.6897311,9.77827
758559125589834,-0.28115666,0.6969096,9.795019
758559134282438,-0.2835495,0.68255264,9.768699
758559142975042,-0.27876383,0.6945168,9.785448
758559151667646,-0.2883351,0.68255264,9.780663
758559160360250,-0.28594232,0.68494546,9.795019
758559169052854,-0.28594232,0.6873383,9.790234
758559177745459,-0.27876383,0.6873383,9.775877
758559186438115,-0.27876383,0.6969096,9.787841
758559195130719,-0.2883351,0.67776704,9.780663
758559203823323,-0.29072794,0.69212395,9.785448
758559212515927,-0.28594232,0.69212395,9.806984
758559221208531,-0.29312077,0.68494546,9.783055
758559229901136,-0.29072794,0.68494546,9.795019
758559238593740,-0.29072794,0.6897311,9.771091
758559247286396,-0.28115666,0.6969096,9.787841
758559255979000,-0.2883351,0.6873383,9.775877
758559264671604,-0.2883351,0.6873383,9.792626
758559273364209,-0.29312077,0.6945168,9.790234
758559282056813,-0.28594232,0.68494546,9.773484
758559290749417,-0.2883351,0.69212395,9.792626
758559299442073,-0.28594232,0.6873383,9.780663
758559308134677,-0.29072794,0.6897311,9.787841
758559316827281,-0.2835495,0.68494546,9.787841
758559325519886,-0.2835495,0.6873383,9.780663
758559334212490,-0.2835495,0.6897311,9.785448
758559342905146,-0.29312077,0.6873383,9.787841
758559351597750,-0.29072794,0.6945168,9.787841
758559360290354,-0.2835495,0.6897311,9.785448
758559368982959,-0.2835495,0.6897311,9.785448
758559377675563,-0.2883351,0.69212395,9.783055
758559386368167,-0.2883351,0.68494546,9.795019
758559395060771,-0.28594232,0.6945168,9.785448
758559403753427,-0.2883351,0.6873383,9.787841
758559412446031,-0.2835495,0.6873383,9.77827
758559421138636,-0.28594232,0.69212395,9.787841
758559429831240,-0.2883351,0.6897311,9.785448
758559438523844,-0.29312077,0.69930243,9.787841
758559447216448,-0.2835495,0.68494546,9.766306
758559455909052,-0.29312077,0.6873383,9.775877
758559464601709,-0.29312077,0.6897311,9.785448
758559473294313,-0.28115666,0.6969096,9.785448
758559481986917,-0.2835495,0.68255264,9.77827
758559490679521,-0.28594232,0.6897311,9.787841
758559499372125,-0.2835495,0.6873383,9.775877
758559508064729,-0.2883351,0.6897311,9.785448
758559516757386,-0.2883351,0.68494546,9.773484
758559525449990,-0.29072794,0.68494546,9.799805
758559534142594,-0.28594232,0.6897311,9.780663
758559542835198,-0.28594232,0.6969096,9.783055
758559551527802,-0.2883351,0.6873383,9.780663
758559560220406,-0.2883351,0.68494546,9.799805
758559568913011,-0.28594232,0.68494546,9.771091
758559577605667,-0.29072794,0.69212395,9.787841
758559586298271,-0.28594232,0.69212395,9.785448
758559594990875,-0.2835495,0.69212395,9.780663
758559603683479,-0.2835495,0.69930243,9.797412
758559612376084,-0.29072794,0.68494546,9.783055
758559621068688,-0.28594232,0.68494546,9.775877
758559629761292,-0.28594232,0.6873383,9.77827
758559638453948,-0.2883351,0.6897311,9.785448
758559647146552,-0.2883351,0.69930243,9.790234
758559655839156,-0.2883351,0.69212395,9.77827
758559664531761,-0.2883351,0.6873383,9.795019
758559673224365,-0.2883351,0.6873383,9.787841
758559681916969,-0.28594232,0.6897311,9.783055
758559690609573,-0.29072794,0.6873383,9.792626
758559699302229,-0.28594232,0.6897311,9.783055
758559707994834,-0.28594232,0.6897311,9.790234
758559716687438,-0.28594232,0.6873383,9.799805
758559725380042,-0.27876383,0.68494546,9.77827
758559734072646,-0.28594232,0.69212395,9.785448
758559742765250,-0.2883351,0.68494546,9.785448
758559751457854,-0.29072794,0.69930243,9.785448
758559760150511,-0.28594232,0.6897311,9.77827
758559768843115,-0.2835495,0.6801598,9.795019
758559777535719,-0.28115666,0.68255264,9.780663
758559786228323,-0.28594232,0.69212395,9.790234
758559794920927,-0.28594232,0.6801598,9.763913
758559803613531,-0.2835495,0.6873383,9.792626
758559812306136,-0.28594232,0.6897311,9.766306
758559820998792,-0.2835495,0.6897311,9.802198
758559829691396,-0.27876383,0.6897311,9.790234
758559838384000,-0.28594232,0.6945168,9.787841
758559847076604,-0.2835495,0.69212395,9.766306
758559855769209,-0.28115666,0.68494546,9.775877
758559864461813,-0.2883351,0.69212395,9.790234
758559873154469,-0.2883351,0.6873383,9.795019
758559881847073,-0.2835495,0.69212395,9.795019
758559890539677,-0.2835495,0.6897311,9.763913
758559899232281,-0.28115666,0.69212395,9.802198
758559907924886,-0.2883351,0.69212395,9.747163
758559916617490,-0.28115666,0.68255264,9.799805
758559925310094,-0.29312077,0.6897311,9.773484
758559934002750,-0.27876383,0.68494546,9.799805
758559942695354,-0.29312077,0.6873383,9.790234
758559951387959,-0.2835495,0.68494546,9.77827
758559960080563,-0.27876383,0.69212395,9.795019
758559968773167,-0.2835495,0.69212395,9.77827
758559977465771,-0.2835495,0.69212395,9.795019
758559986158375,-0.28115666,0.6873383,9.780663
758559994851031,-0.29072794,0.69212395,9.783055
758560003543636,-0.29072794,0.6873383,9.780663
758560012236240,-0.2955136,0.68494546,9.783055
758560020928844,-0.2883351,0.6969096,9.795019
758560029621448,-0.28594232,0.6969096,9.802198
758560038314052,-0.28115666,0.6897311,9.775877
758560047006709,-0.28115666,0.6945168,9.77827
758560055699313,-0.29072794,0.68494546,9.785448
758560064391917,-0.28594232,0.6873383,9.783055
758560073084521,-0.2883351,0.68494546,9.799805
758560081777125,-0.29072794,0.6897311,9.77827
758560090469729,-0.276371,0.6873383,9.790234
758560099162334,-0.27876383,0.6873383,9.766306
758560107854938,-0.28594232,0.69212395,9.785448
758560116547594,-0.2835495,0.69212395,9.773484
758560125240198,-0.29072794,0.6969096,9.795019
758560133932802,-0.2883351,0.68255264,9.792626
758560142625406,-0.29072794,0.6897311,9.799805
758560151318011,-0.2883351,0.6969096,9.775877
758560160010615,-0.29072794,0.6873383,9.773484
758560168703219,-0.28594232,0.69212395,9.785448
758560177395823,-0.28594232,0.68255264,9.790234
758560186088479,-0.29072794,0.68494546,9.787841
758560194781084,-0.28594232,0.6897311,9.790234
758560203473688,-0.2835495,0.6969096,9.790234
758560212166292,-0.29312077,0.68494546,9.780663
758560220858896,-0.2883351,0.6945168,9.792626
758560229551500,-0.28594232,0.6897311,9.768699
758560238244156,-0.28115666,0.6969096,9.790234
758560246936761,-0.28594232,0.6873383,9.792626
758560255629365,-0.29072794,0.6945168,9.797412
758560264321969,-0.29072794,0.6897311,9.768699
758560273014573,-0.27876383,0.68494546,9.795019
758560281707177,-0.2835495,0.67776704,9.763913
758560290399781,-0.28115666,0.69212395,9.806984
758560299092386,-0.29312077,0.68255264,9.773484
758560307785042,-0.29312077,0.69212395,9.780663
758560316477646,-0.2883351,0.6969096,9.797412
758560325170250,-0.27876383,0.6897311,9.792626
758560333862854,-0.276371,0.6945168,9.790234
758560342555459,-0.2835495,0.69212395,9.771091
758560351248063,-0.29072794,0.68494546,9.790234
758560359940667,-0.29072794,0.6945168,9.790234
758560368633323,-0.28115666,0.68255264,9.783055
758560377325927,-0.29072794,0.67776704,9.771091
758560386018531,-0.28115666,0.69930243,9.795019
758560394711136,-0.29072794,0.68494546,9.768699
758560403403740,-0.2835495,0.6897311,9.792626
758560412096344,-0.28594232,0.67776704,9.771091
758560420788948,-0.27876383,0.69212395,9.804591
758560429481604,-0.28594232,0.68494546,9.780663
758560438174209,-0.28594232,0.6945168,9.773484
758560446866813,-0.28594232,0.68494546,9.785448
758560455559417,-0.29072794,0.68494546,9.785448
758560464252021,-0.29072794,0.6897311,9.787841
758560472944625,-0.29072794,0.6873383,9.790234
758560481637229,-0.29312077,0.68494546,9.771091
758560490329886,-0.29312077,0.69212395,9.799805
758560499022490,-0.29072794,0.6897311,9.773484
758560507715094,-0.2883351,0.6945168,9.790234
758560516407698,-0.28594232,0.6897311,9.775877
758560525100302,-0.2835495,0.68494546,9.747163
758560533792906,-0.28115666,0.6873383,9.830912
758560542485511,-0.2883351,0.69212395,9.756734
758560551178167,-0.28115666,0.69212395,9.806984
758560559870771,-0.2835495,0.6945168,9.768699
758560568563375,-0.28115666,0.6897311,9.768699
758560577255979,-0.2883351,0.69212395,9.787841
758560585948584,-0.29312077,0.6801598,9.763913
758560594641188,-0.28594232,0.6897311,9.804591
758560603333792,-0.29312077,0.69212395,9.771091
758560612026396,-0.28115666,0.6873383,9.792626
758560620719052,-0.276371,0.6945168,9.77827
758560629411656,-0.2835495,0.68255264,9.77827
758560638104261,-0.29312077,0.69212395,9.802198
758560646796865,-0.29072794,0.6897311,9.795019
758560655489469,-0.28594232,0.69212395,9.783055
758560664182073,-0.2883351,0.6897311,9.780663
758560672874677,-0.29072794,0.6873383,9.775877
758560681567281,-0.28115666,0.68494546,9.795019
758560690259938,-0.28594232,0.6897311,9.783055
758560698952542,-0.2883351,0.68255264,9.783055
758560707645146,-0.2883351,0.69212395,9.771091
758560716337750,-0.2883351,0.69212395,9.780663
758560725030354,-0.28594232,0.69212395,9.795019
758560733722959,-0.2835495,0.69212395,9.785448
758560742415563,-0.2883351,0.69930243,9.775877
758560751108219,-0.29072794,0.6873383,9.780663
758560759800823,-0.2883351,0.6945168,9.795019
758560768493427,-0.29072794,0.69212395,9.792626
758560777186031,-0.28594232,0.69212395,9.783055
758560785878636,-0.2835495,0.69212395,9.77827
758560794571240,-0.2835495,0.6945168,9.77827
758560803263896,-0.28115666,0.69212395,9.775877
758560811956500,-0.2883351,0.69212395,9.787841
758560820649104,-0.29312077,0.6873383,9.773484
758560829341709,-0.29072794,0.6897311,9.795019
758560838034313,-0.2883351,0.6873383,9.787841
758560846726917,-0.2835495,0.69212395,9.787841
758560855419521,-0.2835495,0.6873383,9.783055
758560864112125,-0.29072794,0.68255264,9.771091
758560872804729,-0.29072794,0.6969096,9.797412
758560881497386,-0.29312077,0.69212395,9.787841
758560890189990,-0.28594232,0.68255264,9.809377
758560898882594,-0.2883351,0.6969096,9.768699
758560907575198,-0.2883351,0.68255264,9.763913
758560916267802,-0.29312077,0.68494546,9.790234
758560924960406,-0.29312077,0.68255264,9.77827
758560933653011,-0.2739782,0.68494546,9.797412
758560942345667,-0.29072794,0.6897311,9.783055
758560951038271,-0.28115666,0.6873383,9.792626
758560959730875,-0.28594232,0.69930243,9.785448
758560968423479,-0.2835495,0.68255264,9.775877
758560977116084,-0.28594232,0.69212395,9.787841
758560985808688,-0.2883351,0.69212395,9.77827
758560994501292,-0.2835495,0.6873383,9.792626
758561003193948,-0.29312077,0.6945168,9.775877
758561011886552,-0.29072794,0.68255264,9.780663
758561020579156,-0.2835495,0.6945168,9.785448
758561029271761,-0.2883351,0.68255264,9.792626
758561037964365,-0.28115666,0.6897311,9.780663
758561046656969,-0.2835495,0.69212395,9.795019
758561055349573,-0.29312077,0.69212395,9.771091
758561064042177,-0.2883351,0.69212395,9.785448
758561072734834,-0.2883351,0.6897311,9.787841
758561081427438,-0.28115666,0.6873383,9.783055
758561090120042,-0.28115666,0.6897311,9.797412
758561098812646,-0.28594232,0.6945168,9.77827
758561107505250,-0.2883351,0.69212395,9.771091
758561116197854,-0.29072794,0.69212395,9.785448
758561124890459,-0.29072794,0.6873383,9.787841
758561133583063,-0.2835495,0.69212395,9.787841
758561142275667,-0.28115666,0.6969096,9.785448
758561150968323,-0.2835495,0.6897311,9.785448
758561159660927,-0.28594232,0.6897311,9.771091
758561168353531,-0.28594232,0.6945168,9.780663
758561177046136,-0.28594232,0.6969096,9.780663
758561185738740,-0.2835495,0.6873383,9.792626
758561194431344,-0.2835495,0.6969096,9.806984
758561203123948,-0.28594232,0.69212395,9.785448
758561211816604,-0.28594232,0.69212395,9.768699
758561220509209,-0.29072794,0.6897311,9.76152
758561229201813,-0.28594232,0.68255264,9.787841
758561237894417,-0.29312077,0.68255264,9.795019
758561246587021,-0.29072794,0.6873383,9.802198
758561255279625,-0.28594232,0.68494546,9.780663
758561263972229,-0.2883351,0.69212395,9.787841
758561272664834,-0.27876383,0.6969096,9.792626
758561281357438,-0.2835495,0.69212395,9.783055
758561290050094,-0.28594232,0.68255264,9.783055
758561298742698,-0.2955136,0.6945168,9.795019
758561307435302,-0.29072794,0.6873383,9.771091
758561316127906,-0.28594232,0.69212395,9.797412
758561324820511,-0.28594232,0.6801598,9.771091
758561333513115,-0.2835495,0.6897311,9.795019
758561342205771,-0.29072794,0.6897311,9.77827
758561350898375,-0.28594232,0.6897311,9.787841
758561359590979,-0.28594232,0.68494546,9.783055
758561368283584,-0.27876383,0.6945168,9.785448
758561376976188,-0.27876383,0.68494546,9.785448
758561385668792,-0.2835495,0.69930243,9.783055
758561394361396,-0.2835495,0.6945168,9.773484
758561403054000,-0.276371,0.6897311,9.795019
758561411746656,-0.2835495,0.6873383,9.783055
758561420439261,-0.2835495,0.6873383,9.785448
758561429131865,-0.2835495,0.6873383,9.790234
758561437824469,-0.28594232,0.6897311,9.780663
758561446517073,-0.28594232,0.6873383,9.792626
758561455209677,-0.2835495,0.6873383,9.775877
758561463902281,-0.28594232,0.6897311,9.780663
758561472594886,-0.2835495,0.6729814,9.787841
758561481287490,-0.28594232,0.6945168,9.790234
758561489980146,-0.2835495,0.6969096,9.787841
758561498672750,-0.2883351,0.6897311,9.785448
758561507365354,-0.28115666,0.6873383,9.783055
758561516057959,-0.28115666,0.6945168,9.790234
758561524750563,-0.28115666,0.68494546,9.785448
758561533443167,-0.28594232,0.6897311,9.77827
758561542135771,-0.2883351,0.6873383,9.790234
758561550828427,-0.29312077,0.68494546,9.751948
758561559521031,-0.2835495,0.68494546,9.826126
758561568213636,-0.2883351,0.6897311,9.751948
758561576906240,-0.27876383,0.6897311,9.806984
758561585598844,-0.2883351,0.69212395,9.754341
758561594291448,-0.28594232,0.69212395,9.768699
758561602984052,-0.2883351,0.68255264,9.8117695
758561611676656,-0.2955136,0.68255264,9.768699
758561620369261,-0.27876383,0.69212395,9.823733
758561629061917,-0.28594232,0.6873383,9.749556
758561637754521,-0.28115666,0.68494546,9.790234
758561646447125,-0.29072794,0.69212395,9.766306
758561655139729,-0.2883351,0.68255264,9.799805
758561663832334,-0.2883351,0.68255264,9.790234
758561672524938,-0.27876383,0.6945168,9.799805
758561681217542,-0.28594232,0.6897311,9.785448
758561689910146,-0.28115666,0.69212395,9.783055
758561698602802,-0.28115666,0.6897311,9.797412
758561707295406,-0.28594232,0.6873383,9.771091
758561715988011,-0.27876383,0.6945168,9.806984
758561724680615,-0.29072794,0.6873383,9.763913
758561733373219,-0.2739782,0.6945168,9.804591
758561742065823,-0.2883351,0.6969096,9.77827
758561750758427,-0.28594232,0.69212395,9.8117695
758561759451031,-0.28594232,0.6801598,9.759128
758561768143688,-0.28594232,0.69212395,9.792626
758561776836292,-0.29312077,0.69212395,9.775877
758561785528896,-0.28115666,0.6897311,9.780663
758561794221500,-0.29312077,0.6945168,9.783055
758561802914104,-0.29072794,0.6873383,9.792626
758561811606709,-0.29072794,0.6945168,9.785448
758561820299313,-0.276371,0.6897311,9.77827
758561828991917,-0.2835495,0.69212395,9.77827
758561837684521,-0.27876383,0.6969096,9.792626
758561846377177,-0.2835495,0.6897311,9.766306
758561855069781,-0.28594232,0.68494546,9.790234
758561863762386,-0.2835495,0.68494546,9.783055
758561872454990,-0.2883351,0.6945168,9.792626
758561881147594,-0.28115666,0.68494546,9.785448
758561889840198,-0.29072794,0.68494546,9.787841
758561898532802,-0.28594232,0.6873383,9.77827
758561907225459,-0.29312077,0.68494546,9.768699
758561915918063,-0.2835495,0.68494546,9.804591
758561924610667,-0.2883351,0.6801598,9.771091
758561933303271,-0.28594232,0.69212395,9.797412
758561941995875,-0.28594232,0.6897311,9.771091
758561950688479,-0.2835495,0.6897311,9.77827
758561959381084,-0.29790643,0.6897311,9.773484
758561968073688,-0.2883351,0.6945168,9.799805
758561976766344,-0.28594232,0.6945168,9.790234
758561985458948,-0.2883351,0.6945168,9.809377
758561994151552,-0.2883351,0.68494546,9.749556
758562002844156,-0.28594232,0.68255264,9.780663
758562011536761,-0.28594232,0.6897311,9.797412
758562020229365,-0.2883351,0.6873383,9.766306
758562028921969,-0.2883351,0.6873383,9.828519
758562037614573,-0.29072794,0.6969096,9.76152
758562046307177,-0.2739782,0.69212395,9.799805
758562054999834,-0.27876383,0.6897311,9.763913
758562063692438,-0.28115666,0.6873383,9.785448
758562072385042,-0.2883351,0.6873383,9.797412
758562081077646,-0.28594232,0.68494546,9.787841
758562089770250,-0.2835495,0.6969096,9.802198
758562098462854,-0.2883351,0.69212395,9.780663
758562107155459,-0.27876383,0.6897311,9.768699
758562115848063,-0.28594232,0.6945168,9.790234
758562124540719,-0.2883351,0.6897311,9.77827
758562133233323,-0.28594232,0.6873383,9.790234
758562141925927,-0.2835495,0.6873383,9.797412
758562150618531,-0.2955136,0.6873383,9.775877
758562159311136,-0.29312077,0.6969096,9.795019
758562168003740,-0.28594232,0.6897311,9.775877
758562176696344,-0.2883351,0.6945168,9.795019
758562185388948,-0.2835495,0.6897311,9.780663
758562194081604,-0.2883351,0.69212395,9.77827
758562202774209,-0.28115666,0.68494546,9.787841
758562211466813,-0.2883351,0.68494546,9.783055
758562220159417,-0.28594232,0.6873383,9.783055
758562228852021,-0.2883351,0.68255264,9.790234
758562237544625,-0.28594232,0.69212395,9.795019
758562246237229,-0.28594232,0.6897311,9.790234
758562254929834,-0.28115666,0.6969096,9.780663
758562263622490,-0.28594232,0.68494546,9.785448
758562272315094,-0.28594232,0.68255264,9.795019
758562281007698,-0.2883351,0.69212395,9.787841
758562289700302,-0.2883351,0.69930243,9.780663
758562298392906,-0.29072794,0.69212395,9.797412
758562307085511,-0.27876383,0.6873383,9.787841
758562315778115,-0.276371,0.68494546,9.780663
758562324470719,-0.28594232,0.68494546,9.773484
758562333163323,-0.29790643,0.6873383,9.792626
758562341855979,-0.29072794,0.68494546,9.802198
758562350548584,-0.29312077,0.69212395,9.792626
758562359241188,-0.28594232,0.69212395,9.797412
758562367933792,-0.2835495,0.7040881,9.783055
758562376626396,-0.27876383,0.68255264,9.759128
758562385319000,-0.28594232,0.6945168,9.787841
758562394011604,-0.29312077,0.69212395,9.780663
758562402704209,-0.2835495,0.6801598,9.795019
758562411396865,-0.2955136,0.6969096,9.804591
758562420089469,-0.27876383,0.68255264,9.785448
758562428782073,-0.2835495,0.69212395,9.787841
758562437474677,-0.276371,0.6897311,9.780663
758562446167281,-0.2835495,0.6897311,9.77827
758562454859886,-0.28594232,0.6873383,9.792626
758562463552490,-0.29072794,0.6801598,9.787841
758562472245094,-0.2835495,0.6945168,9.802198
758562480937750,-0.27876383,0.6897311,9.783055
758562489630354,-0.2955136,0.6873383,9.759128
758562498322959,-0.2883351,0.6897311,9.797412
758562507015563,-0.2835495,0.6945168,9.790234
758562515708167,-0.27876383,0.68494546,9.785448
758562524400771,-0.2835495,0.6969096,9.790234
758562533093375,-0.29072794,0.68494546,9.790234
758562541785979,-0.28594232,0.69212395,9.77827
758562550478584,-0.2883351,0.6897311,9.780663
758562559171240,-0.29072794,0.68255264,9.783055
758562567863844,-0.28594232,0.68494546,9.790234
758562576556448,-0.29072794,0.69212395,9.785448
758562585249052,-0.29072794,0.69212395,9.775877
758562593941656,-0.28115666,0.6873383,9.783055
758562602634261,-0.2883351,0.6969096,9.787841
758562611326865,-0.2955136,0.6873383,9.773484
758562620019469,-0.28115666,0.6873383,9.792626
758562628712125,-0.28594232,0.68494546,9.775877
758562637404729,-0.2883351,0.6969096,9.804591
758562646097334,-0.2835495,0.6969096,9.780663
758562654789938,-0.2835495,0.6873383,9.780663
758562663482542,-0.2835495,0.6873383,9.783055
758562672175146,-0.29312077,0.69212395,9.787841
758562680867750,-0.2883351,0.6969096,9.783055
758562689560354,-0.29312077,0.68494546,9.787841
758562698252959,-0.2955136,0.6897311,9.783055
758562706945563,-0.29312077,0.69212395,9.785448
758562715638219,-0.29072794,0.6969096,9.783055
758562724330823,-0.27876383,0.68494546,9.768699
758562733023427,-0.2955136,0.6873383,9.804591
758562741716031,-0.2883351,0.69212395,9.775877
758562750408636,-0.29312077,0.6897311,9.785448
758562759101240,-0.28594232,0.6897311,9.783055
758562767793844,-0.2883351,0.6897311,9.795019
758562776486500,-0.28115666,0.6873383,9.792626
758562785179104,-0.28594232,0.6873383,9.77827
758562793871709,-0.28594232,0.68494546,9.775877
758562802564313,-0.2883351,0.6873383,9.795019
758562811256917,-0.29072794,0.6897311,9.771091
758562819949521,-0.29312077,0.69930243,9.8117695
758562828642125,-0.28594232,0.6945168,9.76152
758562837334729,-0.2883351,0.6801598,9.780663
758562846027334,-0.28594232,0.69212395,9.783055
758562854719938,-0.28594232,0.6873383,9.773484
758562863412594,-0.28594232,0.6969096,9.792626
758562872105198,-0.28594232,0.69212395,9.790234
758562880797802,-0.29072794,0.6897311,9.773484
758562889490406,-0.28594232,0.69212395,9.787841
758562898183011,-0.2883351,0.6897311,9.787841
758562906875615,-0.29312077,0.68494546,9.783055
758562915568219,-0.28594232,0.69212395,9.787841
758562924260823,-0.28594232,0.6945168,9.773484
758562932953479,-0.28594232,0.69212395,9.795019
758562941646084,-0.29312077,0.6873383,9.780663
758562950338688,-0.276371,0.6897311,9.785448
758562959031292,-0.2835495,0.6873383,9.77827
758562967723896,-0.2883351,0.69212395,9.790234
758562976416500,-0.2835495,0.6897311,9.790234
758562985109104,-0.28594232,0.6945168,9.790234
758562993801709,-0.2835495,0.6873383,9.77827
758563002494313,-0.29072794,0.6897311,9.783055
758563011186969,-0.2835495,0.6873383,9.775877
758563019879573,-0.29072794,0.6873383,9.792626
758563028572177,-0.28594232,0.69212395,9.783055
758563037264781,-0.28594232,0.69212395,9.783055
758563045957386,-0.28115666,0.69212395,9.797412
758563054649990,-0.29072794,0.6873383,9.763913
758563063342594,-0.28594232,0.6873383,9.771091
758563072035198,-0.29072794,0.6873383,9.792626
758563080727802,-0.28594232,0.69212395,9.77827
758563089420459,-0.29312077,0.6945168,9.790234
758563098113063,-0.28594232,0.6945168,9.77827
758563106805667,-0.2835495,0.69212395,9.771091
758563115498271,-0.2883351,0.6897311,9.787841
758563124190875,-0.28594232,0.69212395,9.780663
758563132883479,-0.2955136,0.6897311,9.785448
758563141576084,-0.29072794,0.6897311,9.785448
758563150268688,-0.29072794,0.69930243,9.792626
758563158961344,-0.28115666,0.6897311,9.780663
758563167653948,-0.28594232,0.69212395,9.785448
758563176346552,-0.2883351,0.68255264,9.775877
758563185039156,-0.28594232,0.6873383,9.790234
758563193731761,-0.28594232,0.6897311,9.77827
758563202424365,-0.2883351,0.6897311,9.802198
758563211116969,-0.29072794,0.69212395,9.77827
758563219809573,-0.2835495,0.6897311,9.771091
758563228502177,-0.2835495,0.6897311,9.790234
758563237194834,-0.28115666,0.6873383,9.773484
758563245887438,-0.2835495,0.68494546,9.785448
758563254580042,-0.2883351,0.6897311,9.790234
758563263272646,-0.28594232,0.6897311,9.780663
758563271965250,-0.29312077,0.6897311,9.792626
758563280657854,-0.28594232,0.69212395,9.771091
758563289350459,-0.2835495,0.6873383,9.77827
758563298043063,-0.29072794,0.6897311,9.775877
758563306735667,-0.29312077,0.68494546,9.77827
758563315428323,-0.28594232,0.6945168,9.799805
758563324120927,-0.2883351,0.69212395,9.787841
758563332813531,-0.28115666,0.68494546,9.785448
758563341506136,-0.29072794,0.68494546,9.785448
758563350198740,-0.29072794,0.6801598,9.773484
758563358891344,-0.28594232,0.6897311,9.783055
758563367583948,-0.29790643,0.6897311,9.780663
758563376276604,-0.2883351,0.70169526,9.787841
758563384969209,-0.2835495,0.69930243,9.792626
758563393661813,-0.27876383,0.6945168,9.768699
758563402354417,-0.28594232,0.6897311,9.787841
758563411047021,-0.28594232,0.6969096,9.77827
758563419739625,-0.28594232,0.68255264,9.787841
758563428432281,-0.29072794,0.6897311,9.775877
758563437124886,-0.2835495,0.6897311,9.783055
758563445817490,-0.2835495,0.6801598,9.77827
758563454510094,-0.2883351,0.68494546,9.790234
758563463202698,-0.2835495,0.6945168,9.792626
758563471895302,-0.28115666,0.6897311,9.773484
758563480587906,-0.29072794,0.6873383,9.783055
758563489280511,-0.29072794,0.6873383,9.780663
758563497973167,-0.28594232,0.69930243,9.790234
758563506665771,-0.28594232,0.68255264,9.783055
758563515358375,-0.27876383,0.68494546,9.787841
758563524050979,-0.28115666,0.6873383,9.763913
758563532743584,-0.28115666,0.6897311,9.771091
758563541436188,-0.28115666,0.68494546,9.780663
758563550128792,-0.29312077,0.6969096,9.795019
758563558821448,-0.28594232,0.6873383,9.77827
758563567514052,-0.28115666,0.69212395,9.792626
758563576206656,-0.28594232,0.6897311,9.783055
758563584899261,-0.28594232,0.69212395,9.766306
758563593591865,-0.2883351,0.6897311,9.77827
758563602284469,-0.2883351,0.6873383,9.795019
758563610977125,-0.28594232,0.6873383,9.783055
758563619669729,-0.28115666,0.6897311,9.783055
758563628362334,-0.276371,0.6897311,9.773484
758563637054938,-0.2883351,0.6897311,9.790234
758563645747542,-0.2883351,0.6873383,9.780663
758563654440146,-0.28115666,0.68255264,9.780663
758563663132750,-0.29072794,0.6873383,9.787841
758563671825406,-0.2883351,0.69212395,9.792626
758563680518011,-0.2835495,0.69212395,9.771091
758563689210615,-0.2883351,0.6945168,9.775877
758563697903219,-0.2835495,0.69212395,9.780663
758563706595823,-0.28594232,0.6897311,9.792626
758563715288427,-0.2835495,0.6969096,9.799805
758563723981031,-0.2835495,0.6897311,9.771091
758563732673688,-0.29072794,0.6945168,9.787841
758563741366292,-0.29072794,0.6873383,9.780663
758563750058896,-0.29072794,0.6945168,9.780663
758563758751500,-0.28594232,0.6873383,9.783055
758563767444104,-0.29072794,0.6873383,9.783055
758563776136709,-0.29072794,0.69212395,9.780663
758563784829365,-0.28594232,0.6873383,9.785448
758563793521969,-0.29072794,0.68255264,9.780663
758563802214573,-0.28594232,0.6873383,9.780663
758563810907177,-0.29072794,0.69212395,9.787841
758563819599781,-0.28594232,0.69212395,9.771091
758563828292438,-0.2883351,0.69212395,9.795019
758563836985042,-0.29072794,0.6945168,9.792626
758563845677646,-0.2835495,0.6945168,9.785448
758563854370250,-0.28115666,0.6969096,9.783055
758563863062854,-0.2835495,0.67776704,9.768699
758563871755459,-0.28594232,0.68494546,9.787841
758563880448063,-0.29072794,0.69212395,9.773484
758563889140719,-0.2883351,0.68494546,9.797412
758563897833323,-0.28594232,0.68255264,9.783055
758563906525927,-0.28115666,0.6897311,9.790234
758563915218531,-0.27876383,0.6873383,9.785448
758563923911136,-0.2883351,0.68494546,9.77827
758563932603792,-0.28115666,0.6873383,9.783055
758563941296396,-0.28115666,0.68494546,9.785448
758563949989000,-0.2835495,0.69212395,9.763913
758563958681604,-0.2835495,0.6897311,9.790234
758563967374209,-0.2883351,0.6873383,9.77827
758563976066813,-0.2835495,0.6945168,9.783055
758563984759469,-0.2835495,0.69212395,9.780663
758563993452073,-0.2835495,0.69212395,9.77827
758564002144677,-0.2835495,0.6873383,9.77827
758564010837281,-0.2883351,0.6873383,9.787841
758564019529886,-0.28115666,0.69212395,9.783055
758564028222542,-0.2835495,0.6873383,9.792626
758564036915146,-0.28594232,0.6873383,9.773484
758564045607750,-0.28594232,0.6897311,9.775877
758564054300354,-0.2835495,0.6969096,9.785448
758564062992959,-0.29072794,0.6897311,9.783055
758564071685563,-0.29072794,0.68255264,9.773484
758564080378219,-0.29072794,0.6873383,9.790234
758564089070823,-0.2835495,0.69212395,9.792626
758564097763427,-0.2883351,0.6897311,9.77827
758564106456031,-0.28594232,0.6873383,9.771091
758564115148636,-0.27876383,0.6801598,9.785448
758564123841240,-0.2883351,0.6897311,9.773484
758564132533844,-0.2835495,0.6945168,9.804591
758564141226500,-0.28115666,0.68255264,9.768699
758564149919104,-0.2835495,0.6945168,9.790234
758564158611709,-0.28594232,0.6945168,9.77827
758564167304313,-0.2883351,0.6945168,9.790234
758564175996917,-0.28594232,0.69212395,9.780663
758564184689573,-0.2883351,0.69212395,9.790234
758564193382177,-0.2955136,0.6873383,9.780663
758564202074781,-0.28594232,0.6945168,9.783055
758564210767386,-0.29312077,0.6873383,9.780663
758564219459990,-0.2883351,0.6897311,9.792626
758564228152594,-0.28594232,0.6897311,9.787841
758564236845250,-0.2883351,0.6897311,9.785448
758564245537854,-0.2835495,0.6897311,9.783055
758564254230459,-0.2835495,0.6897311,9.790234
758564262923063,-0.28594232,0.6873383,9.771091
758564271615667,-0.2835495,0.6897311,9.809377
758564280308323,-0.29790643,0.6897311,9.773484
758564289000927,-0.2835495,0.69212395,9.799805
758564297693531,-0.2835495,0.69212395,9.766306
758564306386136,-0.2835495,0.67776704,9.773484
758564315078740,-0.29312077,0.68494546,9.773484
758564323771344,-0.2883351,0.6897311,9.802198
758564332464000,-0.29312077,0.69212395,9.775877
758564341156604,-0.28594232,0.6969096,9.806984
758564349849209,-0.28594232,0.6897311,9.756734
758564358541813,-0.2835495,0.6873383,9.783055
758564367234417,-0.28594232,0.69212395,9.792626
758564375927073,-0.2835495,0.69930243,9.759128
758564384619677,-0.28115666,0.6897311,9.799805
758564393312281,-0.2955136,0.6969096,9.773484
758564402004886,-0.2883351,0.68494546,9.821341
758564410697490,-0.28115666,0.6897311,9.77827
758564419390094,-0.28115666,0.6801598,9.775877
758564428082750,-0.28594232,0.68494546,9.77827
758564436775354,-0.2955136,0.6945168,9.773484
758564445467959,-0.28115666,0.6897311,9.77827
758564454160563,-0.28594232,0.6969096,9.787841
758564462853167,-0.28594232,0.6873383,9.787841
758564471545771,-0.28115666,0.6873383,9.785448
758564480238427,-0.28594232,0.69212395,9.773484
758564488931031,-0.28594232,0.69212395,9.783055
758564497623636,-0.2835495,0.6945168,9.780663
758564506316240,-0.28115666,0.6897311,9.799805
758564515008844,-0.2883351,0.6873383,9.775877
758564523701500,-0.2883351,0.6897311,9.792626
758564532394104,-0.29072794,0.6897311,9.766306
758564541086709,-0.27876383,0.69212395,9.795019
758564549779313,-0.2883351,0.6945168,9.77827
758564558471917,-0.2835495,0.6873383,9.797412
758564567164521,-0.29072794,0.68255264,9.771091
758564575857177,-0.29072794,0.6897311,9.790234
758564584549781,-0.276371,0.69212395,9.768699
758564593242386,-0.28594232,0.6897311,9.780663
758564601934990,-0.2835495,0.68255264,9.766306
758564610627594,-0.28594232,0.70169526,9.790234
758564619320198,-0.29072794,0.6897311,9.768699
758564628012854,-0.2883351,0.69212395,9.797412
758564636705459,-0.29312077,0.68255264,9.759128
758564645398063,-0.2835495,0.6873383,9.792626
758564654090667,-0.29072794,0.6897311,9.771091
758564662783271,-0.2883351,0.68255264,9.775877
758564671475927,-0.2883351,0.6969096,9.785448
758564680168531,-0.28115666,0.6897311,9.785448
758564688861136,-0.2835495,0.69930243,9.804591
758564697553740,-0.2835495,0.69212395,9.773484
758564706246344,-0.2883351,0.6945168,9.780663
758564714938948,-0.28594232,0.68255264,9.77827
758564723631552,-0.29072794,0.6873383,9.787841
758564732324209,-0.28115666,0.6945168,9.783055
758564741016813,-0.29072794,0.6897311,9.792626
758564749709417,-0.2883351,0.6897311,9.77827
758564758402021,-0.2883351,0.6897311,9.783055
758564767094625,-0.2883351,0.6801598,9.771091
758564775787281,-0.2955136,0.68494546,9.783055
758564784479886,-0.2883351,0.6897311,9.783055
758564793172490,-0.29072794,0.69212395,9.783055
758564801865094,-0.2883351,0.69930243,9.795019
758564810557698,-0.28115666,0.69212395,9.77827
758564819250302,-0.28115666,0.6969096,9.785448
758564827942959,-0.28594232,0.6897311,9.787841
758564836635563,-0.29312077,0.6945168,9.766306
758564845328167,-0.29072794,0.6873383,9.799805
758564854020771,-0.28594232,0.6873383,9.792626
758564862713375,-0.29312077,0.69212395,9.775877
758564871406031,-0.28115666,0.6897311,9.785448
758564880098636,-0.2835495,0.69212395,9.768699
758564888791240,-0.27876383,0.6945168,9.785448
758564897483844,-0.2883351,0.6969096,9.77827
758564906176448,-0.28594232,0.68494546,9.773484
758564914869052,-0.28594232,0.6897311,9.790234
758564923561709,-0.2883351,0.6873383,9.773484
758564932254313,-0.2835495,0.69212395,9.792626
758564940946917,-0.29072794,0.69212395,9.773484
758564949639521,-0.28115666,0.6945168,9.802198
758564958332177,-0.28594232,0.6945168,9.754341
758564967024781,-0.28115666,0.6873383,9.797412
758564975717386,-0.2883351,0.6873383,9.780663
758564984409990,-0.2835495,0.68494546,9.780663
758564993102594,-0.2835495,0.6969096,9.785448
758565001795198,-0.29072794,0.69212395,9.773484
758565010487854,-0.28115666,0.68255264,9.795019
758565019180459,-0.28115666,0.6945168,9.785448
758565027873063,-0.276371,0.6897311,9.77827
758565036565667,-0.29072794,0.6897311,9.787841
758565045258271,-0.2883351,0.6897311,9.783055
758565053950927,-0.29790643,0.6897311,9.783055
758565062643531,-0.2955136,0.68255264,9.77827
758565071336136,-0.2835495,0.6873383,9.773484
758565080028740,-0.2835495,0.6897311,9.797412
758565088721396,-0.27876383,0.6945168,9.780663
758565097414000,-0.2835495,0.69212395,9.783055
758565106106604,-0.2883351,0.6873383,9.775877
758565114799209,-0.28115666,0.69212395,9.787841
758565123491813,-0.2835495,0.6873383,9.783055
758565132184469,-0.29072794,0.6873383,9.783055
758565140877073,-0.28115666,0.6873383,9.785448
758565149569677,-0.28115666,0.6897311,9.780663
758565158262281,-0.28594232,0.68255264,9.783055
758565166954886,-0.2883351,0.69212395,9.773484
758565175647542,-0.29072794,0.68494546,9.795019
758565184340146,-0.2955136,0.6945168,9.787841
758565193032750,-0.28594232,0.6897311,9.775877
758565201725354,-0.28594232,0.6969096,9.790234
758565210417959,-0.28115666,0.6945168,9.768699
758565219110615,-0.28115666,0.6897311,9.795019
758565227803219,-0.29072794,0.6897311,9.76152
758565236495823,-0.2883351,0.6873383,9.790234
758565245188427,-0.2883351,0.6945168,9.771091
758565253881031,-0.2835495,0.6945168,9.795019
758565262573688,-0.28115666,0.6897311,9.771091
758565271266292,-0.28115666,0.6873383,9.792626
758565279958896,-0.2883351,0.68255264,9.76152
758565288651552,-0.29072794,0.6945168,9.785448
758565297344156,-0.28594232,0.6945168,9.792626
758565306036761,-0.2883351,0.6873383,9.780663
758565314729365,-0.2883351,0.6945168,9.785448
758565323421969,-0.29072794,0.69212395,9.775877
758565332114573,-0.28115666,0.6945168,9.775877
758565340807229,-0.28115666,0.69212395,9.785448
758565349499834,-0.29072794,0.6873383,9.785448
758565358192438,-0.28115666,0.6897311,9.792626
758565366885042,-0.27876383,0.6945168,9.790234
758565375577698,-0.2835495,0.6897311,9.76152
758565384270302,-0.28115666,0.6897311,9.77827
758565392962906,-0.28594232,0.68494546,9.780663
758565401655511,-0.2835495,0.6801598,9.795019
758565410348167,-0.29072794,0.6897311,9.783055
758565419040771,-0.28115666,0.6897311,9.780663
758565427733375,-0.2883351,0.6897311,9.768699
758565436425979,-0.2835495,0.6969096,9.802198
758565445118636,-0.2955136,0.6873383,9.768699
758565453811240,-0.276371,0.6873383,9.816555
758565462503844,-0.29312077,0.69212395,9.759128
758565471196448,-0.2883351,0.6945168,9.809377
758565479889104,-0.27876383,0.69212395,9.773484
758565488581709,-0.2835495,0.69212395,9.792626
758565497274313,-0.28594232,0.67776704,9.787841
758565505966917,-0.29312077,0.6945168,9.773484
758565514659521,-0.2883351,0.6945168,9.790234
758565523352177,-0.2955136,0.6945168,9.773484
758565532044781,-0.27876383,0.6873383,9.795019
758565540737386,-0.28115666,0.68494546,9.792626
758565549430042,-0.27876383,0.69212395,9.780663
758565558122646,-0.28594232,0.68494546,9.77827
758565566815250,-0.2835495,0.69212395,9.795019
758565575507854,-0.2835495,0.6969096,9.780663
758565584200459,-0.28115666,0.69930243,9.792626
758565592893115,-0.28594232,0.6897311,9.771091
758565601585719,-0.28594232,0.69212395,9.77827
758565610278323,-0.29790643,0.6897311,9.783055
758565618970927,-0.28594232,0.6873383,9.785448
758565627663584,-0.28594232,0.69212395,9.790234
758565636356188,-0.2835495,0.6801598,9.775877
758565645048792,-0.276371,0.6897311,9.780663
758565653741396,-0.28115666,0.68494546,9.77827
758565662434052,-0.29312077,0.6897311,9.77827
758565671126656,-0.2835495,0.69212395,9.799805
758565679819261,-0.28594232,0.69212395,9.783055
758565688511917,-0.29072794,0.68255264,9.790234
758565697204521,-0.2883351,0.6897311,9.795019
758565705897125,-0.2883351,0.6969096,9.77827
758565714589729,-0.28594232,0.6897311,9.783055
758565723282386,-0.2883351,0.6801598,9.780663
758565731974990,-0.2883351,0.6945168,9.785448
758565740667594,-0.28115666,0.69930243,9.797412
758565749360198,-0.28594232,0.6897311,9.780663
758565758052854,-0.28115666,0.6873383,9.790234
758565766745459,-0.2835495,0.6873383,9.783055
758565775438063,-0.2883351,0.6873383,9.771091
758565784130667,-0.28115666,0.6897311,9.795019
758565792823271,-0.2883351,0.69212395,9.787841
758565801515927,-0.2883351,0.6945168,9.775877
758565810208531,-0.29072794,0.6945168,9.795019
758565818901136,-0.28594232,0.6897311,9.771091
758565827593792,-0.2835495,0.6897311,9.790234
758565836286396,-0.2883351,0.68494546,9.771091
758565844979000,-0.2955136,0.68494546,9.773484
758565853671604,-0.2883351,0.69930243,9.790234
758565862364261,-0.2955136,0.68494546,9.785448
758565871056865,-0.2835495,0.6897311,9.797412
758565879749469,-0.2883351,0.68494546,9.785448
758565888442073,-0.29072794,0.69930243,9.766306
758565897134729,-0.276371,0.6897311,9.790234
758565905827334,-0.28115666,0.6945168,9.783055
758565914519938,-0.28115666,0.6897311,9.802198
758565923212542,-0.28594232,0.6873383,9.783055
758565931905198,-0.2955136,0.68255264,9.780663
758565940597802,-0.29072794,0.6873383,9.773484
758565949290406,-0.29312077,0.6801598,9.795019
758565957983011,-0.28594232,0.6897311,9.797412
758565966675667,-0.28115666,0.69212395,9.77827
758565975368271,-0.2835495,0.6873383,9.768699
758565984060875,-0.28115666,0.6873383,9.780663
758565992753479,-0.28594232,0.6873383,9.787841
758566001446084,-0.29312077,0.6945168,9.790234
758566010138740,-0.2835495,0.6945168,9.783055
758566018831344,-0.28594232,0.69212395,9.783055
758566027523948,-0.29072794,0.6873383,9.771091
758566036216604,-0.2835495,0.68255264,9.797412
758566044909209,-0.29072794,0.68494546,9.780663
758566053601813,-0.2883351,0.6873383,9.795019
758566062294417,-0.29072794,0.6873383,9.783055
758566070987073,-0.2883351,0.6873383,9.785448
758566079679677,-0.2883351,0.6873383,9.795019
758566088372281,-0.29072794,0.6897311,9.787841
758566097064886,-0.28115666,0.69930243,9.787841
758566105757542,-0.29072794,0.6873383,9.780663
758566114450146,-0.2883351,0.6969096,9.792626
758566123142750,-0.28594232,0.6897311,9.787841
758566131835354,-0.2883351,0.68494546,9.792626
758566140528011,-0.28594232,0.6897311,9.780663
758566149220615,-0.28594232,0.6897311,9.775877
758566157913219,-0.28594232,0.6897311,9.795019
758566166605823,-0.2883351,0.6801598,9.766306
758566175298479,-0.27876383,0.69212395,9.802198
758566183991084,-0.29072794,0.68255264,9.780663
758566192683688,-0.2883351,0.6873383,9.785448
758566201376292,-0.2835495,0.68494546,9.785448
758566210068948,-0.29312077,0.6897311,9.795019
758566218761552,-0.2883351,0.6969096,9.775877
758566227454156,-0.29072794,0.69212395,9.802198
758566236146761,-0.29312077,0.69212395,9.775877
758566244839417,-0.2835495,0.69212395,9.787841
758566253532021,-0.29072794,0.6897311,9.790234
758566262224625,-0.2955136,0.6873383,9.771091
758566270917281,-0.2835495,0.68494546,9.799805
758566279609886,-0.29790643,0.6873383,9.775877
758566288302490,-0.27876383,0.68494546,9.787841
758566296995094,-0.28594232,0.6969096,9.787841
758566305687750,-0.29312077,0.69212395,9.771091
758566314380354,-0.2835495,0.6873383,9.785448
758566323072959,-0.29312077,0.6969096,9.768699
758566331765563,-0.2883351,0.6945168,9.790234
758566340458167,-0.28115666,0.6873383,9.785448
758566349150823,-0.28594232,0.69212395,9.802198
758566357843427,-0.276371,0.6873383,9.775877
758566366536031,-0.2883351,0.68494546,9.785448
758566375228688,-0.27876383,0.6945168,9.792626
758566383921292,-0.29312077,0.6801598,9.768699
758566392613896,-0.2739782,0.68255264,9.802198
758566401306500,-0.2883351,0.69212395,9.76152
758566409999156,-0.2835495,0.6969096,9.797412
758566418691761,-0.29790643,0.6873383,9.775877
758566427384365,-0.27876383,0.6897311,9.799805
758566436076969,-0.2739782,0.6873383,9.783055
758566444769625,-0.2883351,0.6945168,9.785448
758566453462229,-0.2883351,0.6897311,9.787841
758566462154834,-0.2883351,0.69212395,9.783055
758566470847438,-0.28594232,0.6873383,9.799805
758566479540094,-0.28115666,0.68255264,9.780663
758566488232698,-0.27876383,0.68255264,9.780663
758566496925302,-0.29312077,0.6873383,9.775877
758566505617906,-0.29072794,0.69212395,9.785448
758566514310563,-0.2883351,0.6873383,9.797412
758566523003167,-0.28594232,0.6969096,9.773484
758566531695771,-0.27876383,0.6873383,9.787841
758566540388375,-0.28594232,0.6945168,9.775877
758566549081031,-0.28594232,0.6945168,9.783055
758566557773636,-0.28594232,0.69212395,9.77827
758566566466240,-0.2883351,0.6873383,9.785448
758566575158896,-0.29072794,0.68494546,9.790234
758566583851500,-0.29072794,0.6873383,9.773484
758566592544104,-0.2835495,0.68494546,9.785448
758566601236709,-0.2883351,0.69212395,9.797412
758566609929365,-0.28594232,0.6945168,9.775877
758566618621969,-0.28594232,0.69212395,9.790234
758566627314573,-0.29072794,0.69212395,9.775877
758566636007177,-0.28594232,0.6945168,9.790234
758566644699781,-0.28594232,0.68255264,9.790234
758566653392438,-0.2883351,0.6873383,9.783055
758566662085042,-0.2835495,0.68494546,9.787841
758566670777646,-0.28594232,0.6897311,9.795019
758566679470302,-0.2835495,0.6897311,9.783055
758566688162906,-0.276371,0.6897311,9.790234
758566696855511,-0.29072794,0.68494546,9.787841
758566705548167,-0.2883351,0.6897311,9.795019
758566714240771,-0.2835495,0.6969096,9.787841
758566722933375,-0.2883351,0.68494546,9.790234
758566731625979,-0.2835495,0.69212395,9.785448
758566740318636,-0.2883351,0.6945168,9.790234
758566749011240,-0.29072794,0.6873383,9.766306
758566757703844,-0.2835495,0.6969096,9.806984
758566766396448,-0.29312077,0.69212395,9.756734
758566775089052,-0.28115666,0.6969096,9.806984
758566783781709,-0.2835495,0.69212395,9.754341
758566792474313,-0.2835495,0.68494546,9.792626
758566801166917,-0.2883351,0.6873383,9.785448
758566809859573,-0.28594232,0.69212395,9.780663
758566818552177,-0.2955136,0.6897311,9.797412
758566827244781,-0.28594232,0.6897311,9.792626
758566835937386,-0.276371,0.69212395,9.785448
758566844629990,-0.2835495,0.69212395,9.77827
758566853322646,-0.2835495,0.69212395,9.785448
758566862015250,-0.29072794,0.6897311,9.783055
758566870707854,-0.2835495,0.6801598,9.799805
758566879400511,-0.2883351,0.68494546,9.795019
758566888093115,-0.29072794,0.6897311,9.785448
758566896785719,-0.28594232,0.6897311,9.771091
758566905478323,-0.28594232,0.6969096,9.775877
758566914170979,-0.28594232,0.6945168,9.795019
758566922863584,-0.2883351,0.68494546,9.771091
758566931556188,-0.2835495,0.6873383,9.809377
758566940248792,-0.2955136,0.6969096,9.775877
758566948941448,-0.2835495,0.6969096,9.795019
758566957634052,-0.28594232,0.6873383,9.77827
758566966326656,-0.2835495,0.6873383,9.787841
758566975019261,-0.2883351,0.6801598,9.780663
758566983711917,-0.29312077,0.6873383,9.795019
758566992404521,-0.28115666,0.69212395,9.773484
758567001097125,-0.29072794,0.6897311,9.802198
758567009789729,-0.2835495,0.68494546,9.787841
758567018482386,-0.28594232,0.68255264,9.775877
758567027174990,-0.27876383,0.68494546,9.77827
758567035867594,-0.29072794,0.6969096,9.783055
758567044560198,-0.2883351,0.70169526,9.797412
758567053252854,-0.28594232,0.6873383,9.787841
758567061945459,-0.28115666,0.68494546,9.799805
758567070638063,-0.27876383,0.67776704,9.783055
758567079330719,-0.2883351,0.6873383,9.773484
758567088023323,-0.29312077,0.6945168,9.773484
758567096715927,-0.2955136,0.6945168,9.77827
758567105408531,-0.28594232,0.6897311,9.799805
758567114101188,-0.2835495,0.68255264,9.780663
758567122793792,-0.2883351,0.68494546,9.780663
758567131486396,-0.29072794,0.6873383,9.775877
758567140179000,-0.2883351,0.69212395,9.783055
758567148871656,-0.28115666,0.68494546,9.790234
758567157564261,-0.2883351,0.69212395,9.799805
758567166256865,-0.27876383,0.69212395,9.780663
758567174949469,-0.2835495,0.6873383,9.768699
758567183642125,-0.29072794,0.69212395,9.785448
758567192334729,-0.28594232,0.6897311,9.787841
758567201027334,-0.28594232,0.68494546,9.780663
758567209719938,-0.29072794,0.6801598,9.814162
758567218412594,-0.28115666,0.6897311,9.775877
758567227105198,-0.276371,0.6897311,9.787841
758567235797802,-0.29312077,0.6873383,9.76152
758567244490406,-0.28594232,0.68494546,9.790234
758567253183063,-0.2835495,0.6897311,9.797412
758567261875667,-0.28115666,0.68255264,9.792626
758567270568271,-0.28594232,0.69212395,9.775877
758567279260875,-0.28594232,0.6945168,9.783055
758567287953531,-0.29072794,0.6945168,9.785448
758567296646136,-0.2883351,0.6873383,9.795019
758567305338740,-0.29312077,0.68494546,9.77827
758567314031396,-0.28594232,0.6897311,9.790234
758567322724000,-0.2883351,0.69212395,9.787841
758567331416604,-0.29312077,0.69212395,9.785448
758567340109209,-0.27876383,0.68494546,9.787841
758567348801865,-0.2835495,0.68255264,9.773484
758567357494469,-0.28594232,0.68494546,9.787841
758567366187073,-0.28115666,0.6873383,9.785448
758567374879677,-0.2883351,0.6945168,9.780663
758567383572334,-0.2835495,0.6897311,9.797412
758567392264938,-0.28594232,0.69212395,9.785448
758567400957542,-0.27876383,0.68494546,9.77827
758567409650198,-0.29072794,0.68494546,9.792626
758567418342802,-0.29072794,0.6873383,9.795019
758567427035406,-0.29072794,0.69212395,9.785448
758567435728011,-0.28594232,0.6945168,9.785448
758567444420615,-0.28594232,0.6873383,9.775877
758567453113271,-0.29072794,0.69212395,9.787841
758567461805875,-0.2835495,0.6873383,9.783055
758567470498479,-0.28115666,0.68255264,9.783055
758567479191136,-0.2883351,0.69930243,9.790234
758567487883740,-0.2883351,0.6945168,9.77827
758567496576344,-0.28594232,0.68494546,9.792626
758567505268948,-0.27876383,0.68494546,9.797412
758567513961604,-0.28115666,0.6897311,9.785448
758567522654209,-0.2883351,0.6897311,9.792626
758567531346813,-0.28594232,0.69212395,9.77827
758567540039417,-0.28115666,0.6969096,9.792626
758567548732073,-0.29072794,0.6897311,9.790234
758567557424677,-0.2835495,0.68255264,9.785448
758567566117281,-0.2883351,0.6801598,9.797412
758567574809886,-0.2883351,0.6969096,9.775877
758567583502542,-0.2883351,0.6897311,9.785448
758567592195146,-0.29790643,0.6897311,9.773484
758567600887750,-0.2835495,0.6873383,9.797412
758567609580354,-0.28594232,0.6873383,9.785448
758567618273011,-0.28115666,0.6873383,9.785448
758567626965615,-0.2883351,0.6873383,9.790234
758567635658219,-0.28594232,0.6897311,9.768699
758567644350875,-0.28115666,0.6897311,9.804591
758567653043479,-0.29072794,0.69212395,9.783055
758567661736084,-0.27876383,0.6873383,9.785448
758567670428688,-0.2835495,0.68494546,9.768699
758567679121292,-0.2883351,0.69212395,9.780663
758567687813948,-0.29072794,0.6873383,9.785448
758567696506552,-0.2883351,0.6873383,9.790234
758567705199156,-0.28115666,0.69212395,9.787841
758567713891761,-0.28594232,0.6873383,9.783055
758567722584417,-0.28115666,0.6897311,9.790234
758567731277021,-0.28594232,0.69212395,9.773484
758567739969625,-0.2835495,0.6801598,9.795019
758567748662281,-0.28115666,0.69212395,9.771091
758567757354886,-0.28594232,0.68255264,9.790234
758567766047490,-0.29072794,0.68494546,9.773484
758567774740094,-0.29072794,0.6873383,9.795019
758567783432750,-0.2835495,0.6945168,9.780663
758567792125354,-0.28594232,0.68494546,9.799805
758567800817959,-0.276371,0.6897311,9.766306
758567809510563,-0.28594232,0.6969096,9.790234
758567818203219,-0.2835495,0.6897311,9.773484
758567826895823,-0.29312077,0.68494546,9.780663
758567835588427,-0.2883351,0.6873383,9.773484
758567844281031,-0.29072794,0.69212395,9.802198
758567852973688,-0.2883351,0.68494546,9.766306
758567861666292,-0.29312077,0.6873383,9.792626
758567870358896,-0.27876383,0.6969096,9.775877
758567879051500,-0.27876383,0.6945168,9.787841
758567887744156,-0.2835495,0.6873383,9.771091
758567896436761,-0.29072794,0.6873383,9.792626
758567905129365,-0.2835495,0.6873383,9.771091
758567913822021,-0.29312077,0.69212395,9.795019
758567922514625,-0.29312077,0.6969096,9.76152
758567931207229,-0.28594232,0.6873383,9.792626
758567939899834,-0.27876383,0.69212395,9.783055
758567948592438,-0.2883351,0.6897311,9.773484
758567957285094,-0.29072794,0.69212395,9.790234
758567965977698,-0.29312077,0.6873383,9.771091
758567974670302,-0.2835495,0.69212395,9.804591
758567983362959,-0.28115666,0.6873383,9.77827
758567992055563,-0.2883351,0.68494546,9.785448
758568000748167,-0.28115666,0.68255264,9.771091
758568009440771,-0.29072794,0.6897311,9.790234
758568018133427,-0.28115666,0.69212395,9.790234
758568026826031,-0.28594232,0.6873383,9.783055
758568035518636,-0.2883351,0.6873383,9.783055
758568044211240,-0.2835495,0.68494546,9.785448
758568052903896,-0.27876383,0.6897311,9.780663
758568061596500,-0.2835495,0.6945168,9.780663
758568070289104,-0.2883351,0.6897311,9.792626
758568078981709,-0.28115666,0.6873383,9.780663
758568087674365,-0.27876383,0.6897311,9.792626
758568096366969,-0.2883351,0.6897311,9.787841
758568105059573,-0.2883351,0.6873383,9.77827
758568113752177,-0.28594232,0.68494546,9.783055
758568122444834,-0.28594232,0.70169526,9.785448
758568131137438,-0.276371,0.69930243,9.766306
758568139830042,-0.29072794,0.6897311,9.790234
758568148522646,-0.28594232,0.69212395,9.783055
758568157215302,-0.28594232,0.68494546,9.780663
758568165907906,-0.28115666,0.6897311,9.790234
758568174600511,-0.2883351,0.6945168,9.766306
758568183293167,-0.28594232,0.6945168,9.790234
758568191985771,-0.27876383,0.6873383,9.773484
758568200678375,-0.2883351,0.6945168,9.780663
758568209370979,-0.2883351,0.6897311,9.775877
758568218063584,-0.29072794,0.6897311,9.795019
758568226756240,-0.29072794,0.68494546,9.77827
758568235448844,-0.2835495,0.6897311,9.775877
758568244141448,-0.2835495,0.6969096,9.775877
758568252834052,-0.2883351,0.68255264,9.783055
758568261526709,-0.2835495,0.6945168,9.780663
758568270219313,-0.2835495,0.6897311,9.780663
758568278911917,-0.28594232,0.69212395,9.795019
758568287604573,-0.2835495,0.6969096,9.773484
758568296297177,-0.29312077,0.68494546,9.783055
758568304989781,-0.29072794,0.6873383,9.77827
758568313682386,-0.29072794,0.68255264,9.795019
758568322375042,-0.2835495,0.6897311,9.790234
758568331067646,-0.29312077,0.6897311,9.785448
758568339760250,-0.2883351,0.68255264,9.787841
758568348452854,-0.28594232,0.6897311,9.780663
758568357145511,-0.28115666,0.68255264,9.787841
758568365838115,-0.276371,0.6969096,9.775877
758568374530719,-0.28594232,0.6969096,9.785448
758568383223323,-0.276371,0.69212395,9.785448
758568391915979,-0.28594232,0.6873383,9.783055
758568400608584,-0.2835495,0.6897311,9.795019
758568409301188,-0.29312077,0.6897311,9.773484
758568417993792,-0.2835495,0.6801598,9.785448
758568426686448,-0.28115666,0.6873383,9.780663
758568435379052,-0.29312077,0.6969096,9.77827
758568444071656,-0.2835495,0.6873383,9.780663
758568452764261,-0.28594232,0.68255264,9.783055
758568461456917,-0.2955136,0.6873383,9.775877
758568470149521,-0.2883351,0.6969096,9.792626
758568478842125,-0.2835495,0.69212395,9.785448
758568487534729,-0.28115666,0.6873383,9.785448
758568496227386,-0.27876383,0.6969096,9.797412
758568504919990,-0.2883351,0.6897311,9.77827
758568513612594,-0.276371,0.6969096,9.790234
758568522305250,-0.28594232,0.6897311,9.773484
758568530997854,-0.2835495,0.6897311,9.795019
758568539690459,-0.29072794,0.68494546,9.780663
758568548383063,-0.29072794,0.6873383,9.77827
758568557075719,-0.28594232,0.6945168,9.790234
758568565768323,-0.28594232,0.6945168,9.775877
758568574460927,-0.28594232,0.69212395,9.780663
758568583153531,-0.276371,0.68494546,9.783055
758568591846188,-0.27876383,0.6897311,9.785448
758568600538792,-0.2835495,0.68494546,9.785448
758568609231396,-0.29072794,0.68494546,9.773484
758568617924000,-0.28594232,0.69212395,9.785448
758568626616656,-0.28115666,0.69212395,9.785448
758568635309261,-0.28115666,0.68255264,9.771091
758568644001865,-0.2883351,0.69930243,9.802198
758568652694469,-0.29312077,0.68255264,9.775877
758568661387125,-0.28594232,0.6969096,9.799805
758568670079729,-0.28594232,0.69212395,9.783055
758568678772334,-0.28594232,0.6873383,9.766306
758568687464938,-0.28594232,0.68494546,9.792626
758568696157542,-0.29072794,0.6897311,9.797412
758568704850198,-0.28115666,0.68255264,9.775877
758568713542802,-0.28594232,0.69212395,9.790234
758568722235406,-0.29312077,0.69212395,9.768699
758568730928063,-0.29072794,0.6873383,9.790234
758568739620667,-0.28115666,0.6873383,9.775877
758568748313271,-0.2883351,0.6969096,9.780663
758568757005927,-0.2835495,0.69212395,9.785448
758568765698531,-0.28594232,0.6873383,9.775877
758568774391136,-0.28594232,0.68255264,9.802198
758568783083740,-0.2883351,0.6897311,9.785448
758568791776344,-0.28594232,0.6945168,9.780663
758568800469000,-0.2835495,0.69212395,9.787841
758568809161604,-0.29072794,0.69212395,9.766306
758568817854209,-0.28115666,0.68255264,9.790234
758568826546813,-0.2883351,0.6945168,9.790234
758568835239469,-0.28115666,0.6945168,9.77827
758568843932073,-0.2835495,0.68494546,9.792626
758568852624677,-0.2835495,0.6873383,9.783055
758568861317334,-0.28115666,0.6969096,9.783055
758568870009938,-0.29072794,0.69212395,9.780663
758568878702542,-0.28594232,0.6873383,9.790234
758568887395146,-0.2835495,0.68255264,9.780663
758568896087750,-0.28594232,0.69212395,9.790234
758568904780406,-0.29072794,0.6897311,9.775877
758568913473011,-0.28594232,0.69212395,9.783055
758568922165615,-0.2883351,0.6897311,9.77827
758568930858219,-0.28115666,0.68255264,9.792626
758568939550875,-0.2883351,0.68494546,9.77827
758568948243479,-0.2883351,0.68494546,9.785448
758568956936084,-0.2835495,0.6873383,9.785448
758568965628740,-0.28594232,0.68255264,9.787841
758568974321344,-0.28115666,0.6873383,9.775877
758568983013948,-0.2955136,0.6897311,9.780663
758568991706552,-0.27876383,0.68255264,9.787841
758569000399209,-0.276371,0.6969096,9.771091
758569009091813,-0.30269206,0.6897311,9.775877
758569017784417,-0.2835495,0.67776704,9.783055
758569026477021,-0.28594232,0.6945168,9.797412
758569035169625,-0.29312077,0.6945168,9.780663
758569043862281,-0.28594232,0.69212395,9.785448
758569052554886,-0.2883351,0.6873383,9.775877
758569061247490,-0.2883351,0.6945168,9.790234
758569069940146,-0.28594232,0.6897311,9.787841
758569078632750,-0.29072794,0.69212395,9.792626
758569087325354,-0.28115666,0.6873383,9.785448
758569096017959,-0.2883351,0.6945168,9.785448
758569104710615,-0.28594232,0.6897311,9.773484
758569113403219,-0.29312077,0.69212395,9.780663
758569122095823,-0.28115666,0.69212395,9.780663
758569130788427,-0.28115666,0.68494546,9.77827
758569139481084,-0.28115666,0.6873383,9.802198
758569148173688,-0.2883351,0.6873383,9.768699
758569156866292,-0.28115666,0.68494546,9.77827
758569165558896,-0.29072794,0.6897311,9.792626
758569174251552,-0.2883351,0.6801598,9.771091
758569182944156,-0.2883351,0.68494546,9.790234
758569191636761,-0.28594232,0.6897311,9.77827
758569200329365,-0.29072794,0.6873383,9.792626
758569209022021,-0.28594232,0.6873383,9.783055
758569217714625,-0.276371,0.6945168,9.795019
758569226407229,-0.28594232,0.6873383,9.773484
758569235099834,-0.2883351,0.6873383,9.77827
758569243792490,-0.2835495,0.6897311,9.787841
758569252485094,-0.2883351,0.69212395,9.785448
758569261177698,-0.27876383,0.6873383,9.783055
758569269870302,-0.28115666,0.6897311,9.792626
758569278562959,-0.28115666,0.6873383,9.768699
758569287255563,-0.2883351,0.6945168,9.787841
758569295948167,-0.2835495,0.69212395,9.795019
758569304640771,-0.2835495,0.6873383,9.77827
758569313333427,-0.28594232,0.6945168,9.797412
758569322026031,-0.2883351,0.6969096,9.780663
758569330718636,-0.28594232,0.6945168,9.773484
758569339411240,-0.29072794,0.69212395,9.790234
758569348103844,-0.29072794,0.68494546,9.775877
758569356796500,-0.29072794,0.6945168,9.795019
758569365489104,-0.28594232,0.69212395,9.787841
758569374181709,-0.28594232,0.6873383,9.780663
758569382874365,-0.2883351,0.6897311,9.783055
758569391566969,-0.2883351,0.6897311,9.787841
758569400259573,-0.28594232,0.69212395,9.790234
758569408952177,-0.2835495,0.68494546,9.792626
758569417644834,-0.28115666,0.69930243,9.783055
758569426337438,-0.2883351,0.68494546,9.780663
758569435030042,-0.2835495,0.6945168,9.795019
758569443722646,-0.29312077,0.68494546,9.775877
758569452415302,-0.2883351,0.69212395,9.795019
758569461107906,-0.28594232,0.6873383,9.795019
758569469800511,-0.2835495,0.6873383,9.787841
758569478493115,-0.2835495,0.69212395,9.797412
758569487185771,-0.2835495,0.6969096,9.773484
758569495878375,-0.2883351,0.6969096,9.792626
758569504570979,-0.28115666,0.6969096,9.77827
758569513263584,-0.27876383,0.6897311,9.790234
758569521956240,-0.2883351,0.6969096,9.787841
758569530648844,-0.28594232,0.69212395,9.785448
758569539341448,-0.27876383,0.6897311,9.790234
758569548034052,-0.2883351,0.6945168,9.775877
758569556726656,-0.28115666,0.68255264,9.795019
758569565419313,-0.29312077,0.70169526,9.795019
758569574111917,-0.2883351,0.6873383,9.785448
758569582804521,-0.2835495,0.6945168,9.792626
758569591497177,-0.29072794,0.6969096,9.77827
758569600189781,-0.2883351,0.68255264,9.787841
758569608882386,-0.29312077,0.68494546,9.783055
758569617574990,-0.2883351,0.69212395,9.790234
758569626267646,-0.29790643,0.6897311,9.775877
758569634960250,-0.2955136,0.6897311,9.797412
758569643652854,-0.2835495,0.68255264,9.783055
758569652345459,-0.2883351,0.6897311,9.787841
758569661038115,-0.28594232,0.6969096,9.780663
758569669730719,-0.28115666,0.69212395,9.797412
758569678423323,-0.28594232,0.69212395,9.780663
758569687115927,-0.29312077,0.69930243,9.790234
758569695808531,-0.28594232,0.6873383,9.785448
758569704501188,-0.29072794,0.6945168,9.780663
758569713193792,-0.28594232,0.6873383,9.792626
758569721886396,-0.28115666,0.68494546,9.780663
758569730579052,-0.28594232,0.6945168,9.771091
758569739271656,-0.2883351,0.6873383,9.797412
758569747964261,-0.28594232,0.6897311,9.785448
758569756656865,-0.2835495,0.6945168,9.785448
758569765349469,-0.2883351,0.68255264,9.773484
758569774042125,-0.29072794,0.68494546,9.785448
758569782734729,-0.28115666,0.69212395,9.802198
758569791427334,-0.2835495,0.69212395,9.775877
758569800119938,-0.276371,0.6873383,9.785448
758569808812594,-0.28115666,0.6897311,9.787841
758569817505198,-0.28594232,0.6873383,9.780663
758569826197802,-0.28594232,0.6873383,9.795019
758569834890406,-0.29072794,0.6873383,9.780663
758569843583063,-0.28115666,0.6897311,9.787841
758569852275667,-0.28594232,0.6873383,9.780663
758569860968271,-0.2835495,0.6945168,9.77827
758569869660875,-0.27876383,0.69212395,9.792626
758569878353531,-0.29072794,0.69212395,9.775877
758569887046136,-0.2883351,0.69212395,9.787841
758569895738740,-0.2883351,0.6969096,9.792626
758569904431344,-0.28115666,0.69212395,9.780663
758569913124000,-0.2835495,0.69212395,9.797412
758569921816604,-0.28115666,0.69930243,9.780663
758569930509209,-0.28115666,0.6873383,9.773484
758569939201813,-0.2883351,0.68494546,9.790234
758569947894469,-0.29072794,0.6897311,9.787841
758569956587073,-0.2883351,0.6969096,9.792626
758569965279677,-0.28594232,0.69212395,9.795019
758569973972281,-0.2883351,0.68255264,9.77827
758569982664886,-0.28594232,0.6897311,9.785448
758569991357542,-0.2835495,0.6873383,9.766306
758570000050146,-0.2883351,0.6897311,9.780663
758570008742750,-0.2883351,0.6897311,9.787841
758570017435406,-0.28115666,0.6945168,9.797412
758570026128011,-0.2835495,0.6945168,9.787841
758570034820615,-0.28594232,0.6897311,9.783055
758570043513219,-0.29072794,0.6945168,9.780663
758570052205875,-0.2883351,0.6945168,9.771091
758570060898479,-0.28594232,0.6945168,9.77827
758570069591084,-0.29072794,0.69212395,9.792626
758570078283688,-0.2835495,0.68255264,9.787841
758570086976292,-0.2835495,0.68494546,9.785448
758570095668948,-0.2835495,0.6897311,9.780663
758570104361552,-0.28115666,0.6801598,9.77827
758570113054156,-0.2883351,0.6897311,9.787841
758570121746761,-0.29072794,0.6897311,9.785448
758570130439417,-0.29072794,0.6897311,9.783055
758570139132021,-0.29072794,0.69212395,9.783055
758570147824625,-0.28594232,0.6897311,9.780663
758570156517229,-0.28594232,0.6897311,9.780663
758570165209886,-0.2883351,0.6897311,9.785448
758570173902490,-0.2883351,0.6945168,9.780663
758570182595094,-0.29072794,0.6945168,9.783055
758570191287698,-0.28115666,0.69212395,9.77827
758570199980302,-0.27876383,0.68255264,9.792626
758570208672959,-0.2835495,0.6897311,9.787841
758570217365563,-0.29312077,0.6897311,9.785448
758570226058167,-0.2883351,0.6801598,9.77827
758570234750823,-0.2835495,0.6897311,9.775877
758570243443427,-0.27876383,0.6873383,9.790234
758570252136031,-0.2835495,0.6873383,9.797412
758570260828636,-0.28594232,0.68494546,9.77827
758570269521240,-0.28115666,0.6897311,9.797412
758570278213896,-0.28115666,0.6873383,9.780663
758570286906500,-0.28594232,0.68494546,9.792626
758570295599104,-0.27876383,0.6897311,9.780663
758570304291709,-0.2883351,0.68494546,9.787841
758570312984365,-0.2835495,0.6873383,9.783055
758570321676969,-0.28594232,0.6873383,9.797412
758570330369573,-0.28594232,0.69930243,9.780663
758570339062177,-0.28594232,0.6897311,9.785448
758570347754781,-0.28594232,0.6945168,9.780663
758570356447438,-0.28594232,0.6873383,9.77827
758570365140042,-0.2883351,0.6897311,9.795019
758570373832646,-0.28594232,0.6873383,9.785448
758570382525302,-0.29312077,0.68494546,9.790234
758570391217906,-0.2835495,0.6873383,9.76152
758570399910511,-0.28115666,0.6873383,9.787841
758570408603115,-0.2835495,0.6873383,9.763913
758570417295719,-0.29072794,0.6897311,9.787841
758570425988375,-0.2883351,0.6873383,9.795019
758570434680979,-0.2883351,0.6969096,9.785448
758570443373584,-0.2883351,0.6945168,9.795019
758570452066188,-0.27876383,0.69212395,9.783055
758570460758844,-0.28115666,0.7040881,9.775877
758570469451448,-0.28594232,0.6945168,9.790234
758570478144052,-0.29072794,0.6897311,9.780663
758570486836656,-0.28115666,0.68494546,9.797412
758570495529313,-0.29072794,0.6945168,9.77827
758570504221917,-0.2835495,0.6873383,9.783055
758570512914521,-0.28594232,0.6897311,9.766306
758570521607125,-0.2883351,0.6873383,9.787841
758570530299729,-0.28594232,0.68494546,9.792626
758570538992386,-0.28115666,0.69212395,9.780663
758570547684990,-0.2835495,0.69212395,9.792626
758570556377594,-0.2835495,0.6945168,9.780663
758570565070250,-0.29072794,0.6945168,9.795019
758570573762854,-0.28594232,0.6801598,9.77827
758570582455459,-0.2835495,0.69212395,9.787841
758570591148063,-0.2883351,0.6873383,9.785448
758570599840667,-0.29312077,0.6897311,9.787841
758570608533271,-0.29312077,0.6945168,9.768699
758570617225927,-0.29072794,0.6969096,9.797412
758570625918531,-0.2835495,0.6873383,9.785448
758570634611136,-0.28594232,0.6873383,9.780663
758570643303792,-0.28594232,0.69212395,9.780663
758570651996396,-0.28594232,0.69212395,9.792626
758570660689000,-0.2835495,0.69212395,9.783055
758570669381604,-0.2835495,0.6873383,9.787841
758570678074209,-0.27876383,0.69212395,9.783055
758570686766865,-0.29072794,0.6897311,9.77827
758570695459469,-0.28594232,0.6873383,9.780663
758570704152073,-0.28594232,0.6969096,9.785448
758570712844677,-0.29312077,0.6969096,9.783055
758570721537281,-0.28594232,0.6897311,9.795019
758570730229938,-0.2835495,0.6945168,9.787841
758570738922542,-0.28594232,0.6897311,9.775877
758570747615146,-0.2835495,0.69212395,9.790234
758570756307750,-0.2835495,0.6969096,9.790234
758570765000406,-0.29072794,0.6897311,9.773484
758570773693011,-0.2883351,0.6897311,9.792626
758570782385615,-0.28115666,0.6945168,9.775877
758570791078219,-0.2835495,0.69212395,9.792626
758570799770823,-0.28115666,0.6897311,9.790234
758570808463479,-0.2883351,0.6873383,9.773484
758570817156084,-0.2835495,0.6873383,9.785448
758570825848688,-0.28594232,0.6897311,9.771091
758570834541292,-0.2883351,0.6897311,9.783055
758570843233948,-0.29072794,0.69212395,9.785448
758570851926552,-0.29072794,0.69212395,9.77827
758570860619156,-0.2835495,0.68494546,9.787841
758570869311761,-0.28594232,0.68255264,9.77827
758570878004417,-0.28594232,0.68494546,9.783055
758570886697021,-0.27876383,0.68255264,9.783055
758570895389625,-0.28594232,0.69212395,9.785448
758570904082229,-0.28594232,0.6945168,9.790234
758570912774834,-0.28115666,0.6945168,9.799805
758570921467490,-0.28115666,0.6897311,9.77827
758570930160094,-0.2835495,0.67776704,9.802198
758570938852698,-0.29072794,0.6873383,9.766306
758570947545302,-0.28115666,0.69212395,9.795019
758570956237959,-0.28594232,0.69212395,9.785448
758570964930563,-0.28115666,0.6969096,9.783055
758570973623167,-0.2835495,0.6873383,9.790234
758570982315771,-0.27876383,0.68255264,9.77827
758570991008427,-0.28115666,0.6897311,9.783055
758570999701031,-0.28594232,0.68494546,9.785448
758571008393636,-0.29312077,0.69212395,9.771091
758571017086240,-0.29072794,0.69212395,9.792626
758571025778844,-0.2883351,0.68255264,9.792626
758571034471500,-0.28115666,0.68494546,9.785448
758571043164104,-0.28115666,0.6945168,9.783055
758571051856709,-0.2835495,0.68494546,9.780663
758571060549313,-0.2883351,0.6873383,9.783055
758571069241917,-0.28115666,0.6945168,9.795019
758571077934573,-0.2883351,0.68494546,9.773484
758571086627177,-0.2835495,0.6945168,9.797412
758571095319781,-0.2739782,0.6873383,9.780663
758571104012386,-0.28594232,0.6897311,9.775877
758571112705042,-0.2835495,0.6897311,9.795019
758571121397646,-0.28594232,0.6897311,9.77827
758571130090250,-0.2835495,0.69212395,9.783055
758571138782854,-0.2883351,0.6897311,9.77827
758571147475459,-0.2835495,0.6897311,9.775877
758571156168115,-0.2835495,0.6873383,9.799805
758571164860719,-0.27876383,0.6897311,9.783055
758571173553323,-0.276371,0.6945168,9.787841
758571182245927,-0.27876383,0.6897311,9.783055
758571190938584,-0.28594232,0.69212395,9.785448
758571199631188,-0.2883351,0.68494546,9.787841
758571208323792,-0.28594232,0.68255264,9.787841
758571217016396,-0.2835495,0.68494546,9.77827
758571225709052,-0.2883351,0.6897311,9.795019
758571234401656,-0.28594232,0.6897311,9.792626
758571243094261,-0.28594232,0.69212395,9.780663
758571251786865,-0.29312077,0.6945168,9.790234
758571260479469,-0.28594232,0.6873383,9.783055
758571269172125,-0.2883351,0.69212395,9.792626
758571277864729,-0.28115666,0.6873383,9.780663
758571286557334,-0.2883351,0.68255264,9.785448
758571295249938,-0.2883351,0.6945168,9.783055
758571303942542,-0.29312077,0.68494546,9.773484
758571312635198,-0.28115666,0.68494546,9.792626
758571321327802,-0.2883351,0.6945168,9.795019
758571330020406,-0.2883351,0.6897311,9.790234
758571338713011,-0.2883351,0.69212395,9.790234
758571347405667,-0.2883351,0.68494546,9.780663
758571356098271,-0.28115666,0.69212395,9.787841
758571364790875,-0.29072794,0.6873383,9.783055
758571373483479,-0.28594232,0.6897311,9.77827
758571382176084,-0.28115666,0.6873383,9.787841
758571390868740,-0.28594232,0.6945168,9.790234
758571399561344,-0.28115666,0.6969096,9.785448
758571408253948,-0.28594232,0.69212395,9.773484
758571416946552,-0.2883351,0.6897311,9.787841
758571425639156,-0.28594232,0.6801598,9.783055
758571434331813,-0.28115666,0.6897311,9.787841
758571443024417,-0.2883351,0.6801598,9.775877
758571451717021,-0.28594232,0.6969096,9.783055
758571460409625,-0.2883351,0.68494546,9.780663
758571469102281,-0.27876383,0.68494546,9.804591
758571477794886,-0.27876383,0.6873383,9.771091
758571486487490,-0.2883351,0.6873383,9.797412
758571495180094,-0.28594232,0.6873383,9.790234
758571503872750,-0.28115666,0.6945168,9.790234
758571512565354,-0.2883351,0.68494546,9.775877
758571521257959,-0.29072794,0.6945168,9.787841
758571529950563,-0.2835495,0.6897311,9.780663
758571538643167,-0.2955136,0.69212395,9.785448
758571547335771,-0.2835495,0.68494546,9.785448
758571556028427,-0.28115666,0.68494546,9.790234
758571564721031,-0.29072794,0.69930243,9.790234
758571573413636,-0.2835495,0.6873383,9.785448
758571582106240,-0.27876383,0.6897311,9.797412
758571590798896,-0.29072794,0.6969096,9.771091
758571599491500,-0.28594232,0.6969096,9.802198
758571608184104,-0.2835495,0.69212395,9.775877
758571616876709,-0.29312077,0.69212395,9.795019
758571625569313,-0.2883351,0.68494546,9.780663
758571634261969,-0.2835495,0.6945168,9.797412
758571642954573,-0.2883351,0.69212395,9.77827
758571651647177,-0.2883351,0.69212395,9.790234
758571660339781,-0.28594232,0.6969096,9.763913
758571669032438,-0.28115666,0.68255264,9.795019
758571677725042,-0.2835495,0.6945168,9.77827
758571686417646,-0.2835495,0.68494546,9.797412
758571695110250,-0.28115666,0.6897311,9.785448
758571703802854,-0.2835495,0.6945168,9.773484
758571712495459,-0.2835495,0.69212395,9.785448
758571721188115,-0.28594232,0.6873383,9.773484
758571729880719,-0.28594232,0.6897311,9.790234
758571738573323,-0.2835495,0.6801598,9.780663
758571747265927,-0.27876383,0.6873383,9.780663
758571755958584,-0.2883351,0.6897311,9.77827
758571764651188,-0.29072794,0.69212395,9.797412
758571773343792,-0.2835495,0.6897311,9.766306
758571782036396,-0.28115666,0.6873383,9.783055
758571790729000,-0.29072794,0.6897311,9.795019
758571799421656,-0.2883351,0.69212395,9.775877
758571808114261,-0.2835495,0.6897311,9.783055
758571816806865,-0.28594232,0.6897311,9.783055
758571825499469,-0.28115666,0.6873383,9.785448
758571834192073,-0.2835495,0.6969096,9.785448
758571842884729,-0.28594232,0.6873383,9.76152
758571851577334,-0.2835495,0.6945168,9.792626
758571860269938,-0.29072794,0.6873383,9.783055
758571868962542,-0.2835495,0.6945168,9.795019
758571877655198,-0.2883351,0.6897311,9.780663
758571886347802,-0.2835495,0.69212395,9.787841
758571895040406,-0.28115666,0.6873383,9.773484
758571903733011,-0.29312077,0.6969096,9.795019
758571912425615,-0.2835495,0.69212395,9.780663
758571921118271,-0.28594232,0.68494546,9.792626
758571929810875,-0.2835495,0.69930243,9.77827
758571938503479,-0.28594232,0.6969096,9.787841
758571947196084,-0.28115666,0.6897311,9.783055
758571955888688,-0.27876383,0.6945168,9.775877
758571964581344,-0.28115666,0.69212395,9.783055
758571973273948,-0.276371,0.6801598,9.787841
758571981966552,-0.28115666,0.6897311,9.785448
758571990659156,-0.29312077,0.69212395,9.785448
758571999351761,-0.28115666,0.6945168,9.783055
758572008044417,-0.2739782,0.6897311,9.787841
758572016737021,-0.28115666,0.67776704,9.790234
758572025429625,-0.2835495,0.69212395,9.795019
758572034122229,-0.2883351,0.6945168,9.790234
758572042814834,-0.2883351,0.6897311,9.780663
758572051507490,-0.2883351,0.6945168,9.790234
758572060200094,-0.28115666,0.6873383,9.785448
758572068892698,-0.276371,0.6897311,9.773484
758572077585302,-0.28594232,0.6897311,9.792626
758572086277906,-0.28115666,0.6873383,9.775877
758572094970563,-0.28594232,0.69212395,9.783055
758572103663167,-0.28594232,0.69212395,9.780663
758572112355771,-0.2835495,0.69212395,9.785448
758572121048375,-0.2883351,0.6873383,9.783055
758572129740979,-0.2883351,0.6969096,9.787841
758572138433636,-0.2835495,0.68494546,9.783055
758572147126240,-0.2835495,0.6945168,9.787841
758572155818844,-0.28594232,0.6945168,9.77827
758572164511448,-0.27876383,0.6873383,9.804591
758572173204052,-0.29072794,0.69212395,9.785448
758572181896709,-0.28115666,0.6873383,9.785448
758572190589313,-0.2883351,0.6873383,9.77827
758572199281917,-0.2835495,0.69212395,9.792626
758572207974521,-0.2883351,0.68494546,9.771091
758572216667125,-0.29072794,0.6897311,9.787841
758572225359781,-0.28594232,0.6969096,9.785448
758572234052386,-0.2883351,0.6945168,9.783055
758572242744990,-0.28115666,0.6873383,9.790234
758572251437594,-0.2835495,0.6873383,9.787841
758572260130198,-0.28594232,0.6897311,9.773484
758572268822854,-0.2835495,0.69212395,9.797412
758572277515459,-0.29790643,0.68494546,9.77827
758572286208063,-0.2835495,0.68494546,9.795019
758572294900667,-0.2835495,0.6873383,9.783055
758572303593271,-0.28594232,0.6945168,9.785448
758572312285927,-0.27876383,0.6945168,9.799805
758572320978531,-0.2883351,0.6873383,9.780663
758572329671136,-0.276371,0.6945168,9.785448
758572338363740,-0.29072794,0.69212395,9.787841
758572347056344,-0.28594232,0.69212395,9.771091
758572355749000,-0.2883351,0.69930243,9.790234
758572364441604,-0.29312077,0.6897311,9.783055
758572373134209,-0.2883351,0.69212395,9.790234
758572381826813,-0.2883351,0.6945168,9.77827
758572390519417,-0.2835495,0.69212395,9.77827
758572399212073,-0.2883351,0.6897311,9.787841
758572407904677,-0.29072794,0.68494546,9.783055
758572416597281,-0.28594232,0.6945168,9.77827
758572425289886,-0.27876383,0.6945168,9.799805
758572433982542,-0.2883351,0.6897311,9.768699
758572442675146,-0.2835495,0.69212395,9.792626
758572451367750,-0.2835495,0.6873383,9.783055
758572460060354,-0.2883351,0.67776704,9.785448
758572468752959,-0.29072794,0.6801598,9.77827
758572477445563,-0.28594232,0.6897311,9.790234
758572486138219,-0.28594232,0.68494546,9.775877
758572494830823,-0.2835495,0.6897311,9.787841
758572503523427,-0.29072794,0.6873383,9.756734
758572512216031,-0.2883351,0.69212395,9.785448
758572520908636,-0.29312077,0.6945168,9.787841
758572529601292,-0.2883351,0.69212395,9.77827
758572538293896,-0.2883351,0.6969096,9.792626
758572546986500,-0.2883351,0.68494546,9.780663
758572555679104,-0.2739782,0.68494546,9.780663
758572564371709,-0.2835495,0.69212395,9.775877
758572573064365,-0.2883351,0.6897311,9.783055
758572581756969,-0.2883351,0.69212395,9.792626
758572590449573,-0.29072794,0.69212395,9.797412
758572599142177,-0.29072794,0.69212395,9.790234
758572607834781,-0.28594232,0.68494546,9.783055
758572616527438,-0.28115666,0.6897311,9.783055
758572625220042,-0.29072794,0.69212395,9.787841
758572633912646,-0.29072794,0.6969096,9.775877
758572642605250,-0.28115666,0.69212395,9.790234
758572651297854,-0.28594232,0.6873383,9.790234
758572659990511,-0.28115666,0.6945168,9.795019
758572668683115,-0.27876383,0.69212395,9.780663
758572677375719,-0.29072794,0.6873383,9.795019
758572686068323,-0.28115666,0.6873383,9.780663
758572694760927,-0.28594232,0.69212395,9.780663
758572703453584,-0.29072794,0.6897311,9.792626
758572712146188,-0.2835495,0.6873383,9.795019
758572720838792,-0.2883351,0.68255264,9.768699
758572729531396,-0.29312077,0.69212395,9.795019
758572738224000,-0.29072794,0.69212395,9.76152
758572746916656,-0.2883351,0.69930243,9.799805
758572755609261,-0.28594232,0.6897311,9.787841
758572764301865,-0.2883351,0.68494546,9.766306
758572772994469,-0.27876383,0.6873383,9.795019
758572781687073,-0.28594232,0.6873383,9.763913
758572790379677,-0.2883351,0.6873383,9.787841
758572799072334,-0.2835495,0.68255264,9.77827
758572807764938,-0.2835495,0.6873383,9.787841
758572816457542,-0.28594232,0.6873383,9.77827
758572825150146,-0.2883351,0.6873383,9.790234
758572833842750,-0.28594232,0.68255264,9.77827
758572842535406,-0.28115666,0.6969096,9.799805
758572851228011,-0.2883351,0.6873383,9.763913
758572859920615,-0.29072794,0.68494546,9.787841
758572868613219,-0.29072794,0.6873383,9.790234
758572877305823,-0.29312077,0.68255264,9.773484
758572885998479,-0.28115666,0.6873383,9.804591
758572894691084,-0.28594232,0.6897311,9.773484
758572903383688,-0.28594232,0.6897311,9.785448
758572912076292,-0.29072794,0.6873383,9.787841
758572920768948,-0.29072794,0.68255264,9.771091
758572929461500,-0.28594232,0.69212395,9.804591
758572938154156,-0.2835495,0.6897311,9.783055
758572946846761,-0.28115666,0.69212395,9.797412
758572955539365,-0.28115666,0.69212395,9.783055
758572964231969,-0.28115666,0.68494546,9.783055
758572972924573,-0.2835495,0.6801598,9.773484
758572981617229,-0.29072794,0.68494546,9.783055
758572990309834,-0.28594232,0.6969096,9.785448
758572999002438,-0.2883351,0.6945168,9.790234
758573007695042,-0.2835495,0.68494546,9.77827
758573016387646,-0.29312077,0.6945168,9.780663
758573025080302,-0.2883351,0.6873383,9.792626
758573033772906,-0.27876383,0.6897311,9.773484
758573042465511,-0.2883351,0.68255264,9.797412
758573051158115,-0.2883351,0.6897311,9.787841
758573059850719,-0.2883351,0.6897311,9.792626
758573068543323,-0.28594232,0.6873383,9.780663
758573077235979,-0.29312077,0.6897311,9.785448
758573085928584,-0.2835495,0.68494546,9.785448
758573094621188,-0.2835495,0.6945168,9.795019
758573103313792,-0.28594232,0.68494546,9.771091
758573112006448,-0.28594232,0.69212395,9.783055
758573120699052,-0.28115666,0.6897311,9.785448
758573129391656,-0.2883351,0.68494546,9.790234
758573138084261,-0.27876383,0.6969096,9.797412
758573146776865,-0.28594232,0.68494546,9.766306
758573155469469,-0.2835495,0.6897311,9.797412
758573164162073,-0.28594232,0.68255264,9.775877
758573172854729,-0.2835495,0.6873383,9.790234
758573181547334,-0.2835495,0.6873383,9.77827
758573190239938,-0.29072794,0.6897311,9.780663
758573198932542,-0.27876383,0.6873383,9.795019
758573207625146,-0.2883351,0.6945168,9.77827
758573216317802,-0.2883351,0.69212395,9.771091
758573225010406,-0.29072794,0.6897311,9.799805
758573233703011,-0.29072794,0.69212395,9.775877
758573242395615,-0.2835495,0.69212395,9.792626
758573251088219,-0.2835495,0.6873383,9.790234
758573259780823,-0.2835495,0.6945168,9.785448
758573268473479,-0.28115666,0.68494546,9.790234
758573277166084,-0.2883351,0.68494546,9.780663
758573285858688,-0.28115666,0.6873383,9.785448
758573294551292,-0.28115666,0.6897311,9.790234
758573303243896,-0.28594232,0.6945168,9.771091
758573311936552,-0.276371,0.6969096,9.802198
758573320629156,-0.28594232,0.68494546,9.780663
758573329321761,-0.28594232,0.6873383,9.780663
758573338014365,-0.28594232,0.69212395,9.790234
758573346706969,-0.29072794,0.6873383,9.783055
758573355399573,-0.28594232,0.6873383,9.783055
758573364092229,-0.2955136,0.69212395,9.783055
758573372784834,-0.2835495,0.68255264,9.787841
758573381477438,-0.2883351,0.6897311,9.792626
758573390170042,-0.28594232,0.6897311,9.783055
758573398862646,-0.28115666,0.6945168,9.77827
758573407555302,-0.2883351,0.6873383,9.785448
758573416247906,-0.2835495,0.69930243,9.77827
758573424940511,-0.28115666,0.6945168,9.783055
758573433633115,-0.28594232,0.6873383,9.785448
758573442325719,-0.28594232,0.6897311,9.780663
758573451018375,-0.28594232,0.69212395,9.787841
758573459710979,-0.28594232,0.6873383,9.785448
758573468403584,-0.28594232,0.6897311,9.795019
758573477096188,-0.28594232,0.6945168,9.785448
758573485788792,-0.28594232,0.6801598,9.790234
758573494481396,-0.2835495,0.6873383,9.775877
758573503174052,-0.2835495,0.69212395,9.775877
758573511866656,-0.28594232,0.6873383,9.792626
758573520559261,-0.2835495,0.6801598,9.768699
758573529251865,-0.28115666,0.6897311,9.785448
758573537944469,-0.28115666,0.69930243,9.787841
758573546637073,-0.28594232,0.68494546,9.780663
758573555329729,-0.28115666,0.68255264,9.77827
758573564022334,-0.2835495,0.6897311,9.787841
758573572714938,-0.29312077,0.6945168,9.77827
758573581407542,-0.27876383,0.68494546,9.785448
758573590100146,-0.28594232,0.6897311,9.783055
758573598792802,-0.28594232,0.68255264,9.780663
758573607485406,-0.29312077,0.6897311,9.795019
758573616178011,-0.2835495,0.6897311,9.77827
758573624870615,-0.29072794,0.68494546,9.785448
758573633563219,-0.28594232,0.68255264,9.787841
758573642255823,-0.29072794,0.6801598,9.768699
758573650948479,-0.2883351,0.6873383,9.787841
758573659641084,-0.2883351,0.6897311,9.780663
758573668333688,-0.2883351,0.68494546,9.790234
758573677026292,-0.29072794,0.6897311,9.785448
758573685718896,-0.2883351,0.69212395,9.773484
758573694411552,-0.2883351,0.68255264,9.799805
758573703104156,-0.28594232,0.6873383,9.787841
758573711796761,-0.28115666,0.68494546,9.785448
758573720489365,-0.2883351,0.68494546,9.785448
758573729181969,-0.28115666,0.6897311,9.768699
758573737874573,-0.29072794,0.68494546,9.795019
758573746567177,-0.2835495,0.69212395,9.773484
758573755259834,-0.2883351,0.6945168,9.790234
758573763952438,-0.28594232,0.69212395,9.790234
758573772645042,-0.29072794,0.6945168,9.785448
758573781337646,-0.28115666,0.68494546,9.780663
758573790030250,-0.28594232,0.6969096,9.795019
758573798722854,-0.2835495,0.6873383,9.763913
758573807415511,-0.2835495,0.6897311,9.787841
758573816108115,-0.29312077,0.68494546,9.783055
758573824800719,-0.28115666,0.69212395,9.792626
758573833493323,-0.27876383,0.6969096,9.783055
758573842185927,-0.2835495,0.69930243,9.773484
758573850878584,-0.28115666,0.6897311,9.771091
758573859571188,-0.2883351,0.6969096,9.792626
758573868263792,-0.29072794,0.6897311,9.763913
758573876956396,-0.2835495,0.69212395,9.806984
758573885649000,-0.28594232,0.6945168,9.785448
758573894341604,-0.28594232,0.69212395,9.790234
758573903034261,-0.2883351,0.69212395,9.771091
758573911726865,-0.2835495,0.6873383,9.783055
758573920419469,-0.29072794,0.6897311,9.792626
758573929112073,-0.2883351,0.6945168,9.797412
758573937804677,-0.2835495,0.69212395,9.768699
758573946497281,-0.27876383,0.6945168,9.787841
758573955189938,-0.28115666,0.68255264,9.790234
758573963882542,-0.29312077,0.6945168,9.780663
758573972575146,-0.2835495,0.69212395,9.780663
758573981267750,-0.29072794,0.69212395,9.775877
758573989960354,-0.28594232,0.6969096,9.806984
758573998652959,-0.28594232,0.6897311,9.775877
758574007345615,-0.28594232,0.6897311,9.787841
758574016038219,-0.2955136,0.6873383,9.783055
758574024730823,-0.2883351,0.6873383,9.783055
758574033423427,-0.2835495,0.6897311,9.771091
758574042116031,-0.28594232,0.68255264,9.783055
758574050808636,-0.2883351,0.68255264,9.783055
758574059501292,-0.2835495,0.6897311,9.787841
758574068193896,-0.28594232,0.6873383,9.77827
758574076886500,-0.276371,0.6897311,9.814162
758574085579104,-0.28594232,0.69930243,9.763913
758574094271709,-0.28115666,0.6945168,9.787841
758574102964365,-0.28115666,0.6897311,9.783055
758574111656969,-0.2835495,0.68494546,9.771091
758574120349573,-0.28594232,0.6873383,9.809377
758574129042177,-0.2883351,0.69212395,9.775877
758574137734781,-0.27158538,0.6897311,9.804591
758574146427386,-0.2835495,0.6945168,9.790234
758574155119990,-0.29312077,0.69212395,9.77827
758574163812646,-0.29312077,0.6897311,9.792626
758574172505250,-0.2835495,0.6945168,9.785448
758574181197854,-0.2883351,0.69212395,9.795019
758574189890459,-0.28594232,0.6897311,9.785448
758574198583063,-0.2835495,0.69212395,9.780663
758574207275667,-0.28115666,0.69212395,9.787841
758574215968323,-0.27876383,0.6945168,9.775877
758574224660927,-0.27876383,0.6969096,9.795019
758574233353531,-0.28594232,0.68494546,9.799805
758574242046136,-0.276371,0.68255264,9.780663
758574250738740,-0.2883351,0.6873383,9.792626
758574259431344,-0.29072794,0.68494546,9.775877
758574268123948,-0.29072794,0.6897311,9.785448
758574276816604,-0.2835495,0.6945168,9.797412
758574285509209,-0.29312077,0.68494546,9.76152
758574294201813,-0.28594232,0.6897311,9.806984
758574302894417,-0.29072794,0.68494546,9.766306
758574311587021,-0.27876383,0.6897311,9.799805
758574320279625,-0.29072794,0.6969096,9.77827
758574328972281,-0.28594232,0.6873383,9.780663
758574337664886,-0.28594232,0.6873383,9.799805
758574346357490,-0.2835495,0.6945168,9.806984
758574355050094,-0.2835495,0.68494546,9.771091
758574363742698,-0.2835495,0.68494546,9.77827
758574372435354,-0.2883351,0.68494546,9.771091
758574381127959,-0.2883351,0.68255264,9.799805
758574389820563,-0.2883351,0.6945168,9.797412
758574398513167,-0.28594232,0.6945168,9.771091
758574407205771,-0.2835495,0.6945168,9.785448
758574415898375,-0.2835495,0.6873383,9.773484
758574424590979,-0.2883351,0.6873383,9.773484
758574433283636,-0.28594232,0.6897311,9.787841
758574441976240,-0.2883351,0.68494546,9.773484
758574450668844,-0.28594232,0.6945168,9.790234
758574459361448,-0.2835495,0.6801598,9.775877
758574468054052,-0.2883351,0.6945168,9.785448
758574476746709,-0.28115666,0.69930243,9.775877
758574485439261,-0.28115666,0.68255264,9.790234
758574494131917,-0.28115666,0.68255264,9.773484
758574502824521,-0.2835495,0.68494546,9.797412
758574511517125,-0.2835495,0.6945168,9.780663
758574520209729,-0.27876383,0.6945168,9.797412
758574528902334,-0.28594232,0.69212395,9.773484
758574537594938,-0.28115666,0.6897311,9.785448
758574546287594,-0.2883351,0.68255264,9.780663
758574554980198,-0.28594232,0.6873383,9.787841
758574563672802,-0.27876383,0.6897311,9.780663
758574572365406,-0.28594232,0.6897311,9.792626
758574581058011,-0.28594232,0.6897311,9.785448
758574589750615,-0.29312077,0.6897311,9.785448
758574598443219,-0.2883351,0.6945168,9.780663
758574607135875,-0.28594232,0.68494546,9.785448
758574615828479,-0.28115666,0.6945168,9.797412
758574624521084,-0.2883351,0.69212395,9.766306
758574633213688,-0.28115666,0.69212395,9.795019
758574641906292,-0.2883351,0.6873383,9.785448
758574650598896,-0.28594232,0.6897311,9.783055
758574659291552,-0.2883351,0.69212395,9.783055
758574667984156,-0.2835495,0.69930243,9.792626
758574676676761,-0.2883351,0.6897311,9.785448
758574685369365,-0.28594232,0.67776704,9.787841
758574694061969,-0.2883351,0.6897311,9.77827
758574702754573,-0.28594232,0.6945168,9.787841
758574711447229,-0.2835495,0.67776704,9.783055
758574720139834,-0.28115666,0.6873383,9.792626
758574728832438,-0.2835495,0.6873383,9.785448
758574737525042,-0.2883351,0.6897311,9.787841
758574746217646,-0.2835495,0.69212395,9.787841
758574754910250,-0.28594232,0.68255264,9.783055
758574763602854,-0.28594232,0.68255264,9.785448
758574772295511,-0.28594232,0.69212395,9.787841
758574780988115,-0.29312077,0.6969096,9.773484
758574789680719,-0.2883351,0.68494546,9.790234
758574798373323,-0.29072794,0.6801598,9.783055
758574807065927,-0.2883351,0.6873383,9.792626
758574815758531,-0.2739782,0.69212395,9.780663
758574824451188,-0.28115666,0.6969096,9.787841
758574833143792,-0.2835495,0.6897311,9.780663
758574841836396,-0.28594232,0.6873383,9.783055
758574850529000,-0.2835495,0.6945168,9.785448
758574859221604,-0.2835495,0.69212395,9.775877
758574867914209,-0.29312077,0.6873383,9.785448
758574876606813,-0.29072794,0.6945168,9.77827
758574885299469,-0.2835495,0.69212395,9.797412
758574893992073,-0.27876383,0.69212395,9.780663
758574902684677,-0.276371,0.6945168,9.792626
758574911377281,-0.2835495,0.69212395,9.766306
758574920069886,-0.29312077,0.6897311,9.785448
758574928762490,-0.2883351,0.6873383,9.785448
758574937455094,-0.27876383,0.6897311,9.797412
758574946147698,-0.2739782,0.6945168,9.790234
758574954840354,-0.28594232,0.6945168,9.775877
758574963532959,-0.28115666,0.69212395,9.775877
758574972225563,-0.2955136,0.6897311,9.766306
758574980918167,-0.29312077,0.68255264,9.783055
758574989610771,-0.28594232,0.69212395,9.809377
758574998303375,-0.2883351,0.6897311,9.783055
758575006996031,-0.2835495,0.69930243,9.790234
758575015688636,-0.28115666,0.6873383,9.763913
758575024381240,-0.28594232,0.6897311,9.797412
758575033073844,-0.29312077,0.6873383,9.775877
758575041766448,-0.2883351,0.68255264,9.77827
758575050459052,-0.29072794,0.6969096,9.792626
758575059151656,-0.276371,0.68494546,9.799805
758575067844313,-0.2835495,0.6873383,9.795019
758575076536917,-0.27876383,0.6945168,9.773484
758575085229521,-0.276371,0.69212395,9.785448
758575093922125,-0.2883351,0.6801598,9.780663
758575102614729,-0.2883351,0.68494546,9.809377
758575111307334,-0.29072794,0.6897311,9.780663
758575119999990,-0.2955136,0.6945168,9.785448
758575128692594,-0.27876383,0.6873383,9.780663
758575137385198,-0.28115666,0.68255264,9.771091
758575146077802,-0.2835495,0.67776704,9.76152
758575154770406,-0.2835495,0.6945168,9.806984
758575163463011,-0.29312077,0.69212395,9.780663
758575172155615,-0.28115666,0.6873383,9.787841
758575180848219,-0.2835495,0.6945168,9.780663
758575189540875,-0.28594232,0.6897311,9.785448
758575198233479,-0.2835495,0.6873383,9.787841
758575206926084,-0.28594232,0.6897311,9.783055
758575215618688,-0.2955136,0.6945168,9.780663
758575224311292,-0.29072794,0.6969096,9.783055
758575233003896,-0.2835495,0.6945168,9.799805
758575241696500,-0.28594232,0.6897311,9.77827
758575250389104,-0.2883351,0.6873383,9.783055
758575259081761,-0.28594232,0.6873383,9.783055
758575267774365,-0.28594232,0.6969096,9.783055
758575276466969,-0.29312077,0.6897311,9.773484
758575285159573,-0.28115666,0.68494546,9.783055
758575293852177,-0.2883351,0.69212395,9.780663
758575302544781,-0.2883351,0.69212395,9.797412
758575311237386,-0.2835495,0.6873383,9.783055
758575319930042,-0.27876383,0.6897311,9.790234
758575328622646,-0.2835495,0.6801598,9.787841
758575337315250,-0.29072794,0.68494546,9.790234
758575346007854,-0.29072794,0.6897311,9.790234
758575354700459,-0.28594232,0.6969096,9.792626
758575363393063,-0.28115666,0.69212395,9.783055
758575372085667,-0.2835495,0.6873383,9.773484
758575380778323,-0.2835495,0.6945168,9.783055
758575389470927,-0.29072794,0.6897311,9.790234
758575398163531,-0.2883351,0.69212395,9.790234
758575406856136,-0.29312077,0.68255264,9.799805
758575415548740,-0.28594232,0.69212395,9.785448
758575424241344,-0.2835495,0.6873383,9.785448
758575432934000,-0.28115666,0.68494546,9.773484
758575441626604,-0.2883351,0.68494546,9.77827
758575450319209,-0.2835495,0.6897311,9.787841
758575459011813,-0.2883351,0.69930243,9.799805
758575467704417,-0.29072794,0.69212395,9.785448
758575476397021,-0.2883351,0.69212395,9.799805
758575485089625,-0.2883351,0.6969096,9.783055
758575493782229,-0.29072794,0.6969096,9.775877
758575502474886,-0.28115666,0.6945168,9.785448
758575511167490,-0.2883351,0.6969096,9.787841
758575519860094,-0.28594232,0.69212395,9.787841
758575528552698,-0.2883351,0.6945168,9.792626
758575537245302,-0.2883351,0.6873383,9.77827
758575545937906,-0.28115666,0.6969096,9.804591
758575554630511,-0.28115666,0.6897311,9.780663
758575563323167,-0.2835495,0.6873383,9.783055
758575572015771,-0.29072794,0.6873383,9.785448
758575580708375,-0.28115666,0.6873383,9.787841
758575589400979,-0.28594232,0.68255264,9.790234
758575598093584,-0.28594232,0.6873383,9.771091
758575606786188,-0.2883351,0.68494546,9.790234
758575615478792,-0.28594232,0.6873383,9.77827
758575624171396,-0.29072794,0.6945168,9.780663
758575632864000,-0.2835495,0.68255264,9.783055
758575641556656,-0.28594232,0.6873383,9.790234
758575650249261,-0.2883351,0.6897311,9.780663
758575658941865,-0.27876383,0.69930243,9.783055
758575667634469,-0.28115666,0.6945168,9.780663
758575676327073,-0.2883351,0.6969096,9.787841
758575685019677,-0.2883351,0.6897311,9.787841
758575693712281,-0.29790643,0.6945168,9.773484
758575702404886,-0.29312077,0.6873383,9.790234
758575711097542,-0.29072794,0.6897311,9.790234
758575719790146,-0.2835495,0.68494546,9.792626
758575728482750,-0.29312077,0.6897311,9.799805
758575737175354,-0.27876383,0.68255264,9.771091
758575745867959,-0.2835495,0.68494546,9.771091
758575754560563,-0.29072794,0.6897311,9.783055
758575763253167,-0.276371,0.68494546,9.8428755
758575771945771,-0.26919255,0.6945168,9.787841
758575780638427,-0.29312077,0.6945168,9.720842
758575789331031,-0.29072794,0.6969096,9.780663
758575798023636,-0.29072794,0.68494546,9.809377
758575806716240,-0.28594232,0.69212395,9.802198
758575815408844,-0.2955136,0.6897311,9.771091
758575824101448,-0.2883351,0.6897311,9.768699
758575832794052,-0.27876383,0.68494546,9.792626
758575841486656,-0.2835495,0.6897311,9.775877
758575850179313,-0.2835495,0.6897311,9.77827
758575858871917,-0.2835495,0.6897311,9.799805
758575867564521,-0.28594232,0.68494546,9.773484
758575876257125,-0.28115666,0.6945168,9.799805
758575884949729,-0.29072794,0.6969096,9.773484
758575893642334,-0.28115666,0.6897311,9.785448
758575902334938,-0.27876383,0.6969096,9.799805
758575911027542,-0.276371,0.6873383,9.768699
758575919720198,-0.28115666,0.69212395,9.792626
758575928412802,-0.2883351,0.6897311,9.780663
758575937105406,-0.27876383,0.6801598,9.783055
758575945798011,-0.28115666,0.6945168,9.802198
758575954490615,-0.28594232,0.6897311,9.76152
758575963183219,-0.2883351,0.6945168,9.783055
758575971875823,-0.28115666,0.69212395,9.787841
758575980568479,-0.28594232,0.69212395,9.795019
758575989261084,-0.2835495,0.6897311,9.806984
758575997953688,-0.27876383,0.68255264,9.768699
758576006646292,-0.2883351,0.6897311,9.775877
758576015338896,-0.29312077,0.69212395,9.795019
758576024031500,-0.28115666,0.69212395,9.795019
758576032724104,-0.27876383,0.68494546,9.780663
758576041416709,-0.28115666,0.67776704,9.802198
758576050109313,-0.29312077,0.6897311,9.737592
758576058801969,-0.30029923,0.68255264,9.818948
758576067494573,-0.29312077,0.6945168,9.790234
758576076187177,-0.28115666,0.6897311,9.783055
758576084879781,-0.27876383,0.6969096,9.797412
758576093572386,-0.27158538,0.69930243,9.790234
758576102264990,-0.27876383,0.69930243,9.802198
758576110957594,-0.27158538,0.71365935,9.799805
758576119650198,-0.2883351,0.6897311,9.795019
758576128342854,-0.3074777,0.6681957,9.675379
758576137035459,-0.32422748,0.6538388,9.773484
758576145728063,-0.30508488,0.66341007,9.87159
758576154420667,-0.276371,0.67776704,9.790234
758576163113271,-0.28594232,0.6873383,9.737592
758576171805875,-0.28594232,0.69930243,9.74477
758576180498479,-0.26919255,0.69930243,9.802198
758576189191084,-0.2883351,0.69212395,9.775877
758576197883740,-0.3074777,0.6801598,9.787841
758576206576344,-0.29312077,0.68494546,9.816555
758576215268948,-0.2955136,0.6945168,9.818948
758576223961552,-0.29072794,0.6969096,9.749556
758576232654156,-0.27876383,0.6945168,9.773484
758576241346761,-0.26679972,0.68494546,9.804591
758576250039365,-0.27876383,0.6897311,9.790234
758576258732021,-0.2955136,0.6801598,9.756734
758576267424573,-0.30029923,0.6753742,9.780663
758576276117229,-0.2955136,0.6873383,9.809377
758576284809834,-0.29312077,0.6873383,9.804591
758576293502438,-0.29312077,0.6945168,9.771091
758576302195042,-0.28115666,0.6873383,9.749556
758576310887646,-0.2835495,0.6969096,9.790234
758576319580250,-0.29072794,0.6945168,9.797412
758576328272854,-0.27876383,0.6897311,9.787841
758576336965459,-0.2835495,0.68255264,9.790234
758576345658115,-0.2955136,0.69212395,9.771091
758576354350719,-0.28594232,0.69212395,9.787841
758576363043323,-0.27876383,0.6969096,9.792626
758576371735927,-0.2835495,0.6897311,9.77827
758576380428531,-0.29312077,0.6897311,9.783055
758576389121136,-0.29072794,0.68255264,9.780663
758576397813740,-0.29790643,0.6897311,9.785448
758576406506344,-0.2835495,0.6873383,9.792626
758576415198948,-0.28115666,0.6873383,9.802198
758576423891604,-0.27876383,0.6945168,9.787841
758576432584209,-0.2739782,0.6873383,9.787841
758576441276813,-0.2883351,0.6897311,9.783055
758576449969417,-0.2883351,0.6873383,9.787841
758576458662021,-0.2883351,0.68255264,9.8117695
758576467354625,-0.29072794,0.68494546,9.77827
758576476047229,-0.28594232,0.68255264,9.775877
758576484739834,-0.29312077,0.6969096,9.804591
758576493432490,-0.29312077,0.69212395,9.766306
758576502125094,-0.28594232,0.68255264,9.790234
758576510817698,-0.30029923,0.68494546,9.756734
758576519510302,-0.28594232,0.6873383,9.792626
758576528202906,-0.2883351,0.6969096,9.806984
758576536895511,-0.2883351,0.6873383,9.783055
758576545588115,-0.2835495,0.69212395,9.795019
758576554280719,-0.2883351,0.6969096,9.763913
758576562973323,-0.29312077,0.6945168,9.787841
758576571665979,-0.2883351,0.69212395,9.785448
758576580358584,-0.29790643,0.68494546,9.795019
758576589051188,-0.2883351,0.6897311,9.790234
758576597743792,-0.29072794,0.6873383,9.780663
758576606436396,-0.29312077,0.6897311,9.783055
758576615129000,-0.29072794,0.6897311,9.795019
758576623821604,-0.29312077,0.69212395,9.787841
758576632514209,-0.2883351,0.68255264,9.783055
758576641206813,-0.28594232,0.68494546,9.77827
758576649899469,-0.28594232,0.6897311,9.785448
758576658592073,-0.29312077,0.6873383,9.787841
758576667284677,-0.28594232,0.68494546,9.783055
758576675977281,-0.2835495,0.68255264,9.773484
758576684669886,-0.29072794,0.69212395,9.792626
758576693362490,-0.30029923,0.6801598,9.773484
758576702055094,-0.26679972,0.69212395,9.780663
758576710747698,-0.29312077,0.68255264,9.787841
758576719440302,-0.2883351,0.6897311,9.785448
758576728132906,-0.2955136,0.68255264,9.785448
758576736825563,-0.28594232,0.69212395,9.785448
758576745518167,-0.28115666,0.68494546,9.795019
758576754210771,-0.29072794,0.6945168,9.787841
758576762903375,-0.28594232,0.6873383,9.77827
758576771595979,-0.29072794,0.6897311,9.797412
758576780288584,-0.28594232,0.6897311,9.785448
758576788981188,-0.28594232,0.68494546,9.792626
758576797673792,-0.2955136,0.6897311,9.785448
758576806366396,-0.2883351,0.69212395,9.783055
758576815059000,-0.29312077,0.68494546,9.77827
758576823751656,-0.30029923,0.68494546,9.780663
758576832444261,-0.29072794,0.68494546,9.783055
758576841136865,-0.2835495,0.6897311,9.771091
758576849829469,-0.2883351,0.69212395,9.799805
758576858522073,-0.29312077,0.6873383,9.771091
758576867214677,-0.29072794,0.6945168,9.795019
758576875907281,-0.28594232,0.68494546,9.77827
758576884599886,-0.2835495,0.69212395,9.783055
758576893292490,-0.28594232,0.69212395,9.780663
758576901985094,-0.29790643,0.68255264,9.787841
758576910677750,-0.29312077,0.6945168,9.783055
758576919370354,-0.2883351,0.68494546,9.783055
758576928062959,-0.2835495,0.6873383,9.77827
758576936755563,-0.2883351,0.6945168,9.785448
758576945448167,-0.29072794,0.68494546,9.783055
758576954140771,-0.29312077,0.6873383,9.783055
758576962833375,-0.29072794,0.6873383,9.783055
758576971525979,-0.2883351,0.6945168,9.802198
758576980218584,-0.29312077,0.6969096,9.77827
758576988911188,-0.29312077,0.68494546,9.766306
758576997603844,-0.28594232,0.6873383,9.814162
758577006296448,-0.28594232,0.69212395,9.771091
758577014989052,-0.2835495,0.6873383,9.797412
758577023681656,-0.29312077,0.6801598,9.768699
758577032374261,-0.28594232,0.6873383,9.787841
758577041066865,-0.2955136,0.68494546,9.802198
758577049759469,-0.2883351,0.6897311,9.768699
758577058452073,-0.2883351,0.6945168,9.77827
758577067144677,-0.2883351,0.6897311,9.783055
758577075837334,-0.2883351,0.6897311,9.799805
758577084529938,-0.2835495,0.68494546,9.787841
758577093222542,-0.2835495,0.6945168,9.799805
758577101915146,-0.2835495,0.6873383,9.76152
758577110607750,-0.29312077,0.68494546,9.809377
758577119300354,-0.2955136,0.68494546,9.77827
758577127992959,-0.2883351,0.6873383,9.792626
758577136685563,-0.2883351,0.69212395,9.77827
758577145378167,-0.28594232,0.68255264,9.77827
758577154070771,-0.29312077,0.68255264,9.783055
758577162763427,-0.29072794,0.68494546,9.780663
758577171456031,-0.29072794,0.68255264,9.787841
758577180148636,-0.29312077,0.68255264,9.785448
758577188841240,-0.29072794,0.6897311,9.785448
758577197533844,-0.29072794,0.6897311,9.771091
758577206226448,-0.28594232,0.6897311,9.780663
758577214919052,-0.28594232,0.68494546,9.790234
758577223611656,-0.29312077,0.67776704,9.766306
758577232304261,-0.29072794,0.6873383,9.790234
758577240996865,-0.29790643,0.6945168,9.785448
758577249689469,-0.2883351,0.68494546,9.780663
758577258382073,-0.276371,0.68494546,9.790234
758577267074729,-0.29072794,0.68494546,9.773484
758577275767334,-0.29072794,0.6801598,9.785448
758577284459938,-0.29072794,0.69212395,9.785448
758577293152542,-0.29072794,0.6873383,9.785448
758577301845146,-0.28594232,0.6969096,9.790234
758577310537750,-0.2835495,0.69212395,9.790234
758577319230354,-0.2883351,0.68494546,9.792626
758577327922959,-0.29072794,0.6873383,9.783055
758577336615563,-0.2835495,0.69212395,9.785448
758577345308167,-0.29072794,0.69212395,9.780663
758577354000823,-0.29072794,0.6873383,9.792626
758577362693427,-0.29072794,0.6945168,9.795019
758577371386031,-0.29072794,0.68494546,9.795019
758577380078636,-0.28594232,0.69212395,9.783055
758577388771240,-0.29312077,0.68494546,9.775877
758577397463844,-0.2955136,0.6897311,9.768699
758577406156448,-0.28594232,0.69212395,9.77827
758577414849052,-0.29312077,0.68494546,9.799805
758577423541656,-0.29312077,0.6945168,9.775877
758577432234313,-0.28594232,0.6969096,9.799805
758577440926865,-0.2835495,0.6897311,9.77827
758577449619521,-0.2835495,0.6897311,9.785448
758577458312125,-0.28594232,0.6873383,9.775877
758577467004729,-0.2955136,0.68255264,9.785448
758577475697334,-0.2883351,0.69212395,9.795019
758577484389938,-0.2835495,0.69212395,9.790234
758577493082542,-0.2883351,0.6873383,9.795019
758577501775146,-0.2835495,0.6945168,9.785448
758577510467750,-0.28594232,0.6897311,9.790234
758577519160354,-0.2883351,0.67776704,9.771091
758577527852959,-0.28594232,0.69212395,9.787841
758577536545563,-0.28115666,0.6873383,9.787841
758577545238219,-0.29072794,0.6969096,9.802198
758577553930823,-0.29312077,0.6873383,9.780663
758577562623427,-0.29072794,0.6945168,9.787841
758577571316031,-0.2835495,0.68494546,9.766306
758577580008636,-0.29072794,0.68255264,9.785448
758577588701240,-0.28594232,0.68494546,9.77827
758577597393844,-0.29072794,0.6969096,9.792626
758577606086448,-0.28115666,0.6897311,9.785448
758577614779052,-0.2883351,0.68494546,9.785448
758577623471656,-0.2883351,0.69212395,9.780663
758577632164313,-0.2883351,0.6873383,9.792626
758577640856917,-0.28115666,0.6897311,9.787841
758577649549521,-0.28594232,0.6801598,9.780663
758577658242125,-0.2835495,0.6945168,9.783055
758577666934729,-0.29072794,0.67776704,9.77827
758577675627334,-0.2835495,0.68494546,9.797412
758577684319938,-0.29312077,0.6873383,9.773484
758577693012542,-0.29072794,0.6873383,9.780663
758577701705146,-0.29312077,0.6897311,9.787841
758577710397750,-0.29312077,0.68494546,9.780663
758577719090406,-0.29312077,0.68494546,9.783055
758577727783011,-0.2883351,0.69212395,9.785448
758577736475615,-0.28594232,0.6873383,9.783055
758577745168219,-0.2883351,0.68255264,9.792626
758577753860823,-0.2835495,0.6873383,9.773484
758577762553427,-0.2835495,0.6897311,9.790234
758577771246031,-0.29312077,0.6873383,9.771091
758577779938636,-0.28594232,0.67776704,9.787841
758577788631240,-0.2883351,0.68494546,9.787841
758577797323896,-0.2883351,0.68494546,9.785448
758577806016448,-0.2883351,0.6897311,9.797412
758577814709104,-0.29072794,0.68255264,9.77827
758577823401709,-0.28594232,0.68494546,9.785448
758577832094313,-0.29312077,0.6897311,9.792626
758577840786917,-0.2883351,0.68494546,9.783055
758577849479521,-0.2835495,0.69930243,9.790234
758577858172125,-0.29072794,0.6945168,9.790234
758577866864729,-0.2883351,0.69212395,9.783055
758577875557334,-0.2883351,0.68494546,9.780663
758577884249938,-0.29072794,0.68494546,9.792626
758577892942542,-0.2883351,0.68255264,9.771091
758577901635146,-0.28594232,0.68255264,9.795019
758577910327750,-0.29072794,0.68494546,9.771091
758577919020354,-0.2883351,0.6801598,9.77827
758577927713011,-0.29072794,0.69212395,9.783055
758577936405615,-0.2955136,0.69212395,9.783055
758577945098219,-0.2835495,0.6897311,9.77827
758577953790823,-0.2883351,0.69212395,9.792626
758577962483427,-0.2835495,0.6897311,9.77827
758577971176031,-0.2883351,0.69212395,9.785448
758577979868636,-0.28594232,0.68494546,9.775877
758577988561240,-0.2835495,0.69930243,9.804591
758577997253844,-0.2955136,0.6897311,9.773484
758578005946448,-0.29072794,0.6897311,9.792626
758578014639104,-0.2883351,0.6945168,9.785448
758578023331709,-0.30269206,0.68255264,9.783055
758578032024313,-0.29072794,0.6897311,9.780663
758578040716917,-0.29072794,0.6801598,9.785448
758578049409521,-0.29072794,0.68494546,9.790234
758578058102125,-0.29072794,0.69212395,9.785448
758578066794729,-0.2955136,0.6873383,9.783055
758578075487334,-0.2883351,0.6873383,9.785448
758578084179938,-0.2883351,0.68494546,9.785448
758578092872542,-0.29312077,0.6873383,9.775877
758578101565198,-0.28594232,0.6897311,9.797412
758578110257750,-0.2883351,0.6945168,9.785448
758578118950406,-0.29072794,0.68494546,9.77827
758578127643011,-0.2835495,0.69930243,9.775877
758578136335615,-0.2955136,0.6873383,9.768699
758578145028219,-0.2955136,0.6873383,9.795019
758578153720823,-0.29072794,0.6945168,9.792626
758578162413427,-0.29072794,0.67776704,9.771091
758578171106031,-0.2835495,0.68494546,9.785448
758578179798636,-0.29312077,0.6945168,9.775877
758578188491240,-0.28594232,0.6873383,9.792626
758578197183844,-0.2883351,0.6945168,9.775877
758578205876500,-0.2883351,0.69212395,9.77827
758578214569104,-0.29072794,0.69212395,9.795019
758578223261709,-0.29312077,0.6873383,9.773484
758578231954313,-0.28594232,0.6873383,9.773484
758578240646917,-0.29072794,0.69212395,9.790234
758578249339521,-0.2835495,0.6873383,9.780663
758578258032125,-0.2883351,0.68494546,9.785448
758578266724729,-0.29072794,0.6801598,9.771091
758578275417334,-0.2883351,0.6897311,9.780663
758578284109938,-0.28594232,0.6945168,9.783055
758578292802542,-0.2835495,0.69212395,9.792626
758578301495198,-0.29072794,0.6945168,9.799805
758578310187802,-0.28594232,0.69212395,9.785448
758578318880406,-0.28594232,0.6945168,9.795019
758578327573011,-0.2883351,0.6801598,9.766306
758578336265615,-0.29312077,0.68494546,9.785448
758578344958219,-0.2955136,0.68494546,9.785448
758578353650823,-0.2835495,0.69930243,9.795019
758578362343427,-0.2883351,0.69212395,9.783055
758578371036031,-0.2883351,0.6897311,9.787841
758578379728636,-0.28594232,0.68494546,9.773484
758578388421292,-0.28594232,0.6873383,9.785448
758578397113896,-0.2955136,0.6897311,9.783055
758578405806500,-0.29072794,0.6873383,9.787841
758578414499104,-0.29312077,0.6969096,9.792626
758578423191709,-0.2835495,0.6873383,9.790234
758578431884313,-0.28594232,0.69212395,9.790234
758578440576917,-0.2883351,0.6897311,9.768699
758578449269521,-0.29072794,0.6897311,9.787841
758578457962125,-0.28594232,0.6873383,9.783055
758578466654781,-0.28594232,0.6945168,9.785448
758578475347386,-0.29312077,0.6897311,9.780663
758578484039990,-0.28594232,0.68494546,9.792626
758578492732594,-0.2835495,0.69212395,9.77827
758578501425198,-0.29072794,0.6873383,9.773484
758578510117802,-0.29312077,0.6945168,9.775877
758578518810406,-0.28594232,0.6945168,9.795019
758578527503011,-0.29072794,0.6873383,9.790234
758578536195667,-0.29312077,0.6873383,9.77827
758578544888271,-0.29312077,0.6873383,9.780663
758578553580875,-0.29312077,0.6945168,9.768699
758578562273479,-0.2835495,0.6873383,9.799805
758578570966084,-0.2883351,0.68494546,9.77827
758578579658688,-0.29072794,0.69212395,9.797412
758578588351292,-0.2835495,0.6969096,9.768699
758578597043896,-0.29312077,0.68494546,9.780663
758578605736552,-0.28115666,0.6897311,9.775877
758578614429156,-0.29312077,0.68255264,9.780663
758578623121761,-0.29312077,0.69212395,9.775877
758578631814365,-0.2955136,0.69212395,9.790234
758578640506969,-0.2883351,0.6801598,9.787841
758578649199573,-0.2883351,0.6873383,9.783055
758578657892177,-0.29072794,0.68494546,9.785448
758578666584834,-0.29072794,0.68255264,9.77827
758578675277438,-0.2835495,0.6873383,9.787841
758578683970042,-0.2883351,0.6873383,9.77827
758578692662646,-0.29072794,0.6897311,9.795019
758578701355250,-0.29312077,0.6873383,9.768699
758578710047854,-0.28594232,0.6897311,9.787841
758578718740459,-0.28594232,0.69212395,9.768699
758578727433063,-0.2835495,0.6873383,9.799805
758578736125719,-0.28594232,0.69212395,9.763913
758578744818323,-0.28594232,0.6897311,9.795019
758578753510927,-0.2883351,0.69212395,9.783055
758578762203531,-0.2835495,0.69212395,9.790234
758578770896136,-0.28594232,0.67776704,9.780663
758578779588740,-0.29072794,0.6873383,9.780663
758578788281344,-0.2835495,0.6945168,9.792626
758578796974000,-0.29072794,0.6945168,9.806984
758578805666604,-0.2883351,0.6873383,9.773484
758578814359209,-0.28594232,0.68494546,9.790234
758578823051813,-0.28594232,0.6873383,9.775877
758578831744417,-0.2883351,0.6897311,9.790234
758578840437021,-0.29072794,0.69212395,9.785448
758578849129625,-0.2955136,0.69212395,9.780663
758578857822229,-0.2883351,0.6969096,9.792626
758578866514886,-0.28594232,0.6897311,9.77827
758578875207490,-0.29072794,0.68255264,9.787841
758578883900094,-0.29072794,0.6801598,9.790234
758578892592698,-0.29072794,0.6969096,9.77827
758578901285302,-0.29312077,0.6873383,9.771091
758578909977906,-0.29072794,0.6873383,9.792626
758578918670511,-0.29072794,0.68494546,9.790234
758578927363167,-0.2955136,0.6897311,9.795019
758578936055771,-0.29312077,0.6873383,9.780663
758578944748375,-0.29072794,0.68494546,9.790234
758578953440979,-0.29072794,0.6873383,9.77827
758578962133584,-0.2883351,0.69212395,9.785448
758578970826188,-0.28594232,0.68494546,9.785448
758578979518844,-0.28594232,0.6897311,9.785448
758578988211448,-0.29312077,0.6873383,9.785448
758578996904052,-0.28594232,0.6873383,9.799805
758579005596656,-0.2883351,0.68494546,9.780663
758579014289261,-0.28594232,0.6897311,9.797412
758579022981865,-0.29072794,0.69212395,9.775877
758579031674469,-0.27876383,0.68494546,9.783055
758579040367073,-0.29312077,0.6897311,9.785448
758579049059729,-0.28594232,0.68494546,9.77827
758579057752334,-0.2883351,0.68494546,9.790234
758579066444938,-0.2883351,0.68494546,9.783055
758579075137542,-0.28594232,0.6897311,9.790234
758579083830146,-0.2835495,0.68255264,9.792626
758579092522750,-0.28115666,0.69212395,9.792626
758579101215406,-0.29312077,0.6873383,9.768699
758579109908011,-0.29072794,0.6897311,9.795019
758579118600615,-0.29312077,0.6873383,9.783055
758579127293219,-0.29072794,0.6945168,9.797412
758579135985823,-0.29312077,0.67776704,9.763913
758579144678427,-0.2835495,0.6969096,9.795019
758579153371031,-0.2883351,0.68494546,9.775877
758579162063636,-0.28115666,0.68494546,9.792626
758579170756292,-0.2883351,0.6897311,9.775877
758579179448896,-0.29072794,0.69212395,9.792626
758579188141500,-0.28115666,0.6969096,9.783055
758579196834104,-0.29072794,0.6873383,9.797412
758579205526709,-0.28115666,0.6969096,9.773484
758579214219313,-0.29790643,0.68494546,9.787841
758579222911969,-0.2883351,0.69212395,9.768699
758579231604573,-0.2883351,0.6873383,9.783055
758579240297177,-0.29312077,0.69212395,9.787841
758579248989781,-0.2835495,0.68255264,9.792626
758579257682386,-0.28594232,0.6873383,9.792626
758579266374990,-0.2883351,0.6801598,9.77827
758579275067594,-0.29072794,0.6873383,9.790234
758579283760250,-0.29312077,0.6873383,9.775877
758579292452854,-0.29312077,0.68494546,9.787841
758579301145459,-0.2955136,0.68255264,9.785448
758579309838063,-0.29312077,0.68494546,9.780663
758579318530667,-0.2955136,0.68255264,9.792626
758579327223271,-0.2835495,0.68255264,9.785448
758579335915875,-0.2883351,0.68255264,9.780663
758579344608531,-0.29072794,0.68494546,9.780663
758579353301136,-0.29790643,0.68494546,9.785448
758579361993740,-0.29312077,0.6873383,9.780663
758579370686344,-0.28115666,0.69212395,9.787841
758579379378948,-0.28594232,0.69212395,9.77827
758579388071552,-0.2835495,0.6897311,9.795019
758579396764156,-0.29072794,0.68494546,9.773484
758579405456813,-0.29312077,0.6873383,9.787841
758579414149417,-0.28594232,0.6873383,9.787841
758579422842021,-0.2883351,0.6873383,9.792626
758579431534625,-0.30029923,0.6945168,9.785448
758579440227229,-0.29312077,0.68494546,9.785448
758579448919834,-0.29072794,0.6897311,9.785448
758579457612438,-0.29790643,0.6873383,9.773484
758579466305094,-0.29072794,0.6897311,9.780663
758579474997698,-0.29072794,0.69212395,9.792626
758579483690302,-0.2883351,0.6897311,9.787841
758579492382906,-0.28594232,0.6945168,9.783055
758579501075511,-0.29312077,0.69212395,9.785448
758579509768115,-0.2883351,0.6945168,9.785448
758579518460719,-0.28115666,0.6873383,9.775877
758579527153375,-0.29072794,0.6897311,9.783055
758579535845979,-0.28594232,0.69212395,9.780663
758579544538584,-0.2835495,0.69930243,9.795019
758579553231188,-0.29072794,0.6945168,9.785448
758579561923792,-0.28594232,0.6897311,9.783055
758579570616396,-0.28115666,0.6873383,9.77827
758579579309000,-0.29312077,0.6873383,9.790234
758579588001604,-0.29072794,0.6873383,9.790234
758579596694261,-0.29312077,0.67776704,9.790234
758579605386865,-0.28594232,0.68494546,9.780663
758579614079469,-0.29072794,0.6897311,9.780663
758579622772073,-0.29312077,0.68494546,9.780663
758579631464677,-0.29072794,0.6873383,9.785448
758579640157281,-0.2883351,0.68494546,9.785448
758579648849886,-0.28115666,0.68255264,9.790234
758579657542542,-0.28594232,0.6873383,9.783055
758579666235146,-0.2835495,0.6873383,9.783055
758579674927750,-0.28594232,0.6873383,9.785448
758579683620354,-0.29072794,0.68494546,9.780663
758579692312959,-0.29312077,0.68494546,9.787841
758579701005563,-0.2883351,0.6897311,9.790234
758579709698167,-0.29072794,0.68255264,9.771091
758579718390823,-0.2835495,0.69212395,9.795019
758579727083427,-0.2955136,0.6873383,9.780663
758579735776031,-0.28594232,0.6873383,9.785448
758579744468636,-0.2883351,0.6873383,9.77827
758579753161240,-0.29072794,0.6897311,9.773484
758579761853844,-0.28594232,0.6897311,9.77827
758579770546448,-0.29312077,0.68494546,9.785448
758579779239104,-0.2835495,0.6801598,9.787841
758579787931709,-0.2883351,0.6897311,9.783055
758579796624313,-0.29072794,0.6897311,9.792626
758579805316917,-0.28594232,0.6897311,9.785448
758579814009521,-0.2835495,0.68255264,9.792626
758579822702125,-0.28594232,0.68494546,9.783055
758579831394729,-0.2883351,0.6897311,9.785448
758579840087386,-0.28115666,0.69212395,9.771091
758579848779990,-0.29312077,0.68494546,9.771091
758579857472594,-0.2883351,0.6945168,9.768699
758579866165198,-0.28594232,0.6945168,9.785448
758579874857802,-0.28594232,0.6873383,9.787841
758579883550406,-0.2955136,0.68255264,9.759128
758579892243063,-0.2835495,0.6897311,9.787841
758579900935667,-0.29312077,0.69212395,9.771091
758579909628271,-0.29072794,0.6897311,9.790234
758579918320875,-0.29072794,0.6897311,9.790234
758579927013479,-0.29072794,0.6897311,9.787841
758579935706084,-0.28115666,0.6897311,9.77827
758579944398740,-0.2883351,0.6897311,9.787841
758579953091344,-0.29072794,0.68494546,9.763913
758579961783948,-0.29072794,0.6873383,9.783055
758579970476552,-0.2883351,0.6801598,9.775877
758579979169156,-0.2955136,0.6873383,9.797412
758579987861761,-0.28594232,0.68255264,9.775877
758579996554365,-0.28594232,0.6969096,9.785448
758580005247021,-0.28594232,0.6873383,9.768699
758580013939625,-0.29790643,0.69212395,9.766306
758580022632229,-0.2883351,0.68255264,9.768699
758580031324834,-0.29072794,0.69212395,9.795019
758580040017438,-0.29312077,0.68494546,9.783055
758580048710042,-0.2883351,0.69212395,9.792626
758580057402698,-0.2835495,0.68494546,9.768699
758580066095302,-0.29072794,0.69212395,9.768699
758580074787906,-0.29072794,0.6897311,9.785448
758580083480511,-0.29312077,0.6873383,9.783055
758580092173115,-0.29072794,0.68255264,9.787841
758580100865719,-0.28594232,0.6897311,9.790234
758580109558375,-0.28594232,0.6945168,9.775877
758580118250979,-0.28594232,0.69212395,9.783055
758580126943584,-0.2883351,0.6897311,9.787841
758580135636188,-0.28115666,0.68494546,9.785448
758580144328792,-0.2835495,0.69212395,9.787841
758580153021448,-0.2883351,0.69212395,9.780663
758580161714052,-0.2955136,0.69212395,9.783055
758580170406656,-0.28115666,0.68494546,9.787841
758580179099261,-0.28594232,0.6897311,9.768699
758580187791865,-0.2883351,0.69212395,9.795019
758580196484469,-0.29312077,0.68494546,9.775877
758580205177125,-0.28594232,0.6945168,9.790234
758580213869729,-0.2835495,0.68255264,9.780663
758580222562334,-0.29072794,0.69212395,9.783055
758580231254938,-0.28594232,0.68494546,9.785448
758580239947542,-0.2883351,0.6897311,9.787841
758580248640198,-0.29072794,0.6873383,9.771091
758580257332802,-0.29072794,0.6945168,9.792626
758580266025406,-0.2883351,0.6945168,9.773484
758580274718011,-0.2883351,0.68255264,9.790234
758580283410615,-0.2883351,0.68494546,9.773484
758580292103219,-0.2883351,0.68494546,9.785448
758580300795875,-0.2883351,0.6873383,9.775877
758580309488479,-0.29072794,0.6897311,9.77827
758580318181084,-0.29072794,0.6897311,9.775877
758580326873688,-0.28594232,0.68494546,9.787841
758580335566344,-0.29072794,0.6873383,9.773484
758580344258948,-0.28594232,0.6873383,9.787841
758580352951552,-0.2883351,0.6945168,9.775877
758580361644156,-0.28594232,0.68494546,9.780663
758580370336761,-0.28594232,0.6945168,9.790234
758580379029365,-0.29072794,0.6873383,9.780663
758580387722021,-0.29072794,0.68255264,9.797412
758580396414625,-0.29072794,0.6897311,9.790234
758580405107229,-0.2883351,0.6945168,9.775877
758580413799834,-0.2835495,0.68494546,9.780663
758580422492438,-0.2835495,0.6873383,9.77827
758580431185094,-0.2883351,0.6897311,9.77827
758580439877698,-0.28594232,0.69212395,9.780663
758580448570302,-0.2883351,0.6873383,9.773484
758580457262906,-0.29312077,0.6945168,9.792626
758580465955563,-0.28594232,0.68494546,9.775877
758580474648167,-0.2835495,0.6897311,9.787841
758580483340771,-0.2883351,0.6897311,9.775877
758580492033375,-0.29072794,0.68494546,9.785448
758580500725979,-0.2883351,0.6873383,9.785448
758580509418636,-0.2835495,0.6897311,9.773484
758580518111240,-0.2955136,0.68494546,9.787841
758580526803844,-0.2883351,0.6945168,9.785448
758580535496448,-0.29072794,0.6897311,9.77827
758580544189052,-0.29072794,0.69212395,9.775877
758580552881656,-0.29072794,0.67776704,9.790234
758580561574313,-0.29072794,0.6897311,9.795019
758580570266917,-0.28115666,0.69212395,9.795019
758580578959521,-0.30029923,0.6897311,9.771091
758580587652125,-0.29072794,0.6873383,9.787841
758580596344781,-0.2955136,0.69212395,9.780663
758580605037386,-0.29312077,0.6873383,9.799805
758580613729990,-0.29072794,0.6873383,9.787841
758580622422594,-0.276371,0.6897311,9.77827
758580631115250,-0.276371,0.69212395,9.785448
758580639807854,-0.28115666,0.6873383,9.790234
758580648500459,-0.2835495,0.6873383,9.785448
758580657193063,-0.2883351,0.69212395,9.795019
758580665885667,-0.28594232,0.6873383,9.792626
758580674578323,-0.2955136,0.6897311,9.783055
758580683270927,-0.29790643,0.68255264,9.787841
758580691963531,-0.2883351,0.6897311,9.771091
758580700656136,-0.2883351,0.68255264,9.795019
758580709348740,-0.2883351,0.6801598,9.771091
758580718041396,-0.28594232,0.6897311,9.787841
758580726734000,-0.29312077,0.6897311,9.787841
758580735426604,-0.2883351,0.6897311,9.77827
758580744119209,-0.2883351,0.6945168,9.783055
758580752811813,-0.28594232,0.68494546,9.773484
758580761504469,-0.27876383,0.68494546,9.77827
758580770197073,-0.29312077,0.69212395,9.797412
758580778889677,-0.29790643,0.6897311,9.790234
758580787582281,-0.29312077,0.6873383,9.785448
758580796274938,-0.29072794,0.68494546,9.790234
758580804967542,-0.28594232,0.6801598,9.775877
758580813660146,-0.2883351,0.6897311,9.785448
758580822352750,-0.29072794,0.6873383,9.785448
758580831045354,-0.28594232,0.6945168,9.790234
758580839738011,-0.2883351,0.6945168,9.787841
758580848430615,-0.2835495,0.6897311,9.77827
758580857123219,-0.2835495,0.6945168,9.775877
758580865815875,-0.28115666,0.6873383,9.783055
758580874508427,-0.2955136,0.69212395,9.790234
758580883201084,-0.29072794,0.69212395,9.799805
758580891893688,-0.2883351,0.6897311,9.792626
758580900586292,-0.2835495,0.68494546,9.783055
758580909278896,-0.28594232,0.6873383,9.785448
758580917971552,-0.2883351,0.6873383,9.77827
758580926664156,-0.29312077,0.6897311,9.780663
758580935356761,-0.2883351,0.6873383,9.792626
758580944049365,-0.28115666,0.6873383,9.799805
758580952742021,-0.2883351,0.6897311,9.780663
758580961434625,-0.29072794,0.68494546,9.775877
758580970127229,-0.2835495,0.6873383,9.790234
758580978819834,-0.29312077,0.68494546,9.780663
758580987512438,-0.2883351,0.67776704,9.792626
758580996205094,-0.28594232,0.6897311,9.787841
758581004897698,-0.29072794,0.68494546,9.775877
758581013590302,-0.28594232,0.6873383,9.783055
758581022282906,-0.28594232,0.6897311,9.780663
758581030975563,-0.2883351,0.6873383,9.775877
758581039668167,-0.29312077,0.68494546,9.785448
758581048360771,-0.29072794,0.6873383,9.790234
758581057053375,-0.29072794,0.6945168,9.783055
758581065746031,-0.2835495,0.6945168,9.787841
758581074438636,-0.2835495,0.68494546,9.790234
758581083131240,-0.2883351,0.6897311,9.77827
758581091823844,-0.29072794,0.6945168,9.790234
758581100516448,-0.29072794,0.68494546,9.790234
758581109209104,-0.29312077,0.6945168,9.797412
758581117901709,-0.29072794,0.6945168,9.780663
758581126594313,-0.2883351,0.6873383,9.792626
758581135286917,-0.2883351,0.68255264,9.771091
758581143979573,-0.29072794,0.6801598,9.783055
758581152672177,-0.29072794,0.6945168,9.785448
758581161364781,-0.29312077,0.6945168,9.783055
758581170057386,-0.29312077,0.68494546,9.792626
758581178749990,-0.2883351,0.69212395,9.780663
758581187442594,-0.28594232,0.68494546,9.792626
758581196135250,-0.2835495,0.6801598,9.787841
758581204827854,-0.2883351,0.69212395,9.775877
758581213520459,-0.28594232,0.6897311,9.792626
758581222213063,-0.28594232,0.6873383,9.787841
758581230905719,-0.28594232,0.67776704,9.790234
758581239598323,-0.29072794,0.68255264,9.780663
758581248290927,-0.2955136,0.6873383,9.783055
758581256983531,-0.28594232,0.6873383,9.780663
758581265676188,-0.29072794,0.6897311,9.783055
758581274368792,-0.2835495,0.6969096,9.790234
758581283061396,-0.29072794,0.6945168,9.785448
758581291754000,-0.2835495,0.6873383,9.77827
758581300446656,-0.2883351,0.6873383,9.795019
758581309139261,-0.28594232,0.68494546,9.773484
758581317831865,-0.28594232,0.68494546,9.787841
758581326524469,-0.2835495,0.6897311,9.785448
758581335217073,-0.29072794,0.6873383,9.787841
758581343909729,-0.2835495,0.6897311,9.787841
758581352602334,-0.29072794,0.6945168,9.785448
758581361294938,-0.29312077,0.68494546,9.780663
758581369987542,-0.29072794,0.6897311,9.780663
758581378680146,-0.2955136,0.6873383,9.780663
758581387372802,-0.2883351,0.68255264,9.790234
758581396065406,-0.29072794,0.6897311,9.799805
758581404758011,-0.29312077,0.68255264,9.766306
758581413450615,-0.2883351,0.6945168,9.795019
758581422143271,-0.29312077,0.69212395,9.773484
758581430835875,-0.29072794,0.6873383,9.797412
758581439528479,-0.29072794,0.6873383,9.77827
758581448221084,-0.28594232,0.6873383,9.804591
758581456913688,-0.29312077,0.6873383,9.768699
758581465606344,-0.29072794,0.6873383,9.795019
758581474298948,-0.29312077,0.68494546,9.775877
758581482991552,-0.2835495,0.6873383,9.792626
758581491684156,-0.2883351,0.68494546,9.77827
758581500376761,-0.29072794,0.68255264,9.795019
758581509069417,-0.28594232,0.6897311,9.780663
758581517762021,-0.2835495,0.68255264,9.785448
758581526454625,-0.28594232,0.6897311,9.790234
758581535147229,-0.29072794,0.68494546,9.775877
758581543839886,-0.28115666,0.68494546,9.783055
758581552532490,-0.2883351,0.6945168,9.775877
758581561225094,-0.28594232,0.6873383,9.795019
758581569917698,-0.29312077,0.69212395,9.795019
758581578610302,-0.2883351,0.68255264,9.780663
758581587302959,-0.28594232,0.68255264,9.783055
758581595995563,-0.2883351,0.68494546,9.77827
758581604688167,-0.2835495,0.6945168,9.783055
758581613380771,-0.2955136,0.69212395,9.780663
758581622073375,-0.29072794,0.6969096,9.785448
758581630766031,-0.28594232,0.69212395,9.790234
758581639458636,-0.28594232,0.69212395,9.771091
758581648151240,-0.2835495,0.69212395,9.790234
758581656843844,-0.2883351,0.68494546,9.783055
758581665536500,-0.28594232,0.69212395,9.780663
758581674229104,-0.29312077,0.6873383,9.792626
758581682921709,-0.28594232,0.6897311,9.780663
758581691614313,-0.2835495,0.6897311,9.780663
758581700306969,-0.28594232,0.6873383,9.795019
758581708999573,-0.2883351,0.6897311,9.775877
758581717692177,-0.2835495,0.6897311,9.77827
758581726384781,-0.29072794,0.6801598,9.775877
758581735077386,-0.2883351,0.6801598,9.797412
758581743770042,-0.28594232,0.6897311,9.790234
758581752462646,-0.30029923,0.68494546,9.795019
758581761155250,-0.29072794,0.69212395,9.783055
758581769847854,-0.2883351,0.68494546,9.771091
758581778540511,-0.2835495,0.69212395,9.771091
758581787233115,-0.29072794,0.6873383,9.787841
758581795925719,-0.2883351,0.6873383,9.77827
758581804618323,-0.29312077,0.6945168,9.790234
758581813310927,-0.2883351,0.6897311,9.768699
758581822003584,-0.2883351,0.68255264,9.780663
758581830696188,-0.28594232,0.6897311,9.787841
758581839388792,-0.29312077,0.68255264,9.766306
758581848081396,-0.28594232,0.6897311,9.792626
758581856774052,-0.2955136,0.68255264,9.783055
758581865466656,-0.29072794,0.6873383,9.790234
758581874159261,-0.2835495,0.68494546,9.785448
758581882851865,-0.28594232,0.68494546,9.773484
758581891544469,-0.28115666,0.68255264,9.780663
758581900237125,-0.2883351,0.6897311,9.783055
758581908929729,-0.2883351,0.68494546,9.773484
758581917622334,-0.2883351,0.6801598,9.787841
758581926314938,-0.2883351,0.68255264,9.785448
758581935007594,-0.28594232,0.69212395,9.785448
758581943700198,-0.29072794,0.6897311,9.775877
758581952392802,-0.28594232,0.6897311,9.780663
758581961085406,-0.29072794,0.6945168,9.783055
758581969778011,-0.28594232,0.69212395,9.77827
758581978470667,-0.2883351,0.68494546,9.780663
758581987163271,-0.28594232,0.68494546,9.787841
758581995855875,-0.28594232,0.6873383,9.785448
758582004548479,-0.2883351,0.6945168,9.799805
758582013241084,-0.28594232,0.69212395,9.77827
758582021933740,-0.28594232,0.68255264,9.802198
758582030626344,-0.2883351,0.6873383,9.766306
758582039318948,-0.2955136,0.6897311,9.785448
758582048011552,-0.29312077,0.6897311,9.787841
758582056704156,-0.28594232,0.68494546,9.77827
758582065396813,-0.28594232,0.6897311,9.797412
758582074089417,-0.2955136,0.68255264,9.780663
758582082782021,-0.29312077,0.6897311,9.790234
758582091474625,-0.29312077,0.68494546,9.775877
758582100167281,-0.29312077,0.6897311,9.795019
758582108859886,-0.28594232,0.6873383,9.780663
758582117552490,-0.2835495,0.69212395,9.795019
758582126245094,-0.2883351,0.6897311,9.77827
758582134937698,-0.29072794,0.6873383,9.790234
758582143630354,-0.29312077,0.6897311,9.77827
758582152322959,-0.2835495,0.69212395,9.795019
758582161015563,-0.28594232,0.6897311,9.783055
758582169708167,-0.2883351,0.68255264,9.783055
758582178400823,-0.28594232,0.6801598,9.775877
758582187093427,-0.28594232,0.6873383,9.785448
758582195786031,-0.28594232,0.69212395,9.780663
758582204478636,-0.2835495,0.6801598,9.787841
758582213171240,-0.28115666,0.6969096,9.787841
758582221863896,-0.28594232,0.6897311,9.766306
758582230556500,-0.28594232,0.6873383,9.790234
758582239249104,-0.29072794,0.68494546,9.775877
758582247941709,-0.28594232,0.69212395,9.795019
758582256634365,-0.28594232,0.6873383,9.773484
758582265326969,-0.28594232,0.6897311,9.785448
758582274019573,-0.2883351,0.68494546,9.785448
758582282712177,-0.2955136,0.69212395,9.783055
758582291404781,-0.2883351,0.68255264,9.77827
758582300097438,-0.276371,0.68494546,9.790234
758582308790042,-0.29072794,0.68255264,9.780663
758582317482646,-0.29072794,0.69930243,9.790234
758582326175250,-0.29072794,0.68255264,9.780663
758582334867906,-0.28594232,0.6945168,9.780663
758582343560511,-0.28594232,0.6873383,9.795019
758582352253115,-0.2955136,0.6945168,9.77827
758582360945719,-0.2883351,0.6945168,9.790234
758582369638375,-0.2883351,0.6945168,9.77827
758582378330979,-0.29072794,0.68494546,9.780663
758582387023584,-0.28594232,0.6897311,9.787841
758582395716188,-0.2883351,0.68494546,9.790234
758582404408792,-0.2883351,0.6873383,9.780663
758582413101396,-0.2883351,0.6897311,9.799805
758582421794052,-0.28594232,0.6897311,9.766306
758582430486656,-0.2883351,0.68494546,9.795019
758582439179261,-0.29072794,0.6801598,9.768699
758582447871865,-0.29072794,0.6945168,9.785448
758582456564521,-0.2883351,0.69212395,9.780663
758582465257125,-0.2883351,0.6873383,9.783055
758582473949729,-0.28594232,0.68494546,9.773484
758582482642334,-0.29072794,0.6801598,9.780663
758582491334938,-0.28594232,0.69212395,9.771091
758582500027594,-0.2835495,0.6873383,9.795019
758582508720198,-0.2883351,0.6945168,9.785448
758582517412802,-0.28594232,0.6873383,9.783055
758582526105406,-0.28594232,0.69212395,9.792626
758582534798063,-0.2883351,0.6969096,9.773484
758582543490667,-0.28594232,0.6897311,9.792626
758582552183271,-0.2883351,0.68494546,9.768699
758582560875875,-0.2883351,0.6753742,9.795019
758582569568479,-0.28594232,0.6897311,9.780663
758582578261136,-0.29072794,0.6873383,9.787841
758582586953740,-0.29072794,0.69212395,9.77827
758582595646344,-0.2835495,0.6945168,9.790234
758582604338948,-0.29072794,0.6873383,9.787841
758582613031604,-0.2883351,0.6945168,9.773484
758582621724209,-0.28594232,0.6897311,9.780663
758582630416813,-0.2883351,0.6801598,9.780663
758582639109417,-0.29312077,0.6873383,9.799805
758582647802021,-0.29312077,0.6873383,9.780663
758582656494677,-0.2835495,0.68255264,9.780663
758582665187281,-0.2955136,0.68494546,9.780663
758582673879886,-0.28594232,0.68494546,9.790234
758582682572490,-0.2883351,0.6897311,9.785448
758582691265146,-0.2955136,0.6897311,9.790234
758582699957750,-0.30029923,0.68255264,9.775877
758582708650354,-0.28594232,0.69212395,9.802198
758582717342959,-0.2883351,0.68494546,9.77827
758582726035563,-0.29072794,0.69212395,9.797412
758582734728219,-0.28594232,0.6945168,9.783055
758582743420823,-0.2955136,0.68255264,9.785448
758582752113427,-0.28594232,0.68255264,9.783055
758582760806031,-0.28594232,0.68494546,9.77827
758582769498636,-0.29312077,0.6873383,9.785448
758582778191292,-0.2883351,0.69212395,9.787841
758582786883896,-0.28594232,0.6873383,9.790234
758582795576500,-0.29072794,0.68255264,9.785448
758582804269104,-0.29312077,0.6897311,9.787841
758582812961761,-0.28594232,0.6873383,9.790234
758582821654365,-0.27876383,0.6897311,9.785448
758582830346969,-0.29312077,0.6753742,9.795019
758582839039573,-0.2835495,0.69930243,9.792626
758582847732177,-0.29072794,0.6873383,9.780663
758582856424834,-0.2883351,0.68494546,9.799805
758582865117438,-0.28594232,0.68494546,9.77827
758582873810042,-0.29790643,0.69212395,9.787841
758582882502646,-0.2883351,0.68494546,9.773484
758582891195302,-0.29072794,0.6897311,9.792626
758582899887906,-0.28594232,0.69212395,9.783055
758582908580511,-0.29312077,0.6801598,9.77827
758582917273115,-0.2883351,0.6897311,9.783055
758582925965719,-0.28594232,0.6873383,9.785448
758582934658375,-0.28594232,0.6873383,9.783055
758582943350979,-0.2955136,0.6897311,9.787841
758582952043584,-0.28594232,0.6897311,9.790234
758582960736188,-0.2835495,0.68494546,9.795019
758582969428792,-0.2883351,0.6801598,9.783055
758582978121448,-0.29072794,0.69212395,9.783055
758582986814052,-0.28594232,0.68494546,9.792626
758582995506656,-0.2835495,0.68255264,9.787841
758583004199261,-0.2955136,0.69212395,9.780663
758583012891917,-0.2835495,0.6897311,9.792626
758583021584521,-0.28594232,0.6873383,9.787841
758583030277125,-0.28594232,0.6873383,9.792626
758583038969729,-0.2835495,0.68494546,9.773484
758583047662334,-0.2835495,0.6897311,9.783055
758583056354990,-0.2883351,0.68494546,9.795019
758583065047594,-0.29072794,0.6897311,9.785448
758583073740198,-0.2883351,0.69212395,9.792626
758583082432802,-0.2883351,0.68255264,9.77827
758583091125459,-0.2835495,0.6897311,9.77827
758583099818063,-0.2883351,0.69212395,9.787841
758583108510667,-0.28594232,0.6897311,9.783055
758583117203271,-0.29072794,0.6873383,9.785448
758583125895875,-0.2883351,0.68255264,9.795019
758583134588531,-0.29072794,0.68494546,9.77827
758583143281136,-0.2883351,0.69212395,9.77827
758583151973740,-0.29072794,0.6897311,9.783055
758583160666344,-0.29790643,0.68255264,9.768699
758583169358948,-0.29072794,0.6897311,9.795019
758583178051604,-0.29072794,0.6873383,9.773484
758583186744209,-0.2835495,0.69930243,9.795019
758583195436813,-0.2883351,0.68494546,9.771091
758583204129417,-0.29312077,0.68255264,9.787841
758583212822021,-0.2883351,0.68255264,9.780663
758583221514625,-0.29790643,0.6897311,9.785448
758583230207281,-0.29312077,0.6945168,9.797412
758583238899886,-0.2883351,0.68255264,9.795019
758583247592490,-0.28115666,0.6873383,9.785448
758583256285094,-0.29072794,0.6945168,9.775877
758583264977750,-0.29312077,0.68255264,9.77827
758583273670354,-0.2955136,0.68494546,9.783055
758583282362959,-0.29072794,0.69212395,9.792626
758583291055563,-0.29072794,0.68255264,9.787841
758583299748167,-0.2835495,0.69930243,9.785448
758583308440823,-0.2835495,0.68255264,9.775877
758583317133427,-0.28594232,0.68494546,9.783055
758583325826031,-0.2955136,0.6873383,9.77827
758583334518636,-0.2883351,0.6873383,9.787841
758583343211292,-0.29312077,0.69212395,9.785448
758583351903896,-0.28594232,0.6873383,9.785448
758583360596500,-0.2883351,0.6873383,9.77827
758583369289104,-0.2835495,0.69212395,9.785448
758583377981709,-0.2835495,0.6945168,9.775877
758583386674365,-0.2883351,0.6873383,9.787841
758583395366969,-0.2955136,0.6897311,9.783055
758583404059573,-0.29072794,0.69212395,9.785448
758583412752177,-0.28594232,0.6873383,9.787841
758583421444781,-0.28594232,0.6873383,9.790234
758583430137438,-0.28594232,0.68494546,9.780663
758583438830042,-0.29072794,0.69212395,9.773484
758583447522646,-0.2955136,0.68494546,9.787841
758583456215250,-0.29072794,0.6801598,9.773484
758583464907854,-0.29312077,0.6969096,9.790234
758583473600511,-0.29312077,0.68494546,9.785448
758583482293115,-0.29072794,0.69212395,9.790234
758583490985719,-0.2835495,0.6945168,9.773484
758583499678323,-0.28594232,0.68255264,9.792626
758583508370979,-0.29072794,0.6873383,9.76152
758583517063584,-0.2883351,0.6945168,9.804591
758583525756188,-0.28594232,0.6897311,9.780663
758583534448792,-0.2883351,0.6945168,9.797412
758583543141396,-0.2835495,0.6873383,9.768699
758583551834052,-0.28594232,0.6873383,9.77827
758583560526656,-0.2883351,0.6897311,9.771091
758583569219261,-0.29072794,0.6897311,9.780663
758583577911865,-0.2835495,0.6969096,9.799805
758583586604521,-0.29072794,0.6873383,9.792626
758583595297125,-0.29072794,0.68255264,9.787841
758583603989729,-0.2835495,0.6969096,9.783055
758583612682334,-0.2835495,0.68494546,9.763913
758583621374938,-0.2835495,0.6897311,9.790234
758583630067542,-0.2883351,0.6801598,9.790234
758583638760198,-0.28594232,0.69212395,9.795019
758583647452802,-0.28594232,0.68255264,9.77827
758583656145406,-0.28115666,0.6945168,9.792626
758583664838011,-0.28594232,0.6873383,9.775877
758583673530667,-0.2883351,0.6897311,9.790234
758583682223271,-0.28594232,0.6801598,9.77827
758583690915875,-0.2955136,0.68255264,9.790234
758583699608479,-0.2883351,0.6873383,9.780663
758583708301084,-0.29312077,0.68494546,9.775877
758583716993688,-0.27876383,0.68255264,9.785448
758583725686344,-0.29312077,0.6897311,9.783055
758583734378948,-0.28594232,0.6897311,9.790234
758583743071552,-0.29072794,0.67776704,9.77827
758583751764156,-0.2883351,0.6873383,9.790234
758583760456813,-0.29790643,0.69212395,9.783055
758583769149417,-0.2883351,0.6897311,9.795019
758583777842021,-0.29072794,0.6801598,9.77827
758583786534625,-0.2835495,0.69212395,9.795019
758583795227229,-0.28594232,0.68494546,9.768699
758583803919886,-0.29072794,0.6873383,9.787841
758583812612490,-0.29312077,0.6873383,9.766306
758583821305094,-0.29072794,0.68494546,9.797412
758583829997698,-0.29072794,0.69212395,9.790234
758583838690302,-0.2955136,0.6801598,9.780663
758583847382906,-0.2835495,0.69212395,9.787841
758583856075563,-0.28115666,0.70169526,9.773484
758583864768167,-0.2883351,0.6945168,9.787841
758583873460771,-0.29312077,0.68255264,9.775877
758583882153375,-0.28594232,0.6897311,9.787841
758583890845979,-0.2883351,0.68494546,9.787841
758583899538636,-0.29072794,0.69212395,9.792626
758583908231240,-0.2955136,0.6873383,9.766306
758583916923844,-0.28594232,0.69212395,9.775877
758583925616448,-0.28594232,0.6873383,9.773484
758583934309104,-0.2955136,0.6945168,9.787841
758583943001709,-0.29072794,0.6873383,9.792626
758583951694313,-0.29312077,0.6945168,9.795019
758583960386917,-0.2835495,0.6897311,9.785448
758583969079521,-0.28594232,0.69212395,9.771091
758583977772125,-0.276371,0.6873383,9.783055
758583986464781,-0.28594232,0.68255264,9.771091
758583995157386,-0.28594232,0.68494546,9.795019
758584003849990,-0.29312077,0.6897311,9.787841
758584012542594,-0.2883351,0.69930243,9.790234
758584021235198,-0.28594232,0.6945168,9.783055
758584029927854,-0.2883351,0.6873383,9.783055
758584038620459,-0.2883351,0.6873383,9.775877
758584047313063,-0.2883351,0.6801598,9.77827
758584056005667,-0.28594232,0.68255264,9.785448
758584064698271,-0.2883351,0.6873383,9.790234
758584073390927,-0.29072794,0.68494546,9.787841
758584082083531,-0.2955136,0.6945168,9.780663
758584090776136,-0.29312077,0.68494546,9.787841
758584099468740,-0.2955136,0.68494546,9.783055
758584108161396,-0.2883351,0.6873383,9.785448
758584116854000,-0.2955136,0.6897311,9.797412
758584125546604,-0.2883351,0.68494546,9.790234
758584134239209,-0.28115666,0.69212395,9.790234
758584142931813,-0.28594232,0.68494546,9.775877
758584151624417,-0.2883351,0.6897311,9.787841
758584160317073,-0.2883351,0.6897311,9.77827
758584169009677,-0.2883351,0.6873383,9.783055
758584177702281,-0.2883351,0.68494546,9.780663
758584186394886,-0.27876383,0.68255264,9.792626
758584195087490,-0.28115666,0.68494546,9.780663
758584203780146,-0.28594232,0.6897311,9.792626
758584212472750,-0.2835495,0.6873383,9.783055
758584221165354,-0.28594232,0.68494546,9.773484
758584229857959,-0.29072794,0.69212395,9.792626
758584238550563,-0.29072794,0.68255264,9.785448
758584247243167,-0.29072794,0.6897311,9.790234
758584255935823,-0.28594232,0.6897311,9.780663
758584264628427,-0.29072794,0.6873383,9.775877
758584273321031,-0.2835495,0.6873383,9.775877
758584282013636,-0.2883351,0.6897311,9.790234
758584290706292,-0.2883351,0.6873383,9.787841
758584299398896,-0.29072794,0.6897311,9.802198
758584308091500,-0.2883351,0.6873383,9.785448
758584316784104,-0.29072794,0.69212395,9.785448
758584325476709,-0.2835495,0.6897311,9.795019
758584334169313,-0.28115666,0.68494546,9.785448
758584342861969,-0.2883351,0.68255264,9.780663
758584351554573,-0.2883351,0.69212395,9.783055
758584360247177,-0.2955136,0.6873383,9.775877
758584368939781,-0.28594232,0.68255264,9.797412
758584377632386,-0.28594232,0.6801598,9.790234
758584386325042,-0.27876383,0.69212395,9.787841
758584395017646,-0.28594232,0.68494546,9.785448
758584403710250,-0.29312077,0.6873383,9.797412
758584412402854,-0.27876383,0.69212395,9.783055
758584421095459,-0.2883351,0.6897311,9.790234
758584429788063,-0.30029923,0.6873383,9.783055
758584438480719,-0.28594232,0.68255264,9.795019
758584447173323,-0.29312077,0.6945168,9.790234
758584455865927,-0.2835495,0.6873383,9.785448
758584464558531,-0.29072794,0.69930243,9.783055
758584473251188,-0.29790643,0.68255264,9.775877
758584481943740,-0.28594232,0.6873383,9.790234
758584490636396,-0.29072794,0.6897311,9.783055
758584499329000,-0.2883351,0.6897311,9.790234
758584508021604,-0.29072794,0.6897311,9.780663
758584516714209,-0.28594232,0.6873383,9.77827
758584525406865,-0.28594232,0.6897311,9.783055
758584534099469,-0.29072794,0.68494546,9.787841
758584542792073,-0.29312077,0.68255264,9.77827
758584551484677,-0.29312077,0.68255264,9.797412
758584560177281,-0.2883351,0.6873383,9.783055
758584568869938,-0.29312077,0.69212395,9.787841
758584577562542,-0.29072794,0.6873383,9.77827
758584586255146,-0.29072794,0.6873383,9.792626
758584594947750,-0.29312077,0.69212395,9.775877
758584603640354,-0.2883351,0.6897311,9.783055
758584612332959,-0.2883351,0.6873383,9.783055
758584621025615,-0.2835495,0.6945168,9.783055
758584629718219,-0.2835495,0.6897311,9.787841
758584638410823,-0.29312077,0.6897311,9.771091
758584647103427,-0.29312077,0.68255264,9.780663
758584655796031,-0.28594232,0.67776704,9.795019
758584664488688,-0.2835495,0.68494546,9.790234
758584673181292,-0.28115666,0.69212395,9.787841
758584681873896,-0.2835495,0.6897311,9.77827
758584690566500,-0.2883351,0.6897311,9.785448
758584699259104,-0.29072794,0.69212395,9.780663
758584707951709,-0.29312077,0.6873383,9.795019
758584716644365,-0.29072794,0.6801598,9.787841
758584725336969,-0.29072794,0.6873383,9.783055
758584734029573,-0.29072794,0.6897311,9.780663
758584742722177,-0.2835495,0.6801598,9.792626
758584751414781,-0.29072794,0.6873383,9.780663
758584760107386,-0.28594232,0.69930243,9.787841
758584768800042,-0.28594232,0.6873383,9.780663
758584777492646,-0.2883351,0.6945168,9.790234
758584786185250,-0.29072794,0.69212395,9.783055
758584794877854,-0.28115666,0.6897311,9.792626
758584803570459,-0.28594232,0.6945168,9.780663
758584812263115,-0.28594232,0.68255264,9.787841
758584820955719,-0.2883351,0.6945168,9.77827
758584829648323,-0.29312077,0.68255264,9.790234
758584838340927,-0.29312077,0.6873383,9.780663
758584847033531,-0.29072794,0.68255264,9.790234
758584855726188,-0.2883351,0.68494546,9.775877
758584864418792,-0.2883351,0.69212395,9.790234
758584873111396,-0.29312077,0.6945168,9.77827
758584881804000,-0.2883351,0.67776704,9.783055
758584890496604,-0.29312077,0.6897311,9.785448
758584899189209,-0.29072794,0.6897311,9.792626
758584907881865,-0.29312077,0.68494546,9.783055
758584916574469,-0.2883351,0.69212395,9.780663
758584925267073,-0.2883351,0.6873383,9.783055
758584933959677,-0.2883351,0.6873383,9.787841
758584942652281,-0.28115666,0.6801598,9.787841
758584951344886,-0.29312077,0.6873383,9.780663
758584960037542,-0.2835495,0.6873383,9.792626
758584968730146,-0.29072794,0.68494546,9.795019
758584977422750,-0.2883351,0.6897311,9.787841
758584986115354,-0.27876383,0.6873383,9.775877
758584994807959,-0.28594232,0.69212395,9.780663
758585003500563,-0.29312077,0.68494546,9.766306
758585012193219,-0.2883351,0.69212395,9.792626
758585020885823,-0.2883351,0.69212395,9.783055
758585029578427,-0.28594232,0.68494546,9.797412
758585038271031,-0.28594232,0.6897311,9.787841
758585046963636,-0.28115666,0.6897311,9.780663
758585055656240,-0.28115666,0.68255264,9.775877
758585064348896,-0.29072794,0.6873383,9.780663
758585073041500,-0.2955136,0.6897311,9.787841
758585081734104,-0.29312077,0.69212395,9.795019
758585090426709,-0.29790643,0.6873383,9.775877
758585099119313,-0.2835495,0.6873383,9.797412
758585107811969,-0.28115666,0.68494546,9.768699
758585116504573,-0.2955136,0.6897311,9.787841
758585125197177,-0.28594232,0.69212395,9.775877
758585133889781,-0.29312077,0.68494546,9.792626
758585142582386,-0.2835495,0.69212395,9.797412
758585151274990,-0.28594232,0.70169526,9.792626
758585159967646,-0.2883351,0.69930243,9.790234
758585168660250,-0.29312077,0.6969096,9.780663
758585177352854,-0.2955136,0.68494546,9.775877
758585186045459,-0.28594232,0.68494546,9.797412
758585194738063,-0.29312077,0.6897311,9.787841
758585203430719,-0.29072794,0.68255264,9.792626
758585212123323,-0.2835495,0.6945168,9.780663
758585220815927,-0.28594232,0.6801598,9.775877
758585229508531,-0.2883351,0.69212395,9.783055
758585238201136,-0.29312077,0.68255264,9.790234
758585246893740,-0.28594232,0.6945168,9.787841
758585255586344,-0.29072794,0.69930243,9.792626
758585264279000,-0.29072794,0.69212395,9.792626
758585272971604,-0.28115666,0.6897311,9.790234
758585281664209,-0.28594232,0.6873383,9.775877
758585290356813,-0.28594232,0.6897311,9.775877
758585299049417,-0.28594232,0.6897311,9.799805
758585307742021,-0.29072794,0.68494546,9.775877
758585316434677,-0.2883351,0.6969096,9.790234
758585325127281,-0.28594232,0.6897311,9.792626
758585333819886,-0.2883351,0.6945168,9.783055
758585342512490,-0.28115666,0.68494546,9.783055
758585351205094,-0.29072794,0.69212395,9.783055
758585359897698,-0.2883351,0.6897311,9.759128
758585368590354,-0.29072794,0.6897311,9.790234
758585377282959,-0.29072794,0.6897311,9.787841
758585385975563,-0.2835495,0.6897311,9.795019
758585394668167,-0.27876383,0.6945168,9.77827
758585403360771,-0.27876383,0.6945168,9.783055
758585412053375,-0.2835495,0.68255264,9.771091
758585420746031,-0.29312077,0.69212395,9.763913
758585429438636,-0.28594232,0.6969096,9.790234
758585438131240,-0.29312077,0.6873383,9.787841
758585446823844,-0.2835495,0.69212395,9.790234
758585455516448,-0.28115666,0.6945168,9.792626
758585464209052,-0.27876383,0.6969096,9.77827
758585472901656,-0.28115666,0.68494546,9.768699
758585481594313,-0.29072794,0.6873383,9.775877
758585490286917,-0.29072794,0.68494546,9.792626
758585498979521,-0.28115666,0.6873383,9.795019
758585507672125,-0.29072794,0.69212395,9.783055
758585516364729,-0.2835495,0.6897311,9.795019
758585525057334,-0.2835495,0.68494546,9.768699
758585533749990,-0.28115666,0.6897311,9.77827
758585542442594,-0.29312077,0.68494546,9.780663
758585551135198,-0.29072794,0.6897311,9.799805
758585559827802,-0.28594232,0.6945168,9.787841
758585568520406,-0.29072794,0.69212395,9.795019
758585577213011,-0.2835495,0.6969096,9.780663
758585585905667,-0.28115666,0.68494546,9.797412
758585594598271,-0.29072794,0.6945168,9.773484
758585603290875,-0.29072794,0.6945168,9.797412
758585611983479,-0.29072794,0.68494546,9.783055
758585620676084,-0.2835495,0.6873383,9.790234
758585629368688,-0.28115666,0.69212395,9.783055
758585638061292,-0.2835495,0.68494546,9.792626
758585646753948,-0.2883351,0.6897311,9.785448
758585655446552,-0.28594232,0.68494546,9.780663
758585664139156,-0.28115666,0.6897311,9.766306
758585672831761,-0.2835495,0.6873383,9.785448
758585681524365,-0.29072794,0.69212395,9.77827
758585690216969,-0.28115666,0.6873383,9.795019
758585698909625,-0.27876383,0.6897311,9.795019
758585707602229,-0.2835495,0.6945168,9.783055
758585716294834,-0.2835495,0.68494546,9.77827
758585724987438,-0.2835495,0.6945168,9.785448
758585733680042,-0.276371,0.68255264,9.780663
758585742372646,-0.2883351,0.6873383,9.792626
758585751065250,-0.2835495,0.6873383,9.787841
758585759757906,-0.2955136,0.6897311,9.792626
758585768450511,-0.2835495,0.68255264,9.768699
758585777143115,-0.2883351,0.68494546,9.787841
758585785835719,-0.28594232,0.6897311,9.780663
758585794528323,-0.29072794,0.6873383,9.795019
758585803220979,-0.28115666,0.6969096,9.790234
758585811913560,-0.28594232,0.69212395,9.790234
758585820606164,-0.28594232,0.69930243,9.792626
758585829298768,-0.276371,0.68494546,9.783055
758585837991372,-0.2835495,0.6873383,9.77827
758585846683976,-0.29312077,0.67776704,9.785448
758585855376580,-0.2835495,0.69212395,9.792626
758585864069185,-0.2835495,0.6873383,9.783055
758585872761841,-0.2883351,0.6969096,9.787841
758585881454445,-0.28594232,0.6945168,9.780663
758585890147049,-0.276371,0.6873383,9.785448
758585898839653,-0.27876383,0.68494546,9.790234
758585907532257,-0.29312077,0.6945168,9.775877
758585916224862,-0.2835495,0.69212395,9.790234
758585924917518,-0.2835495,0.7040881,9.797412
758585933610122,-0.28594232,0.6897311,9.785448
758585942302726,-0.27876383,0.6897311,9.795019
758585950995330,-0.28594232,0.69212395,9.783055
758585959687935,-0.29072794,0.68494546,9.77827
758585968380539,-0.2883351,0.6873383,9.790234
758585977073195,-0.29072794,0.68255264,9.790234
758585985765799,-0.2835495,0.6945168,9.792626
758585994458403,-0.2835495,0.6897311,9.787841
758586003151007,-0.2883351,0.68494546,9.783055
758586011843612,-0.2835495,0.6873383,9.775877
758586020536216,-0.2835495,0.6969096,9.77827
758586029228820,-0.28594232,0.69930243,9.787841
758586037921424,-0.2883351,0.6969096,9.790234
758586046614080,-0.2835495,0.69212395,9.790234
758586055306685,-0.2835495,0.6969096,9.785448
758586063999289,-0.2835495,0.6801598,9.76152
758586072691893,-0.28115666,0.6945168,9.792626
758586081384497,-0.2883351,0.6873383,9.768699
758586090077101,-0.28115666,0.6873383,9.787841
758586098769705,-0.2883351,0.6873383,9.771091
758586107462362,-0.29072794,0.68494546,9.787841
758586116154966,-0.2883351,0.6897311,9.787841
758586124847570,-0.2955136,0.6897311,9.802198
758586133540174,-0.28115666,0.68494546,9.795019
758586142232778,-0.2883351,0.69212395,9.783055
758586150925382,-0.27876383,0.69212395,9.77827
758586159617987,-0.29312077,0.68255264,9.787841
758586168310643,-0.29072794,0.6897311,9.790234
758586177003247,-0.29072794,0.69930243,9.792626
758586185695851,-0.27876383,0.6897311,9.792626
758586194388455,-0.29072794,0.69212395,9.775877
758586203081060,-0.276371,0.69212395,9.797412
758586211773664,-0.27876383,0.68494546,9.775877
758586220466320,-0.28594232,0.6897311,9.780663
758586229158924,-0.29312077,0.69212395,9.787841
758586237851528,-0.29072794,0.6945168,9.792626
758586246544132,-0.27876383,0.6873383,9.804591
758586255236737,-0.2955136,0.6873383,9.780663
758586263929341,-0.2835495,0.6969096,9.787841
758586272621945,-0.28115666,0.69212395,9.77827
758586281314549,-0.29312077,0.6873383,9.773484
758586290007205,-0.2955136,0.6945168,9.785448
758586298699810,-0.29072794,0.69212395,9.77827
758586307392414,-0.29072794,0.6945168,9.787841
758586316085018,-0.2883351,0.6945168,9.792626
758586324777622,-0.276371,0.6945168,9.785448
758586333470226,-0.2835495,0.6873383,9.771091
758586342162830,-0.28594232,0.68494546,9.775877
758586350855487,-0.29072794,0.6897311,9.795019
758586359548091,-0.28115666,0.70169526,9.806984
758586368240695,-0.28115666,0.6897311,9.77827
758586376933299,-0.28594232,0.6873383,9.787841
758586385625903,-0.28594232,0.6873383,9.783055
758586394318507,-0.29312077,0.6873383,9.783055
758586403011112,-0.29312077,0.6897311,9.780663
758586411703716,-0.29312077,0.68494546,9.790234
758586420396372,-0.2835495,0.6969096,9.780663
758586429088976,-0.2835495,0.6873383,9.790234
758586437781580,-0.2835495,0.69212395,9.775877
758586446474185,-0.2835495,0.6873383,9.790234
758586455166789,-0.2883351,0.69212395,9.783055
758586463859393,-0.28115666,0.6897311,9.790234
758586472551997,-0.29312077,0.6969096,9.780663
758586481244653,-0.26919255,0.6969096,9.802198
758586489937257,-0.28115666,0.68494546,9.763913
758586498629862,-0.276371,0.7256235,9.802198
758586507322466,-0.29072794,0.67776704,9.766306
758586516015070,-0.29312077,0.6753742,9.773484
758586524707674,-0.30987054,0.6729814,9.785448
758586533400278,-0.29312077,0.67776704,9.821341
758586542092882,-0.28594232,0.6873383,9.787841
758586550785539,-0.2883351,0.6897311,9.775877
758586559478143,-0.2835495,0.69212395,9.759128
758586568170747,-0.27876383,0.6897311,9.795019
758586576863351,-0.29790643,0.6801598,9.775877
758586585555955,-0.29790643,0.6801598,9.783055
758586594248560,-0.30029923,0.6873383,9.802198
758586602941164,-0.29312077,0.68255264,9.790234
758586611633768,-0.2835495,0.6873383,9.790234
758586620326424,-0.2835495,0.6801598,9.771091
758586629019028,-0.276371,0.68494546,9.795019
758586637711632,-0.2835495,0.6801598,9.77827
758586646404237,-0.29312077,0.68494546,9.783055
758586655096841,-0.29312077,0.6801598,9.790234
758586663789445,-0.2955136,0.69212395,9.804591
758586672482049,-0.29072794,0.6897311,9.77827
758586681174705,-0.29072794,0.6897311,9.792626
758586689867310,-0.28594232,0.6873383,9.763913
758586698559914,-0.2835495,0.6873383,9.795019
758586707252518,-0.29072794,0.6873383,9.775877
758586715945122,-0.2955136,0.68494546,9.795019
758586724637726,-0.2835495,0.68255264,9.785448
758586733330330,-0.2955136,0.69212395,9.785448
758586742022987,-0.2883351,0.6945168,9.780663
758586750715591,-0.2835495,0.6873383,9.785448
758586759408195,-0.2835495,0.69212395,9.797412
758586768100799,-0.2883351,0.6873383,9.775877
758586776793403,-0.28594232,0.6897311,9.773484
758586785486007,-0.29312077,0.68494546,9.785448
758586794178612,-0.29312077,0.6873383,9.780663
758586802871216,-0.2955136,0.6897311,9.783055
758586811563872,-0.29312077,0.67776704,9.797412
758586820256424,-0.28594232,0.68494546,9.785448
758586828949080,-0.29072794,0.6873383,9.792626
758586837641685,-0.28594232,0.6873383,9.775877
758586846334289,-0.2883351,0.68494546,9.790234
758586855026893,-0.30029923,0.68494546,9.77827
758586863719497,-0.29072794,0.69212395,9.780663
758586872412101,-0.27876383,0.69212395,9.792626
758586881104705,-0.2883351,0.6801598,9.790234
758586889797310,-0.29312077,0.68494546,9.773484
758586898489966,-0.29072794,0.6945168,9.795019
758586907182570,-0.30029923,0.6873383,9.771091
758586915875174,-0.2835495,0.69212395,9.792626
758586924567778,-0.2883351,0.69212395,9.792626
758586933260382,-0.2883351,0.6873383,9.771091
758586941952987,-0.28594232,0.6897311,9.785448
758586950645591,-0.29072794,0.6801598,9.787841
758586959338195,-0.28594232,0.69212395,9.780663
758586968030799,-0.29790643,0.68494546,9.790234
758586976723455,-0.2883351,0.6945168,9.787841
758586985416060,-0.2955136,0.6897311,9.790234
758586994108664,-0.2883351,0.69930243,9.787841
758587002801268,-0.29072794,0.68494546,9.787841
758587011493872,-0.2883351,0.68255264,9.787841
758587020186476,-0.28594232,0.69212395,9.785448
758587028879080,-0.29072794,0.69212395,9.783055
758587037571685,-0.29312077,0.68255264,9.780663
758587046264341,-0.29072794,0.68494546,9.780663
758587054956945,-0.28115666,0.6873383,9.785448
758587063649549,-0.29312077,0.68494546,9.775877
758587072342153,-0.29312077,0.6897311,9.792626
758587081034757,-0.2835495,0.6897311,9.790234
758587089727362,-0.2955136,0.6873383,9.787841
758587098419966,-0.2883351,0.6873383,9.783055
758587107112570,-0.2835495,0.6873383,9.787841
758587115805174,-0.29072794,0.69212395,9.768699
758587124497830,-0.2835495,0.6945168,9.792626
758587133190435,-0.28115666,0.6873383,9.775877
758587141883039,-0.2883351,0.6969096,9.787841
758587150575643,-0.29312077,0.69212395,9.77827
758587159268247,-0.29072794,0.6801598,9.787841
758587167960851,-0.29072794,0.6873383,9.787841
758587176653455,-0.2955136,0.6969096,9.792626
758587185346060,-0.2883351,0.6873383,9.77827
758587194038664,-0.2835495,0.68255264,9.792626
758587202731320,-0.2883351,0.67776704,9.780663
758587211423924,-0.2955136,0.68255264,9.783055
758587220116528,-0.2955136,0.68494546,9.77827
758587228809132,-0.29312077,0.6873383,9.795019
758587237501737,-0.2883351,0.69212395,9.77827
758587246194341,-0.2955136,0.6873383,9.792626
758587254886945,-0.28115666,0.68255264,9.783055
758587263579549,-0.2955136,0.6897311,9.790234
758587272272205,-0.29072794,0.6873383,9.766306
758587280964810,-0.29312077,0.6897311,9.780663
758587289657414,-0.29072794,0.6897311,9.783055
758587298350018,-0.28594232,0.68255264,9.787841
758587307042622,-0.2883351,0.68255264,9.785448
758587315735226,-0.2883351,0.68255264,9.773484
758587324427830,-0.29072794,0.6873383,9.77827
758587333120435,-0.2883351,0.6945168,9.785448
758587341813039,-0.29312077,0.6897311,9.785448
758587350505643,-0.29312077,0.68255264,9.792626
758587359198299,-0.2835495,0.6658029,9.625129
758587367890903,-0.08733802,0.799801,9.500702
758587376583507,-0.27876383,0.61076796,9.986445
758587385276112,-0.6233303,0.6346962,10.055838
758587393968716,-0.424726,0.637089,10.144372
758587402661320,-0.2620141,0.69930243,9.735199
758587411353924,-0.1471586,0.7375876,9.462418
758587420046528,-0.10887343,0.72083783,9.5964155
758587428739132,-0.24526432,0.71365935,9.560523
758587437431737,-0.34337005,0.6418747,9.98166
758587446124393,-0.44865423,0.6442675,10.046266
758587454816997,-0.40079778,0.6538388,10.010373
758587463509601,-0.30987054,0.68494546,9.806984
758587472202205,-0.23330021,0.70169526,9.675379
758587480894810,-0.20697916,0.718445,9.5964155
758587489587414,-0.2117648,0.70648086,9.665807
758587498280018,-0.276371,0.6873383,9.742377
758587506972622,-0.3290131,0.6729814,9.881161
758587515665226,-0.35533416,0.6681957,9.881161
758587524357830,-0.31944183,0.6753742,9.850055
758587533050487,-0.28115666,0.68494546,9.768699
758587541743091,-0.25244278,0.6945168,9.730413
758587550435695,-0.2428715,0.69930243,9.71845
758587559128299,-0.26919255,0.6969096,9.737592
758587567820903,-0.2883351,0.6897311,9.783055
758587576513507,-0.31944183,0.6801598,9.833304
758587585206112,-0.33379877,0.68494546,9.845269
758587593898716,-0.31226337,0.68494546,9.826126
758587602591372,-0.27876383,0.68494546,9.775877
758587611283976,-0.27158538,0.6969096,9.730413
758587619976580,-0.26919255,0.6897311,9.735199
758587628669185,-0.276371,0.68255264,9.759128
758587637361789,-0.30269206,0.6873383,9.814162
758587646054393,-0.32183465,0.67776704,9.840483
758587654746997,-0.30987054,0.6801598,9.826126
758587663439601,-0.29790643,0.6945168,9.783055
758587672132205,-0.26919255,0.6969096,9.751948
758587680824810,-0.26919255,0.6945168,9.747163
758587689517414,-0.276371,0.6873383,9.773484
758587698210070,-0.30508488,0.6801598,9.785448
758587706902674,-0.30987054,0.67776704,9.826126
758587715595278,-0.3074777,0.68255264,9.816555
758587724287882,-0.28594232,0.6873383,9.792626
758587732980487,-0.27876383,0.6897311,9.756734
758587741673091,-0.27876383,0.6945168,9.747163
758587750365695,-0.2835495,0.6897311,9.768699
758587759058299,-0.29790643,0.68494546,9.795019
758587767750903,-0.30269206,0.68494546,9.804591
758587776443507,-0.29312077,0.68494546,9.806984
758587785136112,-0.28594232,0.6897311,9.768699
758587793828768,-0.276371,0.6945168,9.768699
758587802521372,-0.26919255,0.68494546,9.756734
758587811213976,-0.2835495,0.68494546,9.780663
758587819906580,-0.29312077,0.68494546,9.792626
758587828599185,-0.2955136,0.6873383,9.795019
758587837291789,-0.29790643,0.69212395,9.790234
758587845984393,-0.27876383,0.6801598,9.780663
758587854676997,-0.29312077,0.69930243,9.780663
758587863369601,-0.28594232,0.68494546,9.766306
758587872062205,-0.2883351,0.6945168,9.814162
758587880754862,-0.2955136,0.68255264,9.766306
758587889447466,-0.29072794,0.6897311,9.8117695
758587898140070,-0.29072794,0.68494546,9.771091
758587906832674,-0.2835495,0.68255264,9.783055
758587915525278,-0.2835495,0.68494546,9.790234
758587924217882,-0.28594232,0.6945168,9.787841
758587932910487,-0.29072794,0.68494546,9.780663
758587941603091,-0.2835495,0.69212395,9.792626
758587950295695,-0.29072794,0.6945168,9.787841
758587958988299,-0.29072794,0.69212395,9.792626
758587967680903,-0.29312077,0.6897311,9.775877
758587976373560,-0.2883351,0.6897311,9.790234
758587985066112,-0.29072794,0.6873383,9.783055
758587993758768,-0.28594232,0.6897311,9.795019
758588002451372,-0.28594232,0.6945168,9.773484
758588011143976,-0.28115666,0.68255264,9.780663
758588019836580,-0.29072794,0.68494546,9.792626
758588028529185,-0.2955136,0.68255264,9.792626
758588037221789,-0.29072794,0.6801598,9.790234
758588045914393,-0.28594232,0.69212395,9.795019
758588054606997,-0.2883351,0.6897311,9.783055
758588063299601,-0.28594232,0.6945168,9.768699
758588071992205,-0.2883351,0.6873383,9.775877
758588080684810,-0.29072794,0.6801598,9.787841
758588089377466,-0.2883351,0.69212395,9.790234
758588098070070,-0.2883351,0.6969096,9.785448
758588106762674,-0.28594232,0.68255264,9.780663
758588115455278,-0.28594232,0.6873383,9.783055
758588124147882,-0.28594232,0.68494546,9.780663
758588132840487,-0.2883351,0.68255264,9.785448
758588141533091,-0.2883351,0.68494546,9.780663
758588150225695,-0.2835495,0.6801598,9.787841
758588158918299,-0.2955136,0.68255264,9.785448
758588167610903,-0.29072794,0.6873383,9.773484
758588176303507,-0.29072794,0.6945168,9.795019
758588184996164,-0.2883351,0.6945168,9.780663
758588193688768,-0.28594232,0.6873383,9.804591
758588202381372,-0.29312077,0.68255264,9.780663
758588211073976,-0.29072794,0.6945168,9.790234
758588219766580,-0.2835495,0.6873383,9.780663
758588228459185,-0.28594232,0.6897311,9.787841
758588237151789,-0.2883351,0.6801598,9.77827
758588245844393,-0.29072794,0.6873383,9.795019
758588254536997,-0.28594232,0.6897311,9.780663
758588263229601,-0.2883351,0.68494546,9.790234
758588271922205,-0.29312077,0.6897311,9.780663
758588280614810,-0.2955136,0.6873383,9.792626
758588289307466,-0.2883351,0.69212395,9.783055
758588298000070,-0.28115666,0.6897311,9.790234
758588306692674,-0.2883351,0.69212395,9.799805
758588315385278,-0.2835495,0.6897311,9.792626
758588324077882,-0.29072794,0.69212395,9.790234
758588332770487,-0.28115666,0.68494546,9.787841
758588341463091,-0.29072794,0.6897311,9.77827
758588350155695,-0.29790643,0.6873383,9.785448
758588358848299,-0.29790643,0.6945168,9.780663
758588367540903,-0.2835495,0.68494546,9.790234
758588376233507,-0.2955136,0.6969096,9.797412
758588384926112,-0.2835495,0.68494546,9.780663
758588393618768,-0.2883351,0.6873383,9.795019
758588402311372,-0.29312077,0.6873383,9.775877
758588411003976,-0.29312077,0.69212395,9.783055
758588419696580,-0.2883351,0.68494546,9.790234
758588428389185,-0.29312077,0.69212395,9.783055
758588437081789,-0.28594232,0.69212395,9.780663
758588445774393,-0.29072794,0.69930243,9.795019
758588454466997,-0.29072794,0.67776704,9.77827
758588463159601,-0.2883351,0.6873383,9.787841
758588471852205,-0.2955136,0.6873383,9.783055
758588480544810,-0.2883351,0.68255264,9.787841
758588489237414,-0.2835495,0.6873383,9.783055
758588497930018,-0.28594232,0.6801598,9.780663
758588506622622,-0.29072794,0.6969096,9.790234
758588515315278,-0.28594232,0.68494546,9.780663
758588524007882,-0.28594232,0.6873383,9.790234
758588532700487,-0.29072794,0.68494546,9.77827
758588541393091,-0.28115666,0.69212395,9.780663
758588550085695,-0.2955136,0.68494546,9.790234
758588558778299,-0.2883351,0.6897311,9.785448
758588567470903,-0.2883351,0.6873383,9.785448
758588576163507,-0.2883351,0.69212395,9.77827
758588584856112,-0.2883351,0.6873383,9.785448
758588593548716,-0.29072794,0.6945168,9.783055
758588602241320,-0.29072794,0.6801598,9.795019
758588610933924,-0.29790643,0.68494546,9.790234
758588619626528,-0.29072794,0.6873383,9.77827
758588628319185,-0.29312077,0.6897311,9.795019
758588637011789,-0.2883351,0.69212395,9.773484
758588645704393,-0.2835495,0.68255264,9.783055
758588654396997,-0.2835495,0.68494546,9.787841
758588663089601,-0.2883351,0.6873383,9.790234
758588671782205,-0.29072794,0.6945168,9.790234
758588680474810,-0.2883351,0.6897311,9.773484
758588689167414,-0.2835495,0.6945168,9.787841
758588697860018,-0.2883351,0.6873383,9.773484
758588706552622,-0.2883351,0.68494546,9.790234
758588715245226,-0.29312077,0.69212395,9.775877
758588723937830,-0.29312077,0.6801598,9.783055
758588732630435,-0.29312077,0.6873383,9.787841
758588741323039,-0.29072794,0.6897311,9.783055
758588750015695,-0.29312077,0.68255264,9.783055
758588758708247,-0.2883351,0.69212395,9.790234
758588767400903,-0.2835495,0.68255264,9.77827
758588776093507,-0.29072794,0.6945168,9.802198
758588784786112,-0.29072794,0.68255264,9.780663
758588793478716,-0.29312077,0.6801598,9.790234
758588802171320,-0.2883351,0.6897311,9.785448
758588810863924,-0.2883351,0.69212395,9.785448
758588819556528,-0.29312077,0.68494546,9.783055
758588828249132,-0.29072794,0.6897311,9.780663
758588836941737,-0.2835495,0.6897311,9.795019
758588845634341,-0.2883351,0.6897311,9.785448
758588854326945,-0.2883351,0.6873383,9.780663
758588863019601,-0.29790643,0.6873383,9.783055
758588871712153,-0.29072794,0.6873383,9.785448
758588880404810,-0.29312077,0.6873383,9.787841
758588889097414,-0.2883351,0.69212395,9.795019
758588897790018,-0.29072794,0.68494546,9.783055
758588906482622,-0.29790643,0.68494546,9.790234
758588915175226,-0.29072794,0.6873383,9.77827
758588923867830,-0.29072794,0.6873383,9.787841
758588932560435,-0.2955136,0.6897311,9.77827
758588941253039,-0.2883351,0.6801598,9.787841
758588949945643,-0.2835495,0.6873383,9.792626
758588958638247,-0.2883351,0.68255264,9.775877
758588967330851,-0.28115666,0.68494546,9.783055
758588976023455,-0.29072794,0.6897311,9.783055
758588984716060,-0.28594232,0.6873383,9.790234
758588993408664,-0.2883351,0.6873383,9.795019
758589002101320,-0.29072794,0.6897311,9.775877
758589010793924,-0.29312077,0.6873383,9.785448
758589019486476,-0.29312077,0.68494546,9.77827
758589028179080,-0.28594232,0.68494546,9.792626
758589036871737,-0.2883351,0.6801598,9.787841
758589045564341,-0.2883351,0.69212395,9.799805
758589054256945,-0.29072794,0.68494546,9.785448
758589062949549,-0.5300102,0.6442675,10.01516
758589071642153,-0.3481557,0.6203393,10.345368
758589080334757,-0.24047868,0.7399804,9.524631
758589089027362,-0.04426722,0.7375876,9.515059
758589097719966,-0.008374879,0.7926225,9.141779
758589106412570,0.0011964113,0.78065836,9.1681
758589115105174,-0.20937198,0.68494546,9.907482
758589123797778,-0.59940207,0.6203393,10.192228
758589132490382,-0.64247286,0.57009,10.512866
758589141182987,-0.49651068,0.62751776,10.103694
758589149875591,-0.2548356,0.6873383,9.823733
758589158568195,-0.12801601,0.7543373,9.407382
758589167260799,-0.05383851,0.75912297,9.407382
758589175953403,-0.16151553,0.7375876,9.507881
758589184646060,-0.29790643,0.68255264,9.840483
758589193338664,-0.424726,0.64905316,10.012766
758589202031268,-0.44865423,0.6442675,10.051051
758589210723872,-0.357727,0.6681957,9.938589
758589219416476,-0.27158538,0.6945168,9.76152
758589228109080,-0.20937198,0.7088737,9.653843
758589236801685,-0.19501504,0.718445,9.589237
758589245494289,-0.22612174,0.7040881,9.680164
758589254186893,-0.29312077,0.68494546,9.792626
758589262879497,-0.357727,0.6658029,9.917053
758589271572101,-0.36729828,0.6562316,9.909875
758589280264705,-0.31944183,0.67776704,9.862019
758589288957310,-0.276371,0.69212395,9.756734
758589297649914,-0.2428715,0.7112665,9.696914
758589306342518,-0.22612174,0.70648086,9.675379
758589315035174,-0.26919255,0.6945168,9.732806
758589323727778,-0.30987054,0.6801598,9.826126
758589332420382,-0.34337005,0.68255264,9.8835535
758589341112935,-0.32662028,0.6753742,9.857233
758589349805591,-0.2883351,0.6873383,9.802198
758589358498195,-0.25962126,0.6969096,9.725628
758589367190799,-0.25244278,0.70169526,9.6993065
758589375883403,-0.26679972,0.69930243,9.74477
758589384576007,-0.2955136,0.6801598,9.797412
758589393268612,-0.31944183,0.6753742,9.857233
758589401961216,-0.31944183,0.6801598,9.83809
758589410653820,-0.30029923,0.68255264,9.797412
758589419346424,-0.2739782,0.6945168,9.754341
758589428039028,-0.2644069,0.70169526,9.74477
758589436731632,-0.26919255,0.6969096,9.76152
758589445424237,-0.29072794,0.68494546,9.77827
758589454116841,-0.31226337,0.68494546,9.816555
758589462809445,-0.3074777,0.6753742,9.816555
758589471502049,-0.29312077,0.68494546,9.787841
758589480194653,-0.28115666,0.6945168,9.763913
758589488887310,-0.26919255,0.68494546,9.759128
758589497579914,-0.28594232,0.69212395,9.775877
758589506272518,-0.29312077,0.68494546,9.795019
758589514965122,-0.30269206,0.69212395,9.802198
758589523657726,-0.29072794,0.6873383,9.795019
758589532350330,-0.28594232,0.69212395,9.795019
758589541042935,-0.28594232,0.69212395,9.773484
758589549735539,-0.2835495,0.6897311,9.77827
758589558428143,-0.29072794,0.6969096,9.785448
758589567120747,-0.29072794,0.68255264,9.785448
758589575813351,-0.2883351,0.68255264,9.799805
758589584505955,-0.28594232,0.69212395,9.775877
758589593198560,-0.2835495,0.6873383,9.797412
758589601891164,-0.28115666,0.6873383,9.783055
758589610583768,-0.2883351,0.68494546,9.780663
758589619276372,-0.2883351,0.6873383,9.790234
758589627968976,-0.2955136,0.69212395,9.771091
758589636661580,-0.2835495,0.6945168,9.773484
758589645354237,-0.29072794,0.68494546,9.795019
758589654046789,-0.2883351,0.68494546,9.787841
758589662739393,-0.2955136,0.68494546,9.802198
758589671431997,-0.2955136,0.6897311,9.783055
758589680124653,-0.2883351,0.6873383,9.783055
758589688817257,-0.28115666,0.69212395,9.773484
758589697509862,-0.28594232,0.6873383,9.787841
758589706202466,-0.2835495,0.6897311,9.785448
758589714895070,-0.29312077,0.69212395,9.795019
758589723587674,-0.29312077,0.69212395,9.795019
758589732280278,-0.2955136,0.6801598,9.787841
758589740972882,-0.2883351,0.6801598,9.768699
758589749665487,-0.2883351,0.6801598,9.77827
758589758358091,-0.2883351,0.6873383,9.785448
758589767050695,-0.2955136,0.6897311,9.785448
758589775743299,-0.29312077,0.6873383,9.790234
758589784435903,-0.28594232,0.6873383,9.787841
758589793128507,-0.28594232,0.6897311,9.790234
758589801821112,-0.28115666,0.68494546,9.773484
758589810513716,-0.2883351,0.6969096,9.77827
758589819206320,-0.2883351,0.69930243,9.785448
758589827898924,-0.29312077,0.69212395,9.799805
758589836591528,-0.29312077,0.6873383,9.802198
758589845284132,-0.2739782,0.6897311,9.773484
758589853976737,-0.28594232,0.6897311,9.77827
758589862669341,-0.29312077,0.68255264,9.780663
758589871361945,-0.2955136,0.69212395,9.790234
758589880054601,-0.2955136,0.6873383,9.792626
758589888747205,-0.2883351,0.68255264,9.799805
758589897439757,-0.28594232,0.6945168,9.790234
758589906132414,-0.28594232,0.6897311,9.773484
758589914825018,-0.28594232,0.6945168,9.775877
758589923517622,-0.2883351,0.6873383,9.775877
758589932210226,-0.28594232,0.68494546,9.775877
758589940902830,-0.29072794,0.6873383,9.802198
758589949595435,-0.28594232,0.6873383,9.775877
758589958288039,-0.2883351,0.6897311,9.787841
758589966980643,-0.2955136,0.68255264,9.773484
758589975673247,-0.2955136,0.68255264,9.775877
758589984365851,-0.2883351,0.68494546,9.783055
758589993058455,-0.29072794,0.68255264,9.787841
758590001751060,-0.29312077,0.6945168,9.797412
758590010443664,-0.2883351,0.6897311,9.775877
758590019136268,-0.2835495,0.6873383,9.77827
758590027828872,-0.28594232,0.6897311,9.766306
758590036521476,-0.28594232,0.6873383,9.783055
758590045214080,-0.2883351,0.68255264,9.795019
758590053906685,-0.29312077,0.69930243,9.790234
758590062599289,-0.2955136,0.6897311,9.790234
758590071291893,-0.29072794,0.6897311,9.792626
758590079984497,-0.28594232,0.68494546,9.771091
758590088677101,-0.2835495,0.68255264,9.785448
758590097369705,-0.2955136,0.6897311,9.787841
758590106062310,-0.31226337,0.69212395,9.706485
758590114754914,-0.25004998,0.68494546,9.960124
758590123447570,-0.31944183,0.69930243,9.646665
758590132140174,-0.26919255,0.6801598,9.873982
758590140832726,-0.2883351,0.70169526,9.687343
758590149525382,-0.26919255,0.6873383,9.809377
758590158217935,-0.2955136,0.6873383,9.74477
758590166910591,-0.28594232,0.6753742,9.797412
758590175603195,-0.29072794,0.6897311,9.783055
758590184295799,-0.31465617,0.6753742,9.787841
758590192988403,-0.30987054,0.68255264,9.85484
758590201681007,-0.31465617,0.68494546,9.780663
758590210373612,-0.30269206,0.67776704,9.83809
758590219066216,-0.30508488,0.6897311,9.785448
758590227758820,-0.29312077,0.6897311,9.795019
758590236451424,-0.2883351,0.69930243,9.763913
758590245144028,-0.2955136,0.6897311,9.809377
758590253836632,-0.31226337,0.6753742,9.802198
758590262529237,-0.32183465,0.6729814,9.87159
758590271221841,-0.31465617,0.68494546,9.747163
758590279914445,-0.25004998,0.69212395,9.768699
758590288607049,-0.25244278,0.6969096,9.672985
758590297299653,-0.25244278,0.6945168,9.728021
758590305992257,-0.29312077,0.68494546,9.792626
758590314684862,-0.31944183,0.68255264,9.83809
758590323377466,-0.317049,0.6801598,9.845269
758590332070070,-0.30029923,0.6873383,9.804591
758590340762674,-0.2739782,0.6969096,9.77827
758590349455278,-0.26919255,0.69212395,9.749556
758590358147882,-0.27158538,0.69212395,9.759128
758590366840487,-0.2739782,0.6897311,9.768699
758590375533091,-0.29312077,0.6873383,9.8117695
758590384225695,-0.29790643,0.6801598,9.806984
758590392918299,-0.30508488,0.68255264,9.799805
758590401610903,-0.29072794,0.68494546,9.790234
758590410303507,-0.28594232,0.69212395,9.775877
758590418996112,-0.2739782,0.6897311,9.771091
758590427688716,-0.28115666,0.6873383,9.768699
758590436381320,-0.2883351,0.6897311,9.77827
758590445073924,-0.29072794,0.68494546,9.780663
758590453766528,-0.30029923,0.68255264,9.795019
758590462459185,-0.2955136,0.6897311,9.818948
758590471151789,-0.2883351,0.6897311,9.768699
758590479844393,-0.27876383,0.69212395,9.775877
758590488536997,-0.28115666,0.6969096,9.775877
758590497229549,-0.2835495,0.6873383,9.759128
758590505922205,-0.29312077,0.6801598,9.797412
758590514614810,-0.30269206,0.6801598,9.790234
758590523307414,-0.29312077,0.68494546,9.797412
758590532000018,-0.2955136,0.6897311,9.802198
758590540692622,-0.28115666,0.6945168,9.785448
758590549385226,-0.2835495,0.6945168,9.780663
758590558077830,-0.2955136,0.69930243,9.775877
758590566770435,-0.29072794,0.6873383,9.787841
758590575463039,-0.2955136,0.6873383,9.806984
758590584155643,-0.2883351,0.69212395,9.790234
758590592848247,-0.2955136,0.69212395,9.787841
758590601540851,-0.2883351,0.6969096,9.783055
758590610233455,-0.27876383,0.68494546,9.773484
758590618926060,-0.2835495,0.68255264,9.766306
758590627618664,-0.29072794,0.6801598,9.771091
758590636311268,-0.29312077,0.67776704,9.795019
758590645003872,-0.2955136,0.68255264,9.785448
758590653696476,-0.29072794,0.6897311,9.802198
758590662389080,-0.2883351,0.69212395,9.785448
758590671081685,-0.28115666,0.6873383,9.775877
758590679774289,-0.28594232,0.6873383,9.780663
758590688466893,-0.29312077,0.6945168,9.792626
758590697159497,-0.29072794,0.68494546,9.792626
758590705852101,-0.29312077,0.6801598,9.792626
758590714544705,-0.2883351,0.68255264,9.799805
758590723237310,-0.28594232,0.68255264,9.775877
758590731929914,-0.2835495,0.67776704,9.783055
758590740622518,-0.29072794,0.68494546,9.77827
758590749315122,-0.28594232,0.6873383,9.797412
758590758007726,-0.28594232,0.6873383,9.768699
758590766700330,-0.27876383,0.6897311,9.795019
758590775392935,-0.28594232,0.6897311,9.783055
758590784085539,-0.2883351,0.6897311,9.790234
758590792778143,-0.28594232,0.69212395,9.783055
758590801470747,-0.28594232,0.6969096,9.792626
758590810163351,-0.27876383,0.6897311,9.780663
758590818855955,-0.29312077,0.69212395,9.783055
758590827548560,-0.29312077,0.6801598,9.790234
758590836241164,-0.654437,0.6011967,10.460224
758590844933768,-0.33379877,0.66101724,9.972089
758590853626424,-0.27158538,0.66341007,10.113265
758590862318976,-0.32183465,0.7088737,9.735199
758590871011580,-0.104087785,0.7280163,9.828519
758590879704185,-0.046660043,0.79740816,9.26142
758590888396789,0.16390835,0.8333005,9.089137
758590897089393,0.22372891,0.8668,8.792427
758590905781997,0.17347965,0.84765744,8.82832
758590914474601,0.06819545,0.78783685,9.1872425
758590923167257,-0.37447673,0.651446,10.534402
758590931859810,-1.0827522,0.421735,11.111072
758590940552466,-1.1497513,0.44805604,10.991431
758590949245018,-0.506082,0.5796613,10.737792
758590957937674,-0.18783657,0.77587277,9.196814
758590966630278,0.1471586,0.75912297,9.467203
758590975322882,-0.05383851,0.8356933,8.804391
758590984015487,0.13519448,0.7710871,9.242277
758590992708039,-0.022731815,0.8021938,9.220742
758591001400695,-0.36011982,0.62751776,10.153943
758591010093299,-0.6305088,0.60837513,10.426724
758591018785903,-0.7812566,0.5389833,10.527224
758591027478507,-0.46061835,0.6466603,10.101301
758591036171112,-0.22372891,0.7040881,9.71127
758591044863716,-0.06819545,0.76630145,9.357133
758591053556320,0.0035892338,0.77347994,9.227921
758591062248924,-0.12562318,0.7280163,9.534202
758591070941528,-0.34337005,0.6753742,9.8428755
758591079634132,-0.47258246,0.6346962,10.1395855
758591088326737,-0.47976094,0.6346962,10.091729
758591097019341,-0.29072794,0.66101724,9.969695
758591105711945,-0.56590253,0.68494546,9.737592
758591114404549,0.06819545,0.7328019,9.548559
758591123097153,-0.1471586,0.7375876,9.560523
758591131789757,-0.21655045,0.69930243,9.6682
758591140482362,-0.3361916,0.67776704,9.8524475
758591149174966,-0.38644084,0.6562316,9.960124
758591157867570,-0.38644084,0.66341007,9.940982
758591166560174,-0.317049,0.68255264,9.845269
758591175252778,-0.2644069,0.6969096,9.742377
758591183945382,-0.2213361,0.7088737,9.663414
758591192637987,-0.2213361,0.7040881,9.675379
758591201330591,-0.2739782,0.6969096,9.74477
758591210023195,-0.32422748,0.6801598,9.840483
758591218715799,-0.3505485,0.6729814,9.890733
758591227408403,-0.33140594,0.68255264,9.8524475
758591236101007,-0.28594232,0.69930243,9.790234
758591244793612,-0.2548356,0.69930243,9.730413
758591253486216,-0.2428715,0.6945168,9.723235
758591262178820,-0.2548356,0.69930243,9.742377
758591270871424,-0.29312077,0.68255264,9.790234
758591279564028,-0.32183465,0.6753742,9.845269
758591288256632,-0.32183465,0.67776704,9.828519
758591296949237,-0.30269206,0.68255264,9.816555
758591305641841,-0.276371,0.6945168,9.759128
758591314334445,-0.2620141,0.70169526,9.749556
758591323027049,-0.26919255,0.69212395,9.7399845
758591331719653,-0.2883351,0.6801598,9.785448
758591340412257,-0.30269206,0.6873383,9.790234
758591349104862,-0.30508488,0.67776704,9.830912
758591357797466,-0.29312077,0.6873383,9.790234
758591366490070,-0.28594232,0.6945168,9.775877
758591375182674,-0.26919255,0.69212395,9.76152
758591383875278,-0.28594232,0.6897311,9.785448
758591392567882,-0.276371,0.6897311,9.768699
758591401260487,-0.29072794,0.68494546,9.790234
758591409953091,-0.30029923,0.6873383,9.797412
758591418645695,-0.3074777,0.6897311,9.795019
758591427338299,-0.29072794,0.6969096,9.797412
758591436030903,-0.276371,0.6945168,9.771091
758591444723507,-0.28115666,0.6897311,9.768699
758591453416112,-0.28594232,0.69212395,9.790234
758591462108716,-0.2883351,0.6873383,9.790234
758591470801320,-0.29312077,0.6873383,9.795019
758591479493924,-0.29312077,0.6873383,9.797412
758591488186528,-0.2883351,0.6897311,9.783055
758591496879132,-0.2835495,0.69212395,9.77827
758591505571737,-0.28594232,0.6969096,9.775877
758591514264341,-0.29072794,0.6873383,9.780663
758591522956945,-0.2883351,0.6873383,9.790234
758591531649549,-0.29312077,0.69212395,9.792626
758591540342153,-0.28594232,0.6873383,9.785448
758591549034757,-0.2883351,0.68255264,9.780663
758591557727362,-0.29312077,0.68494546,9.780663
758591566419966,-0.2835495,0.6873383,9.77827
758591575112570,-0.2835495,0.6897311,9.783055
758591583805174,-0.2835495,0.6873383,9.785448
758591592497778,-0.28115666,0.69212395,9.792626
758591601190382,-0.2883351,0.6897311,9.792626
758591609882987,-0.29072794,0.6873383,9.795019
758591618575591,-0.29312077,0.68494546,9.787841
758591627268195,-0.2883351,0.6873383,9.785448
758591635960799,-0.29072794,0.6897311,9.783055
758591644653403,-0.2883351,0.6897311,9.780663
758591653346007,-0.2883351,0.6897311,9.783055
758591662038612,-0.2835495,0.68494546,9.799805
758591670731216,-0.29072794,0.6897311,9.785448
758591679423820,-0.2835495,0.68494546,9.780663
758591688116424,-0.2883351,0.69212395,9.773484
758591696809028,-0.2883351,0.6969096,9.785448
758591705501632,-0.28594232,0.68494546,9.768699
758591714194237,-0.29072794,0.6897311,9.785448
758591722886841,-0.2883351,0.6897311,9.785448
758591731579445,-0.28594232,0.6873383,9.785448
758591740272049,-0.29312077,0.69212395,9.785448
758591748964653,-0.28594232,0.6945168,9.790234
758591757657257,-0.29072794,0.6897311,9.783055
758591766349862,-0.28594232,0.6873383,9.797412
758591775042466,-0.2883351,0.69212395,9.785448
758591783735070,-0.28115666,0.6897311,9.785448
758591792427674,-0.29312077,0.6897311,9.785448
758591801120278,-0.2883351,0.6873383,9.787841
758591809812882,-0.29312077,0.69930243,9.787841
758591818505487,-0.276371,0.6873383,9.77827
758591827198091,-0.2883351,0.6945168,9.795019
758591835890695,-0.2835495,0.6897311,9.787841
758591844583299,-0.29312077,0.6897311,9.787841
758591853275903,-0.29312077,0.6897311,9.787841
758591861968507,-0.2955136,0.68494546,9.787841
758591870661112,-0.28594232,0.6969096,9.797412
758591879353716,-0.28594232,0.69212395,9.77827
758591888046320,-0.28594232,0.6873383,9.797412
758591896738924,-0.29312077,0.68494546,9.773484
758591905431528,-0.28594232,0.68255264,9.783055
758591914124132,-0.2835495,0.69212395,9.795019
758591922816737,-0.29072794,0.69212395,9.780663
758591931509341,-0.28594232,0.6897311,9.792626
758591940201945,-0.28115666,0.6969096,9.799805
758591948894549,-0.29072794,0.6801598,9.771091
758591957587153,-0.29312077,0.6873383,9.792626
758591966279757,-0.29312077,0.6801598,9.775877
758591974972362,-0.28594232,0.6801598,9.790234
758591983664966,-0.29072794,0.69212395,9.787841
758591992357570,-0.28115666,0.6897311,9.775877
758592001050174,-0.28115666,0.69212395,9.790234
758592009742778,-0.29312077,0.68494546,9.780663
758592018435382,-0.28115666,0.68255264,9.780663
758592027127987,-0.29312077,0.6873383,9.790234
758592035820591,-0.29312077,0.68255264,9.790234
758592044513195,-0.29790643,0.69212395,9.797412
758592053205799,-0.28594232,0.69212395,9.787841
758592061898403,-0.28115666,0.68494546,9.773484
758592070591007,-0.28594232,0.69212395,9.780663
758592079283612,-0.2883351,0.6897311,9.773484
758592087976216,-0.30029923,0.6897311,9.792626
758592096668820,-0.29790643,0.6873383,9.775877
758592105361424,-0.28594232,0.68494546,9.795019
758592114054028,-0.29790643,0.6873383,9.790234
758592122746632,-0.2883351,0.6897311,9.792626
758592131439237,-0.28115666,0.6897311,9.783055
758592140131841,-0.2835495,0.6873383,9.783055
758592148824445,-0.2835495,0.69212395,9.785448
758592157517049,-0.28594232,0.6969096,9.804591
758592166209653,-0.29312077,0.68494546,9.785448
758592174902257,-0.29072794,0.69212395,9.797412
758592183594862,-0.29072794,0.6873383,9.77827
758592192287466,-0.28594232,0.68494546,9.787841
758592200980070,-0.28594232,0.68494546,9.785448
758592209672674,-0.2883351,0.6897311,9.783055
758592218365278,-0.29072794,0.6897311,9.792626
758592227057830,-0.2883351,0.6897311,9.775877
758592235750435,-0.2883351,0.69212395,9.797412
758592244443039,-0.2883351,0.6873383,9.787841
758592253135695,-0.2883351,0.6873383,9.785448
758592261828247,-0.2883351,0.6945168,9.783055
758592270520903,-0.2883351,0.68494546,9.780663
758592279213507,-0.2835495,0.6897311,9.787841
758592287906060,-0.2883351,0.6873383,9.799805
758592296598716,-0.29312077,0.6897311,9.775877
758592305291268,-0.28115666,0.6873383,9.790234
758592313983872,-0.2883351,0.68255264,9.790234
758592322676476,-0.29072794,0.68494546,9.785448
758592331369080,-0.28594232,0.69212395,9.797412
758592340061737,-0.28594232,0.6945168,9.787841
758592348754289,-0.2835495,0.69212395,9.804591
758592357446893,-0.29312077,0.6873383,9.77827
758592366139497,-0.2835495,0.6873383,9.780663
758592374832101,-0.27876383,0.6873383,9.785448
758592383524705,-0.28594232,0.6873383,9.780663
758592392217310,-0.2883351,0.69212395,9.795019
758592400909914,-0.29790643,0.68494546,9.783055
758592409602518,-0.29072794,0.6969096,9.785448
758592418295122,-0.28594232,0.67776704,9.787841
758592426987726,-0.2883351,0.68255264,9.787841
758592435680330,-0.2883351,0.6873383,9.775877
758592444372935,-0.29072794,0.6873383,9.790234
758592453065539,-0.2835495,0.6897311,9.790234
758592461758143,-0.2955136,0.6873383,9.787841
758592470450747,-0.29072794,0.68494546,9.780663
758592479143351,-0.28115666,0.6897311,9.787841
758592487835955,-0.29072794,0.68255264,9.775877
758592496528560,-0.28594232,0.6873383,9.785448
758592505221164,-0.28115666,0.6873383,9.795019
758592513913768,-0.28594232,0.69212395,9.773484
758592522606372,-0.2835495,0.6945168,9.790234
758592531298976,-0.2955136,0.68255264,9.768699
758592539991580,-0.28594232,0.6945168,9.790234
758592548684185,-0.29072794,0.69212395,9.785448
758592557376789,-0.29312077,0.69212395,9.77827
758592566069393,-0.2835495,0.6945168,9.792626
758592574761997,-0.2883351,0.67776704,9.77827
758592583454601,-0.2835495,0.6897311,9.785448
758592592147205,-0.29072794,0.68494546,9.785448
758592600839810,-0.29072794,0.6873383,9.787841
758592609532414,-0.2835495,0.6897311,9.783055
758592618225018,-0.2883351,0.6873383,9.775877
758592626917622,-0.2835495,0.6873383,9.785448
758592635610226,-0.2883351,0.68255264,9.77827
758592644302830,-0.29312077,0.6897311,9.773484
758592652995435,-0.2883351,0.69212395,9.792626
758592661688039,-0.2835495,0.68255264,9.780663
758592670380643,-0.28594232,0.6897311,9.790234
758592679073247,-0.2883351,0.6873383,9.785448
758592687765851,-0.29072794,0.69212395,9.792626
758592696458455,-0.29312077,0.6873383,9.783055
758592705151060,-0.2835495,0.68494546,9.790234
758592713843664,-0.29072794,0.69212395,9.780663
758592722536268,-0.2835495,0.6897311,9.797412
758592731228872,-0.2883351,0.6873383,9.77827
758592739921424,-0.28594232,0.6873383,9.790234
758592748614080,-0.2835495,0.68494546,9.77827
758592757306632,-0.2835495,0.6873383,9.790234
758592765999237,-0.29072794,0.69212395,9.77827
758592774691841,-0.29072794,0.6897311,9.790234
758592783384445,-0.2835495,0.6873383,9.787841
758592792077049,-0.29312077,0.6873383,9.780663
758592800769653,-0.29072794,0.6897311,9.783055
758592809462257,-0.29072794,0.68494546,9.783055
758592818154862,-0.2883351,0.6897311,9.783055
758592826847466,-0.28594232,0.6897311,9.797412
758592835540070,-0.29072794,0.68494546,9.790234
758592844232674,-0.28594232,0.68494546,9.785448
758592852925278,-0.29072794,0.68494546,9.785448
758592861617882,-0.2883351,0.68494546,9.771091
758592870310487,-0.2883351,0.69212395,9.785448
758592879003091,-0.2955136,0.6873383,9.785448
758592887695695,-0.29312077,0.69212395,9.783055
758592896388299,-0.28594232,0.68494546,9.790234
758592905080903,-0.28594232,0.6873383,9.790234
758592913773507,-0.28594232,0.6897311,9.780663
758592922466112,-0.2883351,0.6873383,9.780663
758592931158716,-0.29072794,0.6945168,9.77827
758592939851320,-0.2883351,0.6873383,9.799805
758592948543924,-0.29072794,0.69212395,9.783055
758592957236528,-0.28115666,0.6897311,9.783055
758592965929132,-0.29072794,0.68494546,9.804591
758592974621737,-0.28594232,0.6897311,9.775877
758592983314341,-0.2835495,0.69212395,9.797412
758592992006945,-0.2883351,0.6873383,9.773484
758593000699549,-0.29072794,0.6969096,9.795019
758593009392153,-0.29312077,0.6873383,9.771091
758593018084757,-0.28594232,0.6873383,9.785448
758593026777362,-0.28594232,0.69212395,9.785448
758593035469914,-0.2835495,0.68255264,9.785448
758593044162518,-0.276371,0.6873383,9.780663
758593052855122,-0.2883351,0.6873383,9.783055
758593061547778,-0.2883351,0.6873383,9.790234
758593070240330,-0.2883351,0.6897311,9.790234
758593078932935,-0.2883351,0.68255264,9.797412
758593087625539,-0.29790643,0.69212395,9.763913
758593096318143,-0.28115666,0.68494546,9.797412
758593105010747,-0.29072794,0.69930243,9.783055
758593113703403,-0.28594232,0.6897311,9.783055
758593122395955,-0.2883351,0.6873383,9.773484
758593131088560,-0.2883351,0.68255264,9.790234
758593139781164,-0.29312077,0.6873383,9.785448
758593148473768,-0.28594232,0.6897311,9.785448
758593157166372,-0.28594232,0.69212395,9.787841
758593165858976,-0.28594232,0.69212395,9.797412
758593174551580,-0.28594232,0.69212395,9.780663
758593183244185,-0.2883351,0.68494546,9.787841
758593191936789,-0.29072794,0.6897311,9.790234
758593200629393,-0.2883351,0.6873383,9.77827
758593209321997,-0.2835495,0.6969096,9.790234
758593218014601,-0.28594232,0.6897311,9.766306
758593226707205,-0.29312077,0.6897311,9.790234
758593235399810,-0.2835495,0.6897311,9.780663
758593244092414,-0.29790643,0.6873383,9.790234
758593252785018,-0.2883351,0.69212395,9.785448
758593261477622,-0.2883351,0.6873383,9.787841
758593270170226,-0.28594232,0.69212395,9.773484
758593278862830,-0.2883351,0.6873383,9.790234
758593287555435,-0.2835495,0.68494546,9.77827
758593296248039,-0.2835495,0.6873383,9.77827
758593304940643,-0.29072794,0.69212395,9.790234
758593313633247,-0.29312077,0.6873383,9.783055
758593322325851,-0.29312077,0.6897311,9.799805
758593331018455,-0.29790643,0.68494546,9.783055
758593339711060,-0.276371,0.6873383,9.780663
758593348403664,-0.2883351,0.6801598,9.780663
758593357096268,-0.28594232,0.68494546,9.775877
758593365788872,-0.28594232,0.69930243,9.77827
758593374481476,-0.28594232,0.6873383,9.780663
758593383174080,-0.28115666,0.6897311,9.780663
758593391866685,-0.2835495,0.68255264,9.783055
758593400559289,-0.29072794,0.68494546,9.785448
758593409251893,-0.29072794,0.6897311,9.785448
758593417944497,-0.2883351,0.6873383,9.775877
758593426637101,-0.2955136,0.6897311,9.773484
758593435329705,-0.2835495,0.6897311,9.780663
758593444022310,-0.28115666,0.6873383,9.792626
758593452714914,-0.2883351,0.69212395,9.783055
758593461407518,-0.29072794,0.6801598,9.783055
758593470100122,-0.28594232,0.6897311,9.783055
758593478792726,-0.28594232,0.68494546,9.790234
758593487485330,-0.29312077,0.6897311,9.785448
758593496177935,-0.2835495,0.68255264,9.790234
758593504870539,-0.29072794,0.6873383,9.790234
758593513563091,-0.28594232,0.6873383,9.783055
758593522255747,-0.2883351,0.6897311,9.780663
758593530948351,-0.29312077,0.68494546,9.775877
758593539640955,-0.29072794,0.68255264,9.775877
758593548333560,-0.28594232,0.6873383,9.785448
758593557026164,-0.29072794,0.69212395,9.792626
758593565718768,-0.2835495,0.6897311,9.783055
758593574411372,-0.2883351,0.6897311,9.780663
758593583103976,-0.2835495,0.68255264,9.795019
758593591796580,-0.2883351,0.6897311,9.792626
758593600489185,-0.29072794,0.6873383,9.780663
758593609181789,-0.27876383,0.69212395,9.790234
758593617874393,-0.29072794,0.6897311,9.763913
758593626566997,-0.29072794,0.6873383,9.790234
758593635259601,-0.29312077,0.6897311,9.775877
758593643952205,-0.29072794,0.6873383,9.785448
758593652644810,-0.2883351,0.69212395,9.785448
758593661337414,-0.2883351,0.69930243,9.780663
758593670030018,-0.29072794,0.68494546,9.785448
758593678722622,-0.2883351,0.6729814,9.773484
758593687415226,-0.2835495,0.67776704,9.785448
758593696107830,-0.28594232,0.6897311,9.780663
758593704800435,-0.2835495,0.69212395,9.785448
758593713493039,-0.28115666,0.6945168,9.785448
758593722185643,-0.2883351,0.68255264,9.787841
758593730878247,-0.2835495,0.6873383,9.766306
758593739570851,-0.29312077,0.68494546,9.785448
758593748263455,-0.29312077,0.68255264,9.780663
758593756956060,-0.28594232,0.6945168,9.785448
758593765648664,-0.2835495,0.6945168,9.799805
758593774341268,-0.2835495,0.6897311,9.790234
758593783033872,-0.28594232,0.69212395,9.775877
758593791726476,-0.2835495,0.6897311,9.77827
758593800419080,-0.28594232,0.6873383,9.785448
758593809111685,-0.2883351,0.69212395,9.790234
758593817804289,-0.28594232,0.68494546,9.792626
758593826496893,-0.2883351,0.68255264,9.792626
758593835189497,-0.29072794,0.6873383,9.780663
758593843882101,-0.28594232,0.68494546,9.773484
758593852574705,-0.29072794,0.68494546,9.771091
758593861267310,-0.29072794,0.6897311,9.799805
758593869959914,-0.2955136,0.6945168,9.77827
758593878652518,-0.29072794,0.6897311,9.790234
758593887345122,-0.29072794,0.6897311,9.783055
758593896037726,-0.29072794,0.6873383,9.771091
758593904730330,-0.28115666,0.6897311,9.775877
758593913422935,-0.30029923,0.6945168,9.780663
758593922115591,-0.29072794,0.6897311,9.766306
758593930808143,-0.29312077,0.68494546,9.797412
758593939500747,-0.28594232,0.68494546,9.77827
758593948193351,-0.2835495,0.6897311,9.783055
758593956886007,-0.2883351,0.6873383,9.787841
758593965578560,-0.29312077,0.69212395,9.783055
758593974271216,-0.28594232,0.6897311,9.799805
758593982963820,-0.28594232,0.68255264,9.775877
758593991656424,-0.28594232,0.68255264,9.77827
758594000349028,-0.2955136,0.6897311,9.787841
758594009041632,-0.2883351,0.6945168,9.785448
758594017734185,-0.28594232,0.67776704,9.787841
758594026426841,-0.2955136,0.68494546,9.787841
758594035119445,-0.29312077,0.68255264,9.780663
758594043812049,-0.29072794,0.6801598,9.787841
758594052504653,-0.28594232,0.6969096,9.783055
758594061197257,-0.28594232,0.6873383,9.780663
758594069889862,-0.28594232,0.68255264,9.790234
758594078582466,-0.29312077,0.68494546,9.783055
758594087275070,-0.2835495,0.69212395,9.780663
758594095967674,-0.29312077,0.6897311,9.77827
758594104660278,-0.29072794,0.6873383,9.780663
758594113352882,-0.29312077,0.69212395,9.790234
758594122045487,-0.2835495,0.6897311,9.77827
758594130738091,-0.2883351,0.6897311,9.795019
758594139430695,-0.29312077,0.68494546,9.775877
758594148123299,-0.2835495,0.69212395,9.783055
758594156815903,-0.28594232,0.6969096,9.790234
758594165508507,-0.2835495,0.6873383,9.771091
758594174201112,-0.2835495,0.69212395,9.795019
758594182893716,-0.28594232,0.68494546,9.780663
758594191586320,-0.29072794,0.6873383,9.795019
758594200278924,-0.28115666,0.69212395,9.802198
758594208971528,-0.29072794,0.68255264,9.77827
758594217664132,-0.28594232,0.6873383,9.780663
758594226356737,-0.2883351,0.68255264,9.787841
758594235049341,-0.28594232,0.68255264,9.783055
758594243741945,-0.28594232,0.6873383,9.795019
758594252434549,-0.2883351,0.68255264,9.785448
758594261127153,-0.28594232,0.6945168,9.787841
758594269819757,-0.29072794,0.6945168,9.787841
758594278512362,-0.29312077,0.6873383,9.773484
758594287204966,-0.2883351,0.69212395,9.802198
758594295897570,-0.29072794,0.6873383,9.773484
758594304590174,-0.2883351,0.68255264,9.785448
758594313282778,-0.28594232,0.69212395,9.792626
758594321975382,-0.2883351,0.6945168,9.787841
758594330667987,-0.2955136,0.6873383,9.783055
758594339360591,-0.29072794,0.6945168,9.785448
758594348053247,-0.2883351,0.68494546,9.77827
758594356745851,-0.29072794,0.69212395,9.797412
758594365438403,-0.2883351,0.68255264,9.77827
758594374131060,-0.2883351,0.6873383,9.797412
758594382823664,-0.2835495,0.6897311,9.785448
758594391516268,-0.29312077,0.68494546,9.790234
758594400208872,-0.2883351,0.6897311,9.780663
758594408901476,-0.28594232,0.6897311,9.787841
758594417594080,-0.2883351,0.6873383,9.780663
758594426286685,-0.2883351,0.6945168,9.785448
758594434979289,-0.28115666,0.6873383,9.783055
758594443671893,-0.28594232,0.6873383,9.785448
758594452364497,-0.29072794,0.68255264,9.785448
758594461057101,-0.28594232,0.69212395,9.797412
758594469749705,-0.28594232,0.68255264,9.771091
758594478442310,-0.2835495,0.68494546,9.790234
758594487134914,-0.2835495,0.69212395,9.785448
758594495827518,-0.29072794,0.6873383,9.775877
758594504520122,-0.2883351,0.6897311,9.792626
758594513212726,-0.29312077,0.6873383,9.773484
758594521905330,-0.2835495,0.6897311,9.795019
758594530597935,-0.29072794,0.6897311,9.775877
758594539290539,-0.28594232,0.6897311,9.792626
758594547983143,-0.28115666,0.6945168,9.780663
758594556675747,-0.29072794,0.6873383,9.773484
758594565368351,-0.2835495,0.6873383,9.787841
758594574060955,-0.2955136,0.68255264,9.785448
758594582753560,-0.28594232,0.69212395,9.785448
758594591446164,-0.27876383,0.6897311,9.785448
758594600138768,-0.29072794,0.6897311,9.785448
758594608831372,-0.2835495,0.6873383,9.77827
758594617523976,-0.29072794,0.6873383,9.787841
758594626216580,-0.2955136,0.6801598,9.775877
758594634909185,-0.27876383,0.69212395,9.792626
758594643601789,-0.2883351,0.6873383,9.790234
758594652294393,-0.2883351,0.6897311,9.785448
758594660986997,-0.2835495,0.68255264,9.787841
758594669679601,-0.2883351,0.6897311,9.783055
758594678372205,-0.2883351,0.6897311,9.783055
758594687064810,-0.29072794,0.6873383,9.785448
758594695757414,-0.29072794,0.68255264,9.780663
758594704450018,-0.29790643,0.6873383,9.783055
758594713142622,-0.29312077,0.68255264,9.780663
758594721835226,-0.2883351,0.68255264,9.792626
758594730527830,-0.2883351,0.6897311,9.787841
758594739220487,-0.2883351,0.6945168,9.780663
758594747913039,-0.2883351,0.6801598,9.785448
758594756605643,-0.29072794,0.6801598,9.77827
758594765298299,-0.2883351,0.68494546,9.795019
758594773990903,-0.28594232,0.6873383,9.771091
758594782683507,-0.29072794,0.68494546,9.783055
758594791376112,-0.28594232,0.6945168,9.792626
758594800068716,-0.2835495,0.69212395,9.77827
758594808761320,-0.27876383,0.68255264,9.795019
758594817453924,-0.28594232,0.6969096,9.783055
758594826146528,-0.29072794,0.6873383,9.795019
758594834839132,-0.2835495,0.6897311,9.785448
758594843531737,-0.2835495,0.68494546,9.773484
758594852224341,-0.2883351,0.69212395,9.783055
758594860916945,-0.29072794,0.6873383,9.785448
758594869609549,-0.28594232,0.68255264,9.785448
758594878302153,-0.29072794,0.68255264,9.780663
758594886994757,-0.2883351,0.6945168,9.790234
758594895687362,-0.2883351,0.6873383,9.77827
758594904379966,-0.2883351,0.68255264,9.787841
758594913072570,-0.29072794,0.6897311,9.792626
758594921765174,-0.2835495,0.6873383,9.785448
758594930457778,-0.2835495,0.6945168,9.783055
758594939150382,-0.2883351,0.6897311,9.785448
758594947842987,-0.2835495,0.68255264,9.790234
758594956535591,-0.28594232,0.68494546,9.773484
758594965228195,-0.2835495,0.6945168,9.818948
758594973920799,-0.29072794,0.68494546,9.763913
758594982613403,-0.28115666,0.6873383,9.802198
758594991306007,-0.28594232,0.68494546,9.775877
758594999998612,-0.28594232,0.6945168,9.771091
758595008691216,-0.2883351,0.69930243,9.797412
758595017383820,-0.29312077,0.6945168,9.785448
758595026076424,-0.2883351,0.69212395,9.792626
758595034769028,-0.2883351,0.68494546,9.790234
758595043461632,-0.29790643,0.6873383,9.771091
758595052154237,-0.29072794,0.6897311,9.792626
758595060846841,-0.29312077,0.68255264,9.797412
758595069539445,-0.2883351,0.6897311,9.785448
758595078232049,-0.2883351,0.6897311,9.785448
758595086924653,-0.29072794,0.6873383,9.77827
758595095617257,-0.2883351,0.69212395,9.785448
758595104309862,-0.29072794,0.68255264,9.780663
758595113002466,-0.2955136,0.6873383,9.787841
758595121695070,-0.28594232,0.6873383,9.792626
758595130387674,-0.2835495,0.6873383,9.785448
758595139080278,-0.29312077,0.68494546,9.775877
758595147772882,-0.2883351,0.6873383,9.785448
758595156465487,-0.29072794,0.6873383,9.773484
758595165158091,-0.2883351,0.6873383,9.790234
758595173850695,-0.2883351,0.69212395,9.77827
758595182543299,-0.29072794,0.6945168,9.790234
758595191235903,-0.29072794,0.69212395,9.790234
758595199928507,-0.2835495,0.6945168,9.77827
758595208621112,-0.28594232,0.68255264,9.77827
758595217313716,-0.28594232,0.6873383,9.787841
758595226006320,-0.2835495,0.6897311,9.77827
758595234698924,-0.2835495,0.6873383,9.797412
758595243391580,-0.2955136,0.68494546,9.783055
758595252084185,-0.29072794,0.69212395,9.77827
758595260776737,-0.28594232,0.69212395,9.785448
758595269469341,-0.28594232,0.6801598,9.768699
758595278161945,-0.28115666,0.67776704,9.795019
758595286854601,-0.29072794,0.6873383,9.77827
758595295547153,-0.29072794,0.69212395,9.787841
758595304239810,-0.29072794,0.6945168,9.787841
758595312932414,-0.28115666,0.68494546,9.775877
758595321625018,-0.27876383,0.68494546,9.799805
758595330317622,-0.29072794,0.6897311,9.783055
758595339010226,-0.28115666,0.6873383,9.780663
758595347702830,-0.29312077,0.6945168,9.785448
758595356395435,-0.2883351,0.68494546,9.77827
758595365088039,-0.27876383,0.6897311,9.785448
758595373780643,-0.28594232,0.6897311,9.773484
758595382473247,-0.2883351,0.6873383,9.795019
758595391165851,-0.29072794,0.6897311,9.792626
758595399858455,-0.28594232,0.6897311,9.785448
758595408551060,-0.2883351,0.68255264,9.773484
758595417243664,-0.2883351,0.6897311,9.787841
758595425936268,-0.29072794,0.6873383,9.783055
758595434628872,-0.28115666,0.6873383,9.804591
758595443321476,-0.2835495,0.68494546,9.77827
758595452014080,-0.28115666,0.68255264,9.771091
758595460706685,-0.2883351,0.69212395,9.787841
758595469399289,-0.29312077,0.68494546,9.783055
758595478091893,-0.2955136,0.6873383,9.799805
758595486784497,-0.29072794,0.6873383,9.785448
758595495477101,-0.28115666,0.68494546,9.785448
758595504169705,-0.2835495,0.6897311,9.780663
758595512862310,-0.2955136,0.6897311,9.77827
758595521554914,-0.28594232,0.68494546,9.775877
758595530247518,-0.2883351,0.68494546,9.783055
758595538940122,-0.29312077,0.6873383,9.787841
758595547632726,-0.29312077,0.69212395,9.780663
758595556325330,-0.28594232,0.68255264,9.785448
758595565017935,-0.2883351,0.6897311,9.780663
758595573710539,-0.2883351,0.6873383,9.77827
758595582403143,-0.2955136,0.6801598,9.780663
758595591095747,-0.27876383,0.68255264,9.783055
758595599788351,-0.2883351,0.69212395,9.792626
758595608480955,-0.29072794,0.69212395,9.783055
758595617173560,-0.27876383,0.6969096,9.790234
758595625866164,-0.2835495,0.69212395,9.77827
758595634558768,-0.2883351,0.68255264,9.783055
758595643251372,-0.2883351,0.6945168,9.773484
758595651943976,-0.2883351,0.68255264,9.787841
758595660636580,-0.28594232,0.68494546,9.77827
758595669329185,-0.29072794,0.69930243,9.792626
758595678021789,-0.2883351,0.68494546,9.787841
758595686714393,-0.28115666,0.69212395,9.787841
758595695406997,-0.27876383,0.68255264,9.773484
758595704099601,-0.2835495,0.68494546,9.790234
758595712792205,-0.2883351,0.68494546,9.775877
758595721484810,-0.27876383,0.69212395,9.797412
758595730177414,-0.2883351,0.6873383,9.792626
758595738870018,-0.29072794,0.6873383,9.785448
758595747562622,-0.28594232,0.6945168,9.792626
758595756255226,-0.29072794,0.68494546,9.775877
758595764947830,-0.2883351,0.6897311,9.783055
758595773640435,-0.2955136,0.6945168,9.795019
758595782333039,-0.29072794,0.6897311,9.783055
758595791025643,-0.2883351,0.6897311,9.790234
758595799718247,-0.29312077,0.6873383,9.787841
758595808410851,-0.2883351,0.6897311,9.768699
758595817103455,-0.28115666,0.6897311,9.785448
758595825796060,-0.29072794,0.6873383,9.775877
758595834488664,-0.2955136,0.68255264,9.775877
758595843181320,-0.29312077,0.68255264,9.792626
758595851873924,-0.2883351,0.68494546,9.785448
758595860566528,-0.27876383,0.6873383,9.780663
758595869259132,-0.29312077,0.68494546,9.768699
758595877951737,-0.28594232,0.6801598,9.775877
758595886644289,-0.29072794,0.67776704,9.759128
758595895336945,-0.29072794,0.66341007,9.773484
758595904029497,-0.33379877,0.66101724,9.397811
758595912722153,-0.33379877,0.6418747,10.309476
758595921414757,-0.19980069,0.76630145,10.1084795
758595930107362,-0.111266255,0.7902297,9.601201
758595938799966,-0.39601216,0.7375876,9.304491
