timestamp_ns,x_rad_s,y_rad_s,z_rad_s
758455006853419,4.581486E-4,-3.054324E-4,-3.054324E-4
758455028584982,4.581486E-4,-7.6358096E-4,-6.108648E-4
758455050316544,3.054324E-4,0.0012217296,-1.527162E-4
758455072048055,4.581486E-4,-0.0015271619,-3.054324E-4
758455093779617,-3.054324E-4,7.6358096E-4,1.527162E-4
758455115511180,-0.0,7.6358096E-4,1.527162E-4
758455137242690,4.581486E-4,-0.002290743,-3.054324E-4
758455158974253,-3.054324E-4,-3.054324E-4,-1.527162E-4
758455180705815,-4.581486E-4,0.0013744457,1.527162E-4
758455202437378,-3.054324E-4,-3.054324E-4,4.581486E-4
758455224168888,3.054324E-4,-3.054324E-4,1.527162E-4
758455245900450,4.581486E-4,0.0012217296,1.527162E-4
758455267632013,0.0012217296,-0.0010690134,-3.054324E-4
758455289363523,-0.0,-4.581486E-4,-1.527162E-4
758455311095086,-0.0,9.162972E-4,-1.527162E-4
758455332826648,7.6358096E-4,-7.6358096E-4,-1.527162E-4
758455354558211,3.054324E-4,-0.0010690134,-1.527162E-4
758455376289773,-4.581486E-4,9.162972E-4,-6.108648E-4
758455398021284,-0.0,-0.0,4.581486E-4
758455419752846,7.6358096E-4,-0.0012217296,-1.527162E-4
758455441484409,-4.581486E-4,0.0013744457,-1.527162E-4
758455463215919,7.6358096E-4,-0.002290743,-1.527162E-4
758455484947482,-4.581486E-4,0.0016798781,-3.054324E-4
758455506679044,-0.0,9.162972E-4,-3.054324E-4
758455528410607,0.0015271619,-0.0029016077,1.527162E-4
758455550142169,-3.054324E-4,7.6358096E-4,-6.108648E-4
758455571873680,0.0015271619,-0.0029016077,1.527162E-4
758455593605242,-7.6358096E-4,9.162972E-4,1.527162E-4
758455615336805,9.162972E-4,-0.002290743,1.527162E-4
758455637068315,9.162972E-4,-0.0010690134,4.581486E-4
758455658799878,-0.0,4.581486E-4,-3.054324E-4
758455680531440,3.054324E-4,-3.054324E-4,-1.527162E-4
758455702263003,3.054324E-4,4.581486E-4,1.527162E-4
758455723994565,3.054324E-4,-3.054324E-4,4.581486E-4
758455745726075,-0.0,7.6358096E-4,-3.054324E-4
758455767457638,-0.0,-3.054324E-4,4.581486E-4
758455789189200,-3.054324E-4,7.6358096E-4,-3.054324E-4
758455810920763,4.581486E-4,-7.6358096E-4,1.527162E-4
758455832652273,-4.581486E-4,0.0012217296,1.527162E-4
758455854383836,-3.054324E-4,9.162972E-4,-1.527162E-4
758455876115398,0.0012217296,-0.0016798781,4.581486E-4
758455897846961,-7.6358096E-4,0.0019853106,-1.527162E-4
758455919578523,9.162972E-4,-0.0019853106,4.581486E-4
758455941310034,4.581486E-4,-7.6358096E-4,-3.054324E-4
758455963041596,-7.6358096E-4,0.0024434591,-1.527162E-4
758455984773159,4.581486E-4,-0.0024434591,1.527162E-4
758456006504721,-0.0,0.0013744457,1.527162E-4
758456028236232,3.054324E-4,-0.0,4.581486E-4
758456049967794,7.6358096E-4,-0.0016798781,4.581486E-4
758456071699357,-7.6358096E-4,0.0024434591,-6.108648E-4
758456093430919,-0.0,-0.0,4.581486E-4
758456115162482,4.581486E-4,-0.0010690134,1.527162E-4
758456136893992,-0.0015271619,0.0013744457,-1.527162E-4
758456158625555,9.162972E-4,-3.054324E-4,1.527162E-4
758456180357117,-0.0012217296,1.527162E-4,1.527162E-4
758456202088680,-0.0012217296,0.0019853106,1.527162E-4
758456223820242,7.6358096E-4,-7.6358096E-4,4.581486E-4
758456245551753,-0.0012217296,9.162972E-4,-6.108648E-4
758456267283315,-7.6358096E-4,9.162972E-4,4.581486E-4
758456289014878,4.581486E-4,-7.6358096E-4,-3.054324E-4
758456310746440,-3.054324E-4,4.581486E-4,1.527162E-4
758456332478003,-9.162972E-4,9.162972E-4,6.108648E-4
758456354209513,-0.0,-0.0012217296,1.527162E-4
758456375941075,-0.0,1.527162E-4,-3.054324E-4
758456397672638,-0.0,1.527162E-4,4.581486E-4
758456419404200,3.054324E-4,-3.054324E-4,-3.054324E-4
758456441135763,-7.6358096E-4,7.6358096E-4,-1.527162E-4
758456462867273,3.054324E-4,-0.0,-1.527162E-4
758456484598836,-4.581486E-4,7.6358096E-4,-1.527162E-4
758456506330398,3.054324E-4,-0.0,-1.527162E-4
758456528061961,9.162972E-4,-0.0010690134,-3.054324E-4
758456549793523,-0.0,7.6358096E-4,1.527162E-4
758456571525086,-4.581486E-4,1.527162E-4,-1.527162E-4
758456593256596,9.162972E-4,-0.0015271619,4.581486E-4
758456614988159,-3.054324E-4,0.0013744457,-6.108648E-4
758456636719721,7.6358096E-4,-0.0,-3.054324E-4
758456658451284,4.581486E-4,-3.054324E-4,-1.527162E-4
758456680182846,-4.581486E-4,0.0012217296,-1.527162E-4
758456701914409,4.581486E-4,-0.0010690134,1.527162E-4
758456723645919,-0.0,1.527162E-4,1.527162E-4
758456745377482,3.054324E-4,-4.581486E-4,-1.527162E-4
758456767109044,3.054324E-4,4.581486E-4,-1.527162E-4
758456788840607,7.6358096E-4,-0.0015271619,1.527162E-4
758456810572169,-3.054324E-4,-7.6358096E-4,-1.527162E-4
758456832303732,3.054324E-4,-7.6358096E-4,-6.108648E-4
758456854035242,-0.0,-0.0010690134,-1.527162E-4
758456875766805,-3.054324E-4,1.527162E-4,-6.108648E-4
758456897498367,-3.054324E-4,4.581486E-4,-6.108648E-4
758456919229930,7.6358096E-4,-0.0016798781,-1.527162E-4
758456940961492,-0.0,7.6358096E-4,1.527162E-4
758456962693055,3.054324E-4,7.6358096E-4,1.527162E-4
758456984424617,9.162972E-4,-0.0015271619,-1.527162E-4
758457006156128,-4.581486E-4,9.162972E-4,1.527162E-4
758457027887690,7.6358096E-4,-0.0015271619,-1.527162E-4
758457049619253,-3.054324E-4,-7.6358096E-4,-1.527162E-4
758457071350815,-0.0012217296,0.0019853106,-3.054324E-4
758457093082378,7.6358096E-4,-0.0019853106,-1.527162E-4
758457114813888,-3.054324E-4,0.0012217296,-3.054324E-4
758457136545503,4.581486E-4,-0.0015271619,1.527162E-4
758457158277013,3.054324E-4,-3.054324E-4,1.527162E-4
758457180008575,-3.054324E-4,0.0013744457,-3.054324E-4
758457201740138,4.581486E-4,-0.0010690134,-1.527162E-4
758457223471700,4.581486E-4,-0.0,1.527162E-4
758457245203263,3.054324E-4,1.527162E-4,-3.054324E-4
758457266934773,3.054324E-4,-3.054324E-4,1.527162E-4
758457288666336,-0.0,4.581486E-4,-1.527162E-4
758457310397898,4.581486E-4,1.527162E-4,1.527162E-4
758457332129461,4.581486E-4,-0.0,-3.054324E-4
758457353861023,-3.054324E-4,-0.0,1.527162E-4
758457375592586,-3.054324E-4,-3.054324E-4,-1.527162E-4
758457397324148,-0.0,-3.054324E-4,1.527162E-4
758457419055659,-0.0,4.581486E-4,-1.527162E-4
758457440787221,7.6358096E-4,-0.0010690134,-1.527162E-4
758457462518784,4.581486E-4,-4.581486E-4,1.527162E-4
758457484250346,-4.581486E-4,0.0013744457,6.108648E-4
758457505981909,7.6358096E-4,-0.0015271619,-3.054324E-4
758457527713471,3.054324E-4,-7.6358096E-4,1.527162E-4
758457549445034,-4.581486E-4,0.0019853106,-3.054324E-4
758457571176544,9.162972E-4,-0.0024434591,1.527162E-4
758457592908107,-9.162972E-4,0.0019853106,-7.6358096E-4
758457614639669,7.6358096E-4,4.581486E-4,-6.108648E-4
758457636371232,0.0012217296,-0.0024434591,4.581486E-4
758457658102794,-0.0012217296,0.0029016077,-6.108648E-4
758457679834357,0.0015271619,-0.0024434591,-3.054324E-4
758457701565867,-7.6358096E-4,-3.054324E-4,-1.527162E-4
758457723297430,-3.054324E-4,7.6358096E-4,1.527162E-4
758457745028992,3.054324E-4,-0.0016798781,1.527162E-4
758457766760555,-4.581486E-4,-3.054324E-4,1.527162E-4
758457788492117,-0.0,9.162972E-4,-3.054324E-4
758457810223680,3.054324E-4,-7.6358096E-4,-3.054324E-4
758457831955242,-3.054324E-4,1.527162E-4,-1.527162E-4
758457853686753,-3.054324E-4,4.581486E-4,-1.527162E-4
758457875418315,7.6358096E-4,-0.0015271619,-1.527162E-4
758457897149878,-3.054324E-4,0.0012217296,-3.054324E-4
758457918881440,-0.0,-3.054324E-4,-1.527162E-4
758457940613003,7.6358096E-4,-0.0,-3.054324E-4
758457962344565,-3.054324E-4,0.0016798781,-6.108648E-4
758457984076128,3.054324E-4,-0.0010690134,1.527162E-4
758458005807638,-0.0,4.581486E-4,-1.527162E-4
758458027539200,-3.054324E-4,-0.0,1.527162E-4
758458049270763,4.581486E-4,1.527162E-4,1.527162E-4
758458071002325,-4.581486E-4,7.6358096E-4,-6.108648E-4
758458092733888,4.581486E-4,-0.0010690134,1.527162E-4
758458114465450,3.054324E-4,-4.581486E-4,-1.527162E-4
758458136197013,-4.581486E-4,0.0012217296,-1.527162E-4
758458157928575,7.6358096E-4,-0.0015271619,1.527162E-4
758458179660086,-3.054324E-4,0.0013744457,-3.054324E-4
758458201391648,-4.581486E-4,7.6358096E-4,-3.054324E-4
758458223123211,4.581486E-4,-0.0019853106,-3.054324E-4
758458244854773,-7.6358096E-4,0.0013744457,-1.527162E-4
758458266586336,7.6358096E-4,-0.0010690134,1.527162E-4
758458288317898,-3.054324E-4,-4.581486E-4,-1.527162E-4
758458310049461,3.054324E-4,7.6358096E-4,-1.527162E-4
758458331781023,3.054324E-4,-4.581486E-4,-1.527162E-4
758458353512586,4.581486E-4,-0.0010690134,-1.527162E-4
758458375244148,3.054324E-4,-3.054324E-4,-1.527162E-4
758458396975711,-0.0,4.581486E-4,-3.054324E-4
758458418707273,-3.054324E-4,-0.0,-3.054324E-4
758458440438836,-0.0,1.527162E-4,-3.054324E-4
758458462170398,-0.0,4.581486E-4,-3.054324E-4
758458483901909,-0.0,7.6358096E-4,-6.108648E-4
758458505633471,4.581486E-4,-0.0012217296,1.527162E-4
758458527365034,4.581486E-4,-3.054324E-4,-3.054324E-4
758458549096596,-7.6358096E-4,0.0019853106,1.527162E-4
758458570828159,3.054324E-4,-3.054324E-4,4.581486E-4
758458592559721,-3.054324E-4,0.0012217296,-1.527162E-4
758458614291284,-9.162972E-4,0.0013744457,1.527162E-4
758458636022846,9.162972E-4,-0.0019853106,4.581486E-4
758458657754409,4.581486E-4,0.0021380268,-3.054324E-4
758458679486023,-0.0,4.581486E-4,-1.527162E-4
758458701217586,3.054324E-4,-0.0015271619,1.527162E-4
758458722949148,-7.6358096E-4,0.0024434591,-3.054324E-4
758458744680711,9.162972E-4,-7.6358096E-4,-3.054324E-4
758458766412273,3.054324E-4,-3.054324E-4,4.581486E-4
758458788143836,-7.6358096E-4,0.0019853106,-1.527162E-4
758458809875398,7.6358096E-4,-0.0027488915,-6.108648E-4
758458831606961,4.581486E-4,-0.0,-6.108648E-4
758458853338523,-3.054324E-4,0.0013744457,1.527162E-4
758458875070086,4.581486E-4,-0.0016798781,4.581486E-4
758458896801648,4.581486E-4,4.581486E-4,-1.527162E-4
758458918533211,-3.054324E-4,7.6358096E-4,1.527162E-4
758458940264773,0.0012217296,-0.002290743,-1.527162E-4
758458961996336,-0.0012217296,0.0021380268,1.527162E-4
758458983727898,9.162972E-4,-7.6358096E-4,1.527162E-4
758459005459461,9.162972E-4,-0.0019853106,1.527162E-4
758459027191023,-0.0012217296,0.0033597562,1.527162E-4
758459048922638,4.581486E-4,-0.0024434591,4.581486E-4
758459070654200,-3.054324E-4,7.6358096E-4,-1.527162E-4
758459092385763,-0.0012217296,7.6358096E-4,-1.527162E-4
758459114117325,-0.0,-0.002290743,1.527162E-4
758459135848888,-0.0,0.0016798781,-1.527162E-4
758459157580450,-4.581486E-4,4.581486E-4,-3.054324E-4
758459179312013,3.054324E-4,-7.6358096E-4,1.527162E-4
758459201043575,-7.6358096E-4,4.581486E-4,-1.527162E-4
758459222775138,4.581486E-4,1.527162E-4,-3.054324E-4
758459244506700,7.6358096E-4,-0.0012217296,-1.527162E-4
758459266238315,-7.6358096E-4,0.0016798781,-3.054324E-4
758459287969878,-3.054324E-4,-0.0010690134,-1.527162E-4
758459309701440,3.054324E-4,-0.0015271619,4.581486E-4
758459331433003,-4.581486E-4,0.0019853106,-3.054324E-4
758459353164565,9.162972E-4,-0.0016798781,-1.527162E-4
758459374896128,-3.054324E-4,4.581486E-4,1.527162E-4
758459396627690,4.581486E-4,-0.0,1.527162E-4
758459418359253,3.054324E-4,-0.0016798781,6.108648E-4
758459440090815,-3.054324E-4,4.581486E-4,-1.527162E-4
758459461822430,3.054324E-4,-3.054324E-4,-3.054324E-4
758459483553992,-4.581486E-4,-3.054324E-4,-1.527162E-4
758459505285555,-7.6358096E-4,9.162972E-4,1.527162E-4
758459527017117,7.6358096E-4,-0.0012217296,4.581486E-4
758459548748680,3.054324E-4,-4.581486E-4,-1.527162E-4
758459570480242,7.6358096E-4,-0.003970621,-1.527162E-4
758459592211805,0.00763581,-0.013897174,4.581486E-4
758459613943367,-0.011759147,0.02489274,-0.0010690134
758459635674930,0.0051923506,-0.010995566,4.581486E-4
758459657406544,0.0044287695,-0.009315688,6.108648E-4
758459679138107,-0.0036651888,0.008093959,-3.054324E-4
758459700869669,0.0024434591,-0.0061086477,4.581486E-4
758459722601232,0.0012217296,-0.0024434591,1.527162E-4
758481962730689,-0.03451386,0.083993904,-0.004581486
758481984462303,0.022907428,-0.059101168,0.00320704
758482006193918,0.0021380268,-0.004581486,3.054324E-4
758482027925533,-0.014813471,0.034666575,-0.0018325944
758482049657199,0.008399391,-0.021532983,0.0013744457
758482071388814,1.527162E-4,0.0012217296,-1.527162E-4
758482093120428,-0.0025961753,0.0073303776,-1.527162E-4
758482114852043,0.0029016077,-0.004581486,3.054324E-4
758482136583710,0.0018325944,-0.00320704,6.108648E-4
758482158315324,-0.0015271619,0.004123337,-1.527162E-4
758482180046939,-7.6358096E-4,0.0016798781,1.527162E-4
758482201778553,0.0021380268,-0.0048869182,3.054324E-4
758482223510168,-0.0019853106,0.005345067,-1.527162E-4
758482245241783,9.162972E-4,-0.0021380268,3.054324E-4
758482266973449,0.0010690134,-0.003970621,7.6358096E-4
758482288705064,-0.0018325944,0.004581486,6.108648E-4
758482310436678,0.0010690134,-0.003970621,6.108648E-4
758482332168293,-3.054324E-4,0.0012217296,-4.581486E-4
758482353899908,-7.6358096E-4,0.0021380268,1.527162E-4
758482375631522,9.162972E-4,-0.0029016077,3.054324E-4
758482397363189,-6.108648E-4,0.0027488915,-6.108648E-4
758482419094803,9.162972E-4,-0.0021380268,1.527162E-4
758482440826418,-3.054324E-4,4.581486E-4,3.054324E-4
758482462558033,-3.054324E-4,4.581486E-4,-1.527162E-4
758482484289699,1.527162E-4,-0.0012217296,6.108648E-4
758482506021314,-7.6358096E-4,0.0021380268,3.054324E-4
758482527752928,1.527162E-4,-4.581486E-4,-1.527162E-4
758482549484543,6.108648E-4,-7.6358096E-4,6.108648E-4
758482571216158,6.108648E-4,3.054324E-4,-1.527162E-4
758482592947772,6.108648E-4,-4.581486E-4,-1.527162E-4
758482614679387,1.527162E-4,-0.0,3.054324E-4
758482636411053,-3.054324E-4,0.0016798781,-1.527162E-4
758482658142668,-3.054324E-4,-0.0,-1.527162E-4
758482679874283,4.581486E-4,-0.0,1.527162E-4
758482701605897,-1.527162E-4,7.6358096E-4,6.108648E-4
758482723337512,6.108648E-4,-0.0015271619,3.054324E-4
758482745069126,-3.054324E-4,0.0016798781,1.527162E-4
758482766800793,-6.108648E-4,9.162972E-4,-1.527162E-4
758482788532408,4.581486E-4,-4.581486E-4,3.054324E-4
758482810264022,-7.6358096E-4,0.0015271619,-1.527162E-4
758482831995637,6.108648E-4,-9.162972E-4,1.527162E-4
758482853727251,9.162972E-4,-0.0012217296,-1.527162E-4
758482875458866,-3.054324E-4,0.0012217296,1.527162E-4
758482897190533,-3.054324E-4,-4.581486E-4,-1.527162E-4
758482918922147,1.527162E-4,3.054324E-4,6.108648E-4
758482940653762,-1.527162E-4,9.162972E-4,-4.581486E-4
758482962385376,6.108648E-4,-0.0021380268,1.527162E-4
758482984116991,9.162972E-4,-0.0012217296,6.108648E-4
758483005848605,0.0010690134,-7.6358096E-4,1.527162E-4
758483027580272,0.0013744457,-0.00320704,3.054324E-4
758483049311887,6.108648E-4,-7.6358096E-4,1.527162E-4
758483071043501,-1.527162E-4,7.6358096E-4,3.054324E-4
758483092775116,-3.054324E-4,4.581486E-4,-4.581486E-4
758483114506730,0.0010690134,-0.00320704,3.054324E-4
758483136238345,0.0010690134,-3.054324E-4,-1.527162E-4
758483157969960,4.581486E-4,3.054324E-4,3.054324E-4
758483179701626,0.0013744457,-0.0019853106,3.054324E-4
758483201433241,9.162972E-4,-0.0015271619,3.054324E-4
758483223164855,-7.6358096E-4,7.6358096E-4,6.108648E-4
758483244896470,6.108648E-4,-0.0,3.054324E-4
758483266628085,6.108648E-4,-3.054324E-4,3.054324E-4
758483288359699,-6.108648E-4,-0.0,-1.527162E-4
758483310091314,6.108648E-4,-0.0016798781,1.527162E-4
758483331822980,-6.108648E-4,3.054324E-4,1.527162E-4
758483353554595,-6.108648E-4,7.6358096E-4,3.054324E-4
758483375286210,4.581486E-4,-0.0012217296,1.527162E-4
758483397017824,-1.527162E-4,0.0012217296,1.527162E-4
758483418749439,-1.527162E-4,-9.162972E-4,6.108648E-4
758483440481053,6.108648E-4,-0.0015271619,6.108648E-4
758483462212668,-6.108648E-4,0.0024434591,6.108648E-4
758483483944335,-1.527162E-4,-7.6358096E-4,1.527162E-4
758483505675949,-1.527162E-4,-3.054324E-4,6.108648E-4
758483527407564,1.527162E-4,9.162972E-4,1.527162E-4
758483549139178,6.108648E-4,-0.0015271619,3.054324E-4
758483570870793,-7.6358096E-4,-0.0,-4.581486E-4
758483592602408,-1.527162E-4,3.054324E-4,3.054324E-4
758483614334022,-1.527162E-4,3.054324E-4,3.054324E-4
758483636065637,-6.108648E-4,9.162972E-4,-4.581486E-4
758483657797251,6.108648E-4,-9.162972E-4,1.527162E-4
758483679528918,6.108648E-4,-3.054324E-4,1.527162E-4
758483701260533,-6.108648E-4,7.6358096E-4,1.527162E-4
758483722992147,1.527162E-4,-0.0012217296,1.527162E-4
758483744723762,-6.108648E-4,4.581486E-4,-1.527162E-4
758483766455376,1.527162E-4,-0.0,1.527162E-4
758483788186991,1.527162E-4,-0.0012217296,6.108648E-4
758483809918605,-1.527162E-4,9.162972E-4,1.527162E-4
758483831650220,-6.108648E-4,-3.054324E-4,6.108648E-4
758483853381835,4.581486E-4,-9.162972E-4,3.054324E-4
758483875113449,-1.527162E-4,0.0021380268,-1.527162E-4
758483896845064,-3.054324E-4,-4.581486E-4,1.527162E-4
758483918576730,6.108648E-4,-0.0015271619,1.527162E-4
758483940308345,-7.6358096E-4,0.0029016077,3.054324E-4
758483962039960,4.581486E-4,-0.0021380268,6.108648E-4
758483983771574,1.527162E-4,-0.0,3.054324E-4
758484005503189,-6.108648E-4,0.0021380268,-1.527162E-4
758484027234803,9.162972E-4,-0.0033597562,6.108648E-4
758484048966418,-0.0010690134,0.0016798781,3.054324E-4
758484070698033,1.527162E-4,3.054324E-4,6.108648E-4
758484092429647,6.108648E-4,-0.0015271619,6.108648E-4
758484114161262,-7.6358096E-4,0.0019853106,1.527162E-4
758484135892876,0.0010690134,-0.0015271619,6.108648E-4
758484157624543,4.581486E-4,-0.0,-1.527162E-4
758484179356158,-3.054324E-4,9.162972E-4,1.527162E-4
758484201087772,4.581486E-4,-7.6358096E-4,1.527162E-4
758484222819387,1.527162E-4,3.054324E-4,3.054324E-4
758484244551001,-1.527162E-4,3.054324E-4,1.527162E-4
758484266282616,6.108648E-4,-9.162972E-4,-1.527162E-4
758484288014230,4.581486E-4,4.581486E-4,1.527162E-4
758484309745845,-3.054324E-4,9.162972E-4,6.108648E-4
758484331477460,1.527162E-4,-9.162972E-4,1.527162E-4
758484353209074,-3.054324E-4,4.581486E-4,3.054324E-4
758484374940689,1.527162E-4,-4.581486E-4,3.054324E-4
758484396672303,-1.527162E-4,-7.6358096E-4,3.054324E-4
758484418403918,-3.054324E-4,9.162972E-4,6.108648E-4
758484440135585,1.527162E-4,-3.054324E-4,-1.527162E-4
758484461867199,-1.527162E-4,-0.0,7.6358096E-4
758484483598814,-1.527162E-4,7.6358096E-4,3.054324E-4
758484505330428,1.527162E-4,-0.0012217296,3.054324E-4
758484527062043,-6.108648E-4,4.581486E-4,1.527162E-4
758484548793658,-6.108648E-4,-3.054324E-4,-1.527162E-4
758484570525272,1.527162E-4,-4.581486E-4,-1.527162E-4
758484592256887,-6.108648E-4,4.581486E-4,-4.581486E-4
758484613988501,1.527162E-4,-7.6358096E-4,1.527162E-4
758484635720116,4.581486E-4,-4.581486E-4,3.054324E-4
758484657451730,-0.0010690134,0.0015271619,-4.581486E-4
758484679183345,4.581486E-4,-0.0012217296,3.054324E-4
758484700914960,6.108648E-4,3.054324E-4,1.527162E-4
758484722646574,-6.108648E-4,0.0015271619,3.054324E-4
758484744378189,-1.527162E-4,-0.0012217296,1.527162E-4
758484766109803,-7.6358096E-4,9.162972E-4,-1.527162E-4
758484787841418,4.581486E-4,7.6358096E-4,-1.527162E-4
758484809573033,6.108648E-4,-0.0016798781,1.527162E-4
758484831304647,-3.054324E-4,0.0016798781,1.527162E-4
758484853036262,1.527162E-4,-0.0015271619,6.108648E-4
758484874767928,9.162972E-4,-7.6358096E-4,1.527162E-4
758484896499543,-3.054324E-4,0.0016798781,-1.527162E-4
758484918231158,4.581486E-4,-0.0016798781,3.054324E-4
758484939962772,-3.054324E-4,4.581486E-4,-4.581486E-4
758484961694335,-1.527162E-4,9.162972E-4,1.527162E-4
758484983425949,6.108648E-4,-0.0016798781,1.527162E-4
758485005157616,-3.054324E-4,0.0012217296,3.054324E-4
758485026889230,-1.527162E-4,4.581486E-4,-1.527162E-4
758485048620845,4.581486E-4,-9.162972E-4,3.054324E-4
758485070352460,-6.108648E-4,9.162972E-4,-1.527162E-4
758485092084074,1.527162E-4,-7.6358096E-4,-1.527162E-4
758485113815689,1.527162E-4,4.581486E-4,3.054324E-4
758485135547303,1.527162E-4,7.6358096E-4,1.527162E-4
758485157278918,-3.054324E-4,-9.162972E-4,-1.527162E-4
758485179010533,1.527162E-4,9.162972E-4,3.054324E-4
758485200742147,-3.054324E-4,-0.0,6.108648E-4
758485222473762,4.581486E-4,-3.054324E-4,-1.527162E-4
758485244205376,-1.527162E-4,-0.0,6.108648E-4
758485265936991,-3.054324E-4,-3.054324E-4,1.527162E-4
758485287668605,4.581486E-4,3.054324E-4,1.527162E-4
758485309400220,-1.527162E-4,-0.0,6.108648E-4
758485331131835,1.527162E-4,-4.581486E-4,-1.527162E-4
758485352863449,-3.054324E-4,-3.054324E-4,1.527162E-4
758485374595064,-6.108648E-4,9.162972E-4,1.527162E-4
758485396326678,4.581486E-4,-3.054324E-4,3.054324E-4
758485418058293,-1.527162E-4,-0.0,3.054324E-4
758485439789908,-1.527162E-4,-0.0,6.108648E-4
758485461521522,1.527162E-4,-7.6358096E-4,6.108648E-4
758485483253137,-6.108648E-4,4.581486E-4,-1.527162E-4
758485504984751,4.581486E-4,-3.054324E-4,-1.527162E-4
758485526716366,0.0010690134,-0.0015271619,1.527162E-4
758485548447980,-0.0010690134,9.162972E-4,1.527162E-4
758485570179595,-1.527162E-4,-4.581486E-4,1.527162E-4
758485591911210,-1.527162E-4,-4.581486E-4,-1.527162E-4
758485613642824,-1.527162E-4,-3.054324E-4,3.054324E-4
758485635374439,6.108648E-4,3.054324E-4,-1.527162E-4
758485657106053,1.527162E-4,-0.0012217296,3.054324E-4
758485678837668,-3.054324E-4,-3.054324E-4,1.527162E-4
758485700569283,-1.527162E-4,-0.0,3.054324E-4
758485722300897,6.108648E-4,-0.0012217296,-1.527162E-4
758485744032512,-3.054324E-4,7.6358096E-4,-1.527162E-4
758485765764126,1.527162E-4,-0.0,1.527162E-4
758485787495741,4.581486E-4,-9.162972E-4,1.527162E-4
758485809227355,-6.108648E-4,0.0016798781,1.527162E-4
758485830958970,4.581486E-4,-7.6358096E-4,6.108648E-4
758485852690585,-6.108648E-4,9.162972E-4,6.108648E-4
758485874422199,-6.108648E-4,-7.6358096E-4,-1.527162E-4
758485896153814,6.108648E-4,-0.0,1.527162E-4
758485917885428,-6.108648E-4,3.054324E-4,-1.527162E-4
758485939617043,-3.054324E-4,-0.0,1.527162E-4
758485961348658,6.108648E-4,-7.6358096E-4,-1.527162E-4
758485983080272,1.527162E-4,4.581486E-4,1.527162E-4
758486004811887,-1.527162E-4,4.581486E-4,3.054324E-4
758486026543501,1.527162E-4,-4.581486E-4,6.108648E-4
758486048275116,-0.0010690134,4.581486E-4,-1.527162E-4
758486070006678,-0.0013744457,0.0021380268,3.054324E-4
758486091738293,-7.6358096E-4,3.054324E-4,1.527162E-4
758486113469908,-0.0010690134,0.0019853106,3.054324E-4
758486135201522,-0.0018325944,0.004581486,-1.527162E-4
758486156933137,9.162972E-4,-0.0029016077,3.054324E-4
758486178664751,-6.108648E-4,0.0029016077,-1.527162E-4
758486200396366,-0.0013744457,0.0029016077,1.527162E-4
758486222127980,9.162972E-4,-0.0024434591,6.108648E-4
758486243859595,-6.108648E-4,9.162972E-4,7.6358096E-4
758486265591210,-0.0010690134,0.0021380268,3.054324E-4
758486287322824,9.162972E-4,-0.0024434591,6.108648E-4
758486309054439,4.581486E-4,-3.054324E-4,6.108648E-4
758486330786053,-7.6358096E-4,0.0021380268,3.054324E-4
758486352517668,9.162972E-4,-0.0029016077,3.054324E-4
758486374249283,-6.108648E-4,7.6358096E-4,1.527162E-4
758486395980897,-7.6358096E-4,0.0015271619,1.527162E-4
758486417712512,9.162972E-4,-0.0021380268,-1.527162E-4
758486439444126,-6.108648E-4,0.0016798781,-4.581486E-4
758486461175741,6.108648E-4,4.581486E-4,-4.581486E-4
758486482907355,9.162972E-4,-0.0015271619,6.108648E-4
758486504638970,-3.054324E-4,-0.0,3.054324E-4
758486526370585,0.0013744457,-0.0024434591,-4.581486E-4
758486548102147,9.162972E-4,-0.0024434591,-1.527162E-4
758486569833762,-3.054324E-4,0.0015271619,-1.527162E-4
758486591565376,4.581486E-4,-0.0016798781,1.527162E-4
758486613296991,4.581486E-4,-4.581486E-4,3.054324E-4
758486635028605,-7.6358096E-4,0.0019853106,-1.527162E-4
758486656760220,4.581486E-4,-7.6358096E-4,1.527162E-4
758486678491835,4.581486E-4,-4.581486E-4,1.527162E-4
758486700223449,-1.527162E-4,4.581486E-4,1.527162E-4
758486721955064,1.527162E-4,-7.6358096E-4,6.108648E-4
758486743686678,4.581486E-4,-3.054324E-4,1.527162E-4
758486765418293,-1.527162E-4,3.054324E-4,1.527162E-4
758486787149908,1.527162E-4,-7.6358096E-4,7.6358096E-4
758486808881522,1.527162E-4,3.054324E-4,3.054324E-4
758486830613137,-1.527162E-4,-7.6358096E-4,6.108648E-4
758486852344699,0.0016798781,-0.0021380268,1.527162E-4
758486874076314,-6.108648E-4,0.0019853106,1.527162E-4
758486895807928,0.0010690134,-0.0015271619,-1.527162E-4
758486917539543,0.0010690134,-0.0012217296,1.527162E-4
758486939271158,-3.054324E-4,0.0015271619,-1.527162E-4
758486961002772,9.162972E-4,-9.162972E-4,6.108648E-4
758486982734387,6.108648E-4,9.162972E-4,3.054324E-4
758487004466001,1.527162E-4,4.581486E-4,-1.527162E-4
758487026197616,9.162972E-4,-9.162972E-4,-4.581486E-4
758487047929230,-3.054324E-4,3.054324E-4,-1.527162E-4
758487069660845,-1.527162E-4,-9.162972E-4,1.527162E-4
758487091392408,1.527162E-4,-4.581486E-4,1.527162E-4
758487113124022,-6.108648E-4,0.0016798781,1.527162E-4
758487134855637,-1.527162E-4,3.054324E-4,3.054324E-4
758487156587251,-1.527162E-4,-4.581486E-4,-1.527162E-4
758487178318866,-3.054324E-4,4.581486E-4,-4.581486E-4
758487200050480,-1.527162E-4,-7.6358096E-4,3.054324E-4
758487221782095,4.581486E-4,-7.6358096E-4,1.527162E-4
758487243513710,-1.527162E-4,7.6358096E-4,-4.581486E-4
758487265245324,-1.527162E-4,-3.054324E-4,1.527162E-4
758487286976939,1.527162E-4,-3.054324E-4,3.054324E-4
758487308708553,-3.054324E-4,0.0016798781,-4.581486E-4
758487330440116,6.108648E-4,-9.162972E-4,6.108648E-4
758487352171730,-7.6358096E-4,4.581486E-4,1.527162E-4
758487373903345,-3.054324E-4,9.162972E-4,-1.527162E-4
758487395634960,1.527162E-4,-0.0015271619,-1.527162E-4
758487417366574,4.581486E-4,-0.0,6.108648E-4
758487439098189,1.527162E-4,-7.6358096E-4,-1.527162E-4
758487460829803,-1.527162E-4,-4.581486E-4,6.108648E-4
758487482561418,-3.054324E-4,7.6358096E-4,6.108648E-4
758487504293033,1.527162E-4,-3.054324E-4,-1.527162E-4
758487526024595,-3.054324E-4,7.6358096E-4,-4.581486E-4
758487547756210,4.581486E-4,4.581486E-4,1.527162E-4
758487569487824,-7.6358096E-4,-7.6358096E-4,3.054324E-4
758487591219439,-3.054324E-4,9.162972E-4,-1.527162E-4
758487612951053,4.581486E-4,-7.6358096E-4,3.054324E-4
758487634682668,-3.054324E-4,-3.054324E-4,1.527162E-4
758487656414283,1.527162E-4,4.581486E-4,7.6358096E-4
758487678145897,9.162972E-4,-7.6358096E-4,3.054324E-4
758487699877512,-1.527162E-4,7.6358096E-4,-1.527162E-4
758487721609074,6.108648E-4,-3.054324E-4,3.054324E-4
758487743340689,1.527162E-4,-9.162972E-4,3.054324E-4
758487765072303,-7.6358096E-4,0.0021380268,3.054324E-4
758487786803918,9.162972E-4,-4.581486E-4,-1.527162E-4
758487808535533,1.527162E-4,-0.0,1.527162E-4
758487830267147,-3.054324E-4,9.162972E-4,-1.527162E-4
758487851998710,9.162972E-4,-0.0012217296,6.108648E-4
758487873730324,6.108648E-4,3.054324E-4,-4.581486E-4
758487895461939,-3.054324E-4,3.054324E-4,-4.581486E-4
758487917193553,-1.527162E-4,-9.162972E-4,1.527162E-4
758487938925168,-3.054324E-4,-0.0,1.527162E-4
758487960656783,-6.108648E-4,7.6358096E-4,-4.581486E-4
758487982388397,1.527162E-4,-4.581486E-4,6.108648E-4
758488004120012,-6.108648E-4,-0.0,1.527162E-4
758488025851574,1.527162E-4,-3.054324E-4,3.054324E-4
758488047583189,4.581486E-4,-9.162972E-4,1.527162E-4
758488069314803,-3.054324E-4,-0.0,-1.527162E-4
758488091046418,1.527162E-4,-3.054324E-4,-1.527162E-4
758488112778033,4.581486E-4,-4.581486E-4,-1.527162E-4
758488134509647,-1.527162E-4,3.054324E-4,1.527162E-4
758488156241262,4.581486E-4,-3.054324E-4,1.527162E-4
758488177972876,-1.527162E-4,-0.0,-1.527162E-4
758488199704491,4.581486E-4,-3.054324E-4,1.527162E-4
758488221436053,6.108648E-4,3.054324E-4,-1.527162E-4
758488243167668,-1.527162E-4,-3.054324E-4,3.054324E-4
758488264899283,1.527162E-4,-0.0,1.527162E-4
758488286630897,-1.527162E-4,-0.0,3.054324E-4
758488308362512,-1.527162E-4,-7.6358096E-4,-4.581486E-4
758488330094126,-6.108648E-4,3.054324E-4,3.054324E-4
758488351825741,-3.054324E-4,-0.0,1.527162E-4
758488373557355,-1.527162E-4,-7.6358096E-4,1.527162E-4
758488395288970,-1.527162E-4,7.6358096E-4,-4.581486E-4
758488417020585,4.581486E-4,-7.6358096E-4,1.527162E-4
758488438752147,1.527162E-4,-0.0,3.054324E-4
758488460483762,-3.054324E-4,9.162972E-4,-4.581486E-4
758488482215376,1.527162E-4,-0.0015271619,1.527162E-4
758488503946991,-6.108648E-4,4.581486E-4,3.054324E-4
758488525678605,-6.108648E-4,3.054324E-4,3.054324E-4
758488547410220,4.581486E-4,-9.162972E-4,3.054324E-4
758488569141835,-1.527162E-4,7.6358096E-4,3.054324E-4
758488590873449,6.108648E-4,3.054324E-4,-1.527162E-4
758488612605064,1.527162E-4,-7.6358096E-4,1.527162E-4
758488634336678,-3.054324E-4,3.054324E-4,1.527162E-4
758488656068293,-1.527162E-4,-0.0,-1.527162E-4
758488677799908,4.581486E-4,-7.6358096E-4,1.527162E-4
758488699531522,-1.527162E-4,-0.0,3.054324E-4
758488721263137,4.581486E-4,-0.0015271619,1.527162E-4
758488742994751,4.581486E-4,3.054324E-4,3.054324E-4
758488764726366,-3.054324E-4,4.581486E-4,3.054324E-4
758488786457980,1.527162E-4,-0.0012217296,-1.527162E-4
758488808189595,-6.108648E-4,4.581486E-4,1.527162E-4
758488829921210,1.527162E-4,4.581486E-4,-1.527162E-4
758488851652824,4.581486E-4,-0.0012217296,-1.527162E-4
758488873384439,-6.108648E-4,0.0012217296,1.527162E-4
758488895116053,4.581486E-4,-4.581486E-4,1.527162E-4
758488916847668,1.527162E-4,-4.581486E-4,1.527162E-4
758488938579283,-1.527162E-4,0.0015271619,-1.527162E-4
758488960310897,4.581486E-4,-4.581486E-4,-4.581486E-4
758488982042512,-6.108648E-4,-0.0,3.054324E-4
758489003774126,-7.6358096E-4,0.0015271619,-1.527162E-4
758489025505741,4.581486E-4,-0.0015271619,-1.527162E-4
758489047237355,-1.527162E-4,-0.0,1.527162E-4
758489068968970,-3.054324E-4,0.0015271619,-1.527162E-4
758489090700585,0.0013744457,-0.0024434591,3.054324E-4
758489112432199,-7.6358096E-4,0.0024434591,-1.527162E-4
758489134163814,6.108648E-4,-3.054324E-4,-1.527162E-4
758489155895428,0.0013744457,-0.0012217296,3.054324E-4
758489177627043,-0.0010690134,0.0024434591,1.527162E-4
758489199358658,6.108648E-4,-9.162972E-4,-1.527162E-4
758489221090272,-1.527162E-4,-0.0,3.054324E-4
758489242821887,-6.108648E-4,0.0016798781,1.527162E-4
758489264553501,-3.054324E-4,4.581486E-4,-4.581486E-4
758489286285116,-1.527162E-4,-0.0,-4.581486E-4
758489308016730,-0.0010690134,0.0021380268,-4.581486E-4
758489329748345,-1.527162E-4,3.054324E-4,6.108648E-4
758489351479960,-1.527162E-4,-4.581486E-4,1.527162E-4
758489373211574,-0.0013744457,0.0016798781,3.054324E-4
758489394943189,1.527162E-4,-0.0012217296,6.108648E-4
758489416674803,-7.6358096E-4,0.0012217296,-1.527162E-4
758489438406418,-3.054324E-4,-4.581486E-4,3.054324E-4
758489460138033,-3.054324E-4,4.581486E-4,-1.527162E-4
758489481869647,-1.527162E-4,-4.581486E-4,1.527162E-4
758489503601262,6.108648E-4,-3.054324E-4,1.527162E-4
758489525332876,1.527162E-4,-4.581486E-4,1.527162E-4
758489547064491,1.527162E-4,-0.0,-4.581486E-4
758489568796105,-1.527162E-4,-7.6358096E-4,6.108648E-4
758489590527720,-6.108648E-4,-0.0,-4.581486E-4
758489612259335,4.581486E-4,9.162972E-4,1.527162E-4
758489633990949,4.581486E-4,-7.6358096E-4,6.108648E-4
758489655722564,-6.108648E-4,0.0012217296,1.527162E-4
758489677454178,4.581486E-4,-4.581486E-4,-1.527162E-4
758489699185793,0.0016798781,-0.00320704,3.054324E-4
758489720917408,0.0013744457,-0.004123337,7.6358096E-4
758489742649022,-0.0018325944,0.0029016077,1.527162E-4
758489764380637,-3.054324E-4,7.6358096E-4,3.054324E-4
758489786112251,0.0010690134,-0.0029016077,6.108648E-4
758489807843918,-0.0013744457,0.0024434591,1.527162E-4
758489829575480,0.0010690134,-0.0016798781,6.108648E-4
758489851307095,9.162972E-4,-0.0024434591,3.054324E-4
758489873038710,-0.0015271619,0.0027488915,-4.581486E-4
758489894770376,6.108648E-4,-9.162972E-4,3.054324E-4
758489916501939,6.108648E-4,-0.0027488915,1.527162E-4
758489938233553,6.108648E-4,-0.0033597562,6.108648E-4
758489959965220,0.0018325944,-0.0033597562,3.054324E-4
758489981696835,6.108648E-4,-0.0029016077,6.108648E-4
758490003428449,-0.003817905,0.00641408,1.527162E-4
758490025160064,6.108648E-4,-9.162972E-4,-1.527162E-4
758490046891678,0.0025961753,-0.0058032153,6.108648E-4
758490068623293,-0.0019853106,0.004123337,1.527162E-4
758490090354908,9.162972E-4,-3.054324E-4,6.108648E-4
758490112086522,9.162972E-4,-0.0024434591,3.054324E-4
758490133818137,-6.108648E-4,4.581486E-4,3.054324E-4
758490155549751,-7.6358096E-4,0.0019853106,1.527162E-4
758490177281366,0.0010690134,-0.0019853106,3.054324E-4
758490199012980,1.527162E-4,-0.0012217296,6.108648E-4
758490220744595,-6.108648E-4,0.0027488915,3.054324E-4
758490242476262,9.162972E-4,-0.0029016077,6.108648E-4
758490264207876,-0.0010690134,7.6358096E-4,6.108648E-4
758490285939491,-1.527162E-4,-3.054324E-4,1.527162E-4
758490307671105,1.527162E-4,-0.0012217296,3.054324E-4
758490329402720,-3.054324E-4,0.0012217296,-1.527162E-4
758490351134335,-1.527162E-4,-3.054324E-4,-1.527162E-4
758490372865949,1.527162E-4,-7.6358096E-4,6.108648E-4
758490394597616,-1.527162E-4,0.0012217296,3.054324E-4
758490416329230,4.581486E-4,-0.0019853106,6.108648E-4
758490438060845,-1.527162E-4,3.054324E-4,3.054324E-4
758490459792460,-7.6358096E-4,0.0015271619,-1.527162E-4
758490481524074,6.108648E-4,-9.162972E-4,1.527162E-4
758490503255689,-7.6358096E-4,-4.581486E-4,6.108648E-4
758490524987355,-3.054324E-4,9.162972E-4,6.108648E-4
758490546718970,9.162972E-4,-0.0029016077,6.108648E-4
758490568450585,-0.0015271619,0.0019853106,-1.527162E-4
758490590182199,-1.527162E-4,-9.162972E-4,1.527162E-4
758490611913814,1.527162E-4,-3.054324E-4,1.527162E-4
758490633645480,-6.108648E-4,0.0015271619,-1.527162E-4
758490655377095,4.581486E-4,-7.6358096E-4,6.108648E-4
758490677108710,1.527162E-4,-0.0,1.527162E-4
758490698840324,4.581486E-4,9.162972E-4,1.527162E-4
758490720571939,9.162972E-4,-3.054324E-4,-1.527162E-4
758490742303605,-1.527162E-4,-7.6358096E-4,-4.581486E-4
758490764035220,1.527162E-4,0.0015271619,1.527162E-4
758490785766835,4.581486E-4,-3.054324E-4,-4.581486E-4
758490807498449,-3.054324E-4,9.162972E-4,1.527162E-4
758490829230064,0.0016798781,-7.6358096E-4,1.527162E-4
758490850961678,-3.054324E-4,-0.0,6.108648E-4
758490872693345,4.581486E-4,3.054324E-4,1.527162E-4
758490894424960,1.527162E-4,-7.6358096E-4,-1.527162E-4
758490916156574,-7.6358096E-4,9.162972E-4,1.527162E-4
758490937888189,1.527162E-4,-4.581486E-4,-1.527162E-4
758490959619855,4.581486E-4,-0.0,3.054324E-4
758490981351470,4.581486E-4,-0.0,1.527162E-4
758491003083085,-7.6358096E-4,0.0012217296,1.527162E-4
758491024814699,6.108648E-4,-7.6358096E-4,1.527162E-4
758491046546314,-7.6358096E-4,-3.054324E-4,1.527162E-4
758491068277928,1.527162E-4,9.162972E-4,-1.527162E-4
758491090009595,6.108648E-4,-0.0027488915,-1.527162E-4
758491111741210,-1.527162E-4,9.162972E-4,3.054324E-4
758491133472824,-0.0010690134,0.0019853106,6.108648E-4
758491155204439,4.581486E-4,-0.0027488915,-1.527162E-4
758491176936105,-1.527162E-4,9.162972E-4,1.527162E-4
758491198667720,-6.108648E-4,7.6358096E-4,1.527162E-4
758491220399335,9.162972E-4,-0.0027488915,6.108648E-4
758491242130949,-3.054324E-4,0.0024434591,1.527162E-4
758491263862564,4.581486E-4,7.6358096E-4,-1.527162E-4
758491285594230,1.527162E-4,-0.0019853106,1.527162E-4
758491307325845,-6.108648E-4,9.162972E-4,-1.527162E-4
758491329057460,1.527162E-4,-7.6358096E-4,6.108648E-4
758491350789126,-1.527162E-4,-3.054324E-4,1.527162E-4
758491372520741,-1.527162E-4,-3.054324E-4,-1.527162E-4
758491394252355,-1.527162E-4,3.054324E-4,6.108648E-4
758491415983970,6.108648E-4,-0.0,-1.527162E-4
758491437715585,4.581486E-4,-4.581486E-4,6.108648E-4
758491459447199,-1.527162E-4,-4.581486E-4,3.054324E-4
758491481178866,1.527162E-4,4.581486E-4,1.527162E-4
758491502910480,9.162972E-4,-4.581486E-4,6.108648E-4
758491524642095,-3.054324E-4,4.581486E-4,3.054324E-4
758491546373710,1.527162E-4,-9.162972E-4,6.108648E-4
758491568105324,-1.527162E-4,-3.054324E-4,-1.527162E-4
758491589836991,-3.054324E-4,0.0019853106,-1.527162E-4
758491611568605,-1.527162E-4,-3.054324E-4,1.527162E-4
758491633300220,-1.527162E-4,-0.0012217296,-1.527162E-4
758491655031835,-3.054324E-4,0.0012217296,1.527162E-4
758491676763449,-1.527162E-4,-4.581486E-4,1.527162E-4
758491698495116,6.108648E-4,-0.0015271619,1.527162E-4
758491720226730,-7.6358096E-4,0.0016798781,1.527162E-4
758491741958345,1.527162E-4,-0.0,1.527162E-4
758491763689960,-1.527162E-4,3.054324E-4,3.054324E-4
758491785421574,-6.108648E-4,-0.0,1.527162E-4
758491807153241,-1.527162E-4,-4.581486E-4,1.527162E-4
758491828884855,-6.108648E-4,3.054324E-4,6.108648E-4
758491850616470,1.527162E-4,-7.6358096E-4,3.054324E-4
758491872348137,-1.527162E-4,3.054324E-4,3.054324E-4
758491894079751,4.581486E-4,-3.054324E-4,-1.527162E-4
758491915811366,6.108648E-4,-0.0016798781,6.108648E-4
758491937542980,-7.6358096E-4,0.0019853106,-4.581486E-4
758491959274595,1.527162E-4,-3.054324E-4,3.054324E-4
758491981006262,6.108648E-4,-0.0016798781,3.054324E-4
758492002737876,-0.0013744457,0.0027488915,-1.527162E-4
758492024469491,4.581486E-4,-0.0012217296,1.527162E-4
758492046201105,9.162972E-4,-0.0015271619,1.527162E-4
758492067932720,-7.6358096E-4,0.0029016077,-4.581486E-4
758492089664387,0.0013744457,-0.00320704,7.6358096E-4
758492111396001,-6.108648E-4,7.6358096E-4,1.527162E-4
758492133127616,-3.054324E-4,0.0015271619,1.527162E-4
758492154859230,9.162972E-4,-0.0015271619,3.054324E-4
758492176590897,-6.108648E-4,3.054324E-4,7.6358096E-4
758492198322512,-1.527162E-4,7.6358096E-4,3.054324E-4
758492220054126,-1.527162E-4,-0.0021380268,1.527162E-4
758492241785741,-3.054324E-4,0.0012217296,3.054324E-4
758492263517408,6.108648E-4,0.0012217296,-4.581486E-4
758492285249022,-1.527162E-4,-0.0015271619,-1.527162E-4
758492306980637,-3.054324E-4,0.0012217296,3.054324E-4
758492328712251,6.108648E-4,-4.581486E-4,3.054324E-4
758492350443918,1.527162E-4,-0.0,1.527162E-4
758492372175533,-3.054324E-4,9.162972E-4,1.527162E-4
758492393907147,9.162972E-4,-0.0015271619,3.054324E-4
758492415638762,-6.108648E-4,0.0016798781,3.054324E-4
758492437370376,1.527162E-4,-3.054324E-4,3.054324E-4
758492459101991,-6.108648E-4,-4.581486E-4,3.054324E-4
758492480833658,-3.054324E-4,0.0016798781,-1.527162E-4
758492502565272,0.0010690134,-0.0027488915,1.527162E-4
758492524296887,1.527162E-4,3.054324E-4,1.527162E-4
758492546028501,-1.527162E-4,0.0019853106,-4.581486E-4
758492567760168,9.162972E-4,-0.0015271619,1.527162E-4
758492589491783,1.527162E-4,3.054324E-4,3.054324E-4
758492611223397,1.527162E-4,0.0016798781,1.527162E-4
758492632955012,0.0010690134,-0.0019853106,3.054324E-4
758492654686678,4.581486E-4,-0.0,7.6358096E-4
758492676418293,-7.6358096E-4,0.0019853106,6.108648E-4
758492698149908,9.162972E-4,-0.0024434591,1.527162E-4
758492719881522,-3.054324E-4,-0.0,1.527162E-4
758492741613137,-3.054324E-4,9.162972E-4,-4.581486E-4
758492763344803,0.0010690134,-0.0027488915,6.108648E-4
758492785076418,-6.108648E-4,4.581486E-4,-4.581486E-4
758492806808033,-6.108648E-4,0.0015271619,-1.527162E-4
758492828539647,9.162972E-4,-0.0019853106,3.054324E-4
758492850271314,1.527162E-4,0.0012217296,3.054324E-4
758492872002928,-1.527162E-4,-9.162972E-4,1.527162E-4
758492893734543,-1.527162E-4,7.6358096E-4,1.527162E-4
758492915466158,-3.054324E-4,-0.0,-1.527162E-4
758492937197772,4.581486E-4,-0.0012217296,3.054324E-4
758492958929439,-7.6358096E-4,9.162972E-4,3.054324E-4
758492980661053,-1.527162E-4,-3.054324E-4,3.054324E-4
758493002392668,-1.527162E-4,-4.581486E-4,1.527162E-4
758493024124283,4.581486E-4,3.054324E-4,3.054324E-4
758493045855949,-7.6358096E-4,0.0012217296,3.054324E-4
758493067587564,4.581486E-4,-0.0016798781,3.054324E-4
758493089319178,1.527162E-4,3.054324E-4,1.527162E-4
758493111050793,-0.0013744457,0.0019853106,3.054324E-4
758493132782460,9.162972E-4,-0.0015271619,3.054324E-4
758493154514074,4.581486E-4,-4.581486E-4,1.527162E-4
758493176245689,-3.054324E-4,7.6358096E-4,-4.581486E-4
758493197977303,9.162972E-4,-0.0012217296,-1.527162E-4
758493219708918,1.527162E-4,0.0015271619,1.527162E-4
758493241440585,-7.6358096E-4,-0.0,3.054324E-4
758493263172199,1.527162E-4,-0.0012217296,6.108648E-4
758493284903814,1.527162E-4,9.162972E-4,1.527162E-4
758493306635428,1.527162E-4,-3.054324E-4,-1.527162E-4
758493328367095,1.527162E-4,-7.6358096E-4,-4.581486E-4
758493350098710,-6.108648E-4,4.581486E-4,1.527162E-4
758493371830324,9.162972E-4,-4.581486E-4,1.527162E-4
758493393561939,4.581486E-4,-9.162972E-4,6.108648E-4
758493415293605,1.527162E-4,-0.0,1.527162E-4
758493437025220,6.108648E-4,3.054324E-4,3.054324E-4
758493458756835,-3.054324E-4,-3.054324E-4,-1.527162E-4
758493480488449,4.581486E-4,-0.0,3.054324E-4
758493502220064,4.581486E-4,-3.054324E-4,1.527162E-4
758493523951730,-3.054324E-4,4.581486E-4,1.527162E-4
758493545683345,9.162972E-4,-0.0019853106,-1.527162E-4
758493567414960,-3.054324E-4,0.0021380268,1.527162E-4
758493589146574,-7.6358096E-4,3.054324E-4,7.6358096E-4
758493610878241,0.0010690134,-0.0021380268,1.527162E-4
758493632609855,-7.6358096E-4,0.0012217296,3.054324E-4
758493654341470,-3.054324E-4,7.6358096E-4,3.054324E-4
758493676073085,6.108648E-4,-3.054324E-4,1.527162E-4
758493697804699,-1.527162E-4,3.054324E-4,1.527162E-4
758493719536314,-3.054324E-4,3.054324E-4,-1.527162E-4
758493741267980,9.162972E-4,-9.162972E-4,1.527162E-4
758493762999595,-3.054324E-4,0.0015271619,-1.527162E-4
758493784731210,-1.527162E-4,3.054324E-4,-1.527162E-4
758493806462876,1.527162E-4,-4.581486E-4,3.054324E-4
758493828194491,-3.054324E-4,-0.0,-1.527162E-4
758493849926105,6.108648E-4,-0.0021380268,1.527162E-4
758493871657720,-0.0010690134,0.0021380268,-1.527162E-4
758493893389335,9.162972E-4,4.581486E-4,3.054324E-4
758493915120949,-1.527162E-4,-0.0029016077,3.054324E-4
758493936852616,-7.6358096E-4,0.0029016077,-4.581486E-4
758493958584230,6.108648E-4,-0.0012217296,3.054324E-4
758493980315845,-1.527162E-4,-0.0015271619,3.054324E-4
758494002047460,-0.0010690134,0.0029016077,3.054324E-4
758494023779126,9.162972E-4,-0.0016798781,1.527162E-4
758494045510741,1.527162E-4,-0.0021380268,6.108648E-4
758494067242355,-0.0013744457,0.0036651888,1.527162E-4
758494088973970,9.162972E-4,-0.0024434591,3.054324E-4
758494110705585,6.108648E-4,-7.6358096E-4,6.108648E-4
758494132437251,-0.0010690134,0.0024434591,1.527162E-4
758494154168866,0.0010690134,-0.0024434591,1.527162E-4
758494175900480,-3.054324E-4,7.6358096E-4,3.054324E-4
758494197632095,-1.527162E-4,0.0012217296,1.527162E-4
758494219363762,9.162972E-4,-0.0016798781,6.108648E-4
758494241095376,4.581486E-4,-0.0015271619,3.054324E-4
758494262826991,-1.527162E-4,4.581486E-4,3.054324E-4
758494284558605,-1.527162E-4,9.162972E-4,1.527162E-4
758494306290220,0.0010690134,-4.581486E-4,3.054324E-4
758494328021887,-1.527162E-4,3.054324E-4,1.527162E-4
758494349753501,-1.527162E-4,0.0015271619,1.527162E-4
758494371485116,6.108648E-4,-9.162972E-4,-1.527162E-4
758494393216730,-1.527162E-4,-0.0,-1.527162E-4
758494414948345,1.527162E-4,-0.0,3.054324E-4
758494436679960,-3.054324E-4,4.581486E-4,-1.527162E-4
758494458411626,-7.6358096E-4,0.0019853106,1.527162E-4
758494480143241,-3.054324E-4,-3.054324E-4,-1.527162E-4
758494501874855,-1.527162E-4,-4.581486E-4,-1.527162E-4
758494523606470,-7.6358096E-4,0.0033597562,1.527162E-4
758494545338137,-7.6358096E-4,0.0027488915,1.527162E-4
758494567069751,-7.6358096E-4,9.162972E-4,3.054324E-4
758494588801366,1.527162E-4,-3.054324E-4,-4.581486E-4
758494610532980,1.527162E-4,-4.581486E-4,6.108648E-4
758494632264595,-7.6358096E-4,0.0015271619,3.054324E-4
758494653996210,1.527162E-4,-0.0,-1.527162E-4
758494675727876,6.108648E-4,-0.0012217296,1.527162E-4
758494697459491,-3.054324E-4,0.0021380268,1.527162E-4
758494719191105,1.527162E-4,3.054324E-4,6.108648E-4
758494740922720,6.108648E-4,-4.581486E-4,6.108648E-4
758494762654335,-1.527162E-4,7.6358096E-4,-1.527162E-4
758494784385949,9.162972E-4,-7.6358096E-4,3.054324E-4
758494806117616,-1.527162E-4,3.054324E-4,1.527162E-4
758494827849230,-1.527162E-4,3.054324E-4,-1.527162E-4
758494849580845,4.581486E-4,-7.6358096E-4,3.054324E-4
758494871312460,-1.527162E-4,3.054324E-4,3.054324E-4
758494893044074,-1.527162E-4,-0.0,1.527162E-4
758494914775741,1.527162E-4,-0.0,3.054324E-4
758494936507355,1.527162E-4,-0.0,-1.527162E-4
758494958238970,-1.527162E-4,-4.581486E-4,6.108648E-4
758494979970585,-1.527162E-4,-3.054324E-4,3.054324E-4
758495001702199,1.527162E-4,4.581486E-4,1.527162E-4
758495023433814,6.108648E-4,-7.6358096E-4,1.527162E-4
758495045165480,9.162972E-4,-4.581486E-4,-1.527162E-4
758495066897095,6.108648E-4,-9.162972E-4,1.527162E-4
758495088628710,0.0018325944,-0.0029016077,6.108648E-4
758495110360324,-0.0013744457,0.00320704,1.527162E-4
758495132091939,9.162972E-4,-0.0016798781,1.527162E-4
758495153823553,9.162972E-4,-0.0019853106,1.527162E-4
758495175555220,-7.6358096E-4,0.0021380268,-1.527162E-4
758495197286835,4.581486E-4,-0.0016798781,6.108648E-4
758495219018449,4.581486E-4,-0.0019853106,3.054324E-4
758495240750064,-6.108648E-4,0.0024434591,-1.527162E-4
758495262481678,-3.054324E-4,0.0016798781,6.108648E-4
758495284213293,6.108648E-4,-0.0019853106,6.108648E-4
758495305944960,4.581486E-4,3.054324E-4,-1.527162E-4
758495327676574,1.527162E-4,0.0012217296,3.054324E-4
758495349408189,1.527162E-4,-0.0015271619,3.054324E-4
758495371139803,-6.108648E-4,0.0021380268,3.054324E-4
758495392871418,6.108648E-4,-3.054324E-4,1.527162E-4
758495414603085,4.581486E-4,-0.0015271619,-1.527162E-4
758495436334699,-7.6358096E-4,0.0015271619,1.527162E-4
758495458066314,1.527162E-4,-9.162972E-4,-1.527162E-4
758495479797928,-1.527162E-4,-4.581486E-4,3.054324E-4
758495501529543,-6.108648E-4,9.162972E-4,-1.527162E-4
758495523261158,4.581486E-4,-9.162972E-4,1.527162E-4
758495544992824,1.527162E-4,-3.054324E-4,3.054324E-4
758495566724439,-1.527162E-4,0.0012217296,-4.581486E-4
758495588456053,4.581486E-4,-9.162972E-4,3.054324E-4
758495610187668,6.108648E-4,-7.6358096E-4,1.527162E-4
758495631919283,-0.0010690134,0.0021380268,-1.527162E-4
758495653650897,6.108648E-4,-0.0012217296,6.108648E-4
758495675382512,1.527162E-4,-0.0015271619,3.054324E-4
758495697114178,-6.108648E-4,0.0027488915,3.054324E-4
758495718845793,6.108648E-4,-0.0019853106,6.108648E-4
758495740577408,1.527162E-4,-0.0,1.527162E-4
758495762309022,-7.6358096E-4,0.0012217296,-1.527162E-4
758495784040637,6.108648E-4,-0.0016798781,3.054324E-4
758495805772251,-0.0010690134,9.162972E-4,1.527162E-4
758495827503866,-3.054324E-4,-0.0,1.527162E-4
758495849235533,9.162972E-4,-0.0012217296,3.054324E-4
758495870967147,-1.527162E-4,0.0012217296,1.527162E-4
758495892698762,6.108648E-4,3.054324E-4,1.527162E-4
758495914430376,6.108648E-4,-0.0012217296,-1.527162E-4
758495936161991,-1.527162E-4,0.0012217296,3.054324E-4
758495957893605,6.108648E-4,-7.6358096E-4,1.527162E-4
758495979625220,4.581486E-4,-0.0,3.054324E-4
758496001356887,-6.108648E-4,7.6358096E-4,-1.527162E-4
758496023088501,4.581486E-4,-0.0015271619,3.054324E-4
758496044820116,-7.6358096E-4,9.162972E-4,1.527162E-4
758496066551730,-6.108648E-4,4.581486E-4,1.527162E-4
758496088283345,9.162972E-4,-0.0016798781,1.527162E-4
758496110014960,1.527162E-4,0.0019853106,6.108648E-4
758496131746574,6.108648E-4,-4.581486E-4,3.054324E-4
758496153478241,1.527162E-4,-4.581486E-4,1.527162E-4
758496175209855,1.527162E-4,-0.0,1.527162E-4
758496196941470,4.581486E-4,-4.581486E-4,-4.581486E-4
758496218673085,-6.108648E-4,-4.581486E-4,6.108648E-4
758496240404699,6.108648E-4,-0.0012217296,-1.527162E-4
758496262136314,-3.054324E-4,3.054324E-4,1.527162E-4
758496283867928,-3.054324E-4,-4.581486E-4,6.108648E-4
758496305599543,-1.527162E-4,-9.162972E-4,3.054324E-4
758496327331210,-1.527162E-4,0.0015271619,3.054324E-4
758496349062824,-1.527162E-4,-3.054324E-4,1.527162E-4
758496370794439,1.527162E-4,-9.162972E-4,3.054324E-4
758496392526053,-3.054324E-4,-0.0,1.527162E-4
758496414257668,-1.527162E-4,3.054324E-4,1.527162E-4
758496435989283,4.581486E-4,-0.0016798781,3.054324E-4
758496457720897,-1.527162E-4,9.162972E-4,3.054324E-4
758496479452512,1.527162E-4,7.6358096E-4,3.054324E-4
758496501184178,4.581486E-4,-3.054324E-4,3.054324E-4
758496522915741,-6.108648E-4,4.581486E-4,-1.527162E-4
758496544647408,4.581486E-4,-3.054324E-4,7.6358096E-4
758496566379022,-1.527162E-4,4.581486E-4,1.527162E-4
758496588110637,-3.054324E-4,0.0012217296,-1.527162E-4
758496609842251,-6.108648E-4,7.6358096E-4,-1.527162E-4
758496631573866,4.581486E-4,3.054324E-4,3.054324E-4
758496653305480,-3.054324E-4,7.6358096E-4,3.054324E-4
758496675037095,-7.6358096E-4,3.054324E-4,3.054324E-4
758496696768710,1.527162E-4,-0.0,1.527162E-4
758496718500376,-3.054324E-4,4.581486E-4,-1.527162E-4
758496740231991,6.108648E-4,-0.0015271619,3.054324E-4
758496761963605,-3.054324E-4,4.581486E-4,-4.581486E-4
758496783695220,-6.108648E-4,3.054324E-4,6.108648E-4
758496805426835,1.527162E-4,-7.6358096E-4,3.054324E-4
758496827158449,-3.054324E-4,3.054324E-4,1.527162E-4
758496848890064,-1.527162E-4,3.054324E-4,-1.527162E-4
758496870621678,-1.527162E-4,-0.0,3.054324E-4
758496892353293,-3.054324E-4,-7.6358096E-4,6.108648E-4
758496914084960,-6.108648E-4,3.054324E-4,7.6358096E-4
758496935816522,1.527162E-4,-7.6358096E-4,3.054324E-4
758496957548137,4.581486E-4,-4.581486E-4,3.054324E-4
758496979279803,-7.6358096E-4,0.0019853106,3.054324E-4
758497001011418,4.581486E-4,-7.6358096E-4,3.054324E-4
758497022743033,1.527162E-4,3.054324E-4,3.054324E-4
758497044474647,-6.108648E-4,0.0021380268,-1.527162E-4
758497066206262,0.0010690134,-0.0019853106,1.527162E-4
758497087937876,-6.108648E-4,3.054324E-4,-1.527162E-4
758497109669491,-6.108648E-4,0.0016798781,-1.527162E-4
758497131401105,0.0010690134,-0.0021380268,1.527162E-4
758497153132772,4.581486E-4,-0.0,1.527162E-4
758497174864387,1.527162E-4,7.6358096E-4,6.108648E-4
758497196596001,-1.527162E-4,-0.0015271619,1.527162E-4
758497218327616,-7.6358096E-4,0.0019853106,-4.581486E-4
758497240059230,4.581486E-4,-9.162972E-4,1.527162E-4
758497261790845,6.108648E-4,-7.6358096E-4,1.527162E-4
758497283522460,-1.527162E-4,0.0015271619,1.527162E-4
758497305254074,4.581486E-4,-0.0015271619,3.054324E-4
758497326985689,-6.108648E-4,3.054324E-4,-1.527162E-4
758497348717303,1.527162E-4,-3.054324E-4,1.527162E-4
758497370448918,-1.527162E-4,-0.0012217296,1.527162E-4
758497392180585,4.581486E-4,3.054324E-4,-1.527162E-4
758497413912199,-3.054324E-4,-0.0,1.527162E-4
758497435643814,9.162972E-4,-9.162972E-4,6.108648E-4
758497457375428,-3.054324E-4,3.054324E-4,-4.581486E-4
758497479107043,-3.054324E-4,4.581486E-4,3.054324E-4
758497500838658,6.108648E-4,-9.162972E-4,-1.527162E-4
758497522570272,-3.054324E-4,7.6358096E-4,3.054324E-4
758497544301887,-1.527162E-4,-4.581486E-4,1.527162E-4
758497566033501,1.527162E-4,-3.054324E-4,6.108648E-4
758497587765116,-3.054324E-4,0.0012217296,6.108648E-4
758497609496730,6.108648E-4,-7.6358096E-4,6.108648E-4
758497631228345,4.581486E-4,-9.162972E-4,1.527162E-4
758497652959960,1.527162E-4,-4.581486E-4,-1.527162E-4
758497674691626,4.581486E-4,-4.581486E-4,-1.527162E-4
758497696423189,-1.527162E-4,-4.581486E-4,3.054324E-4
758497718154855,-1.527162E-4,7.6358096E-4,3.054324E-4
758497739886470,1.527162E-4,-0.0,3.054324E-4
758497761618085,1.527162E-4,-0.0,-1.527162E-4
758497783349699,1.527162E-4,-7.6358096E-4,3.054324E-4
758497805081314,-1.527162E-4,3.054324E-4,1.527162E-4
758497826812928,-3.054324E-4,4.581486E-4,-1.527162E-4
758497848544543,6.108648E-4,-0.0016798781,-1.527162E-4
758497870276158,-1.527162E-4,0.0015271619,-4.581486E-4
758497892007772,-1.527162E-4,3.054324E-4,6.108648E-4
758497913739387,4.581486E-4,-7.6358096E-4,3.054324E-4
758497935471001,-3.054324E-4,0.0012217296,-1.527162E-4
758497957202616,-3.054324E-4,7.6358096E-4,1.527162E-4
758497978934230,-7.6358096E-4,-0.0,3.054324E-4
758498000665845,-0.0013744457,0.0027488915,-1.527162E-4
758498022397460,-1.527162E-4,-0.0,3.054324E-4
758498044129126,-1.527162E-4,7.6358096E-4,1.527162E-4
758498065860741,-1.527162E-4,9.162972E-4,1.527162E-4
758498087592355,1.527162E-4,-9.162972E-4,6.108648E-4
758498109323970,-3.054324E-4,3.054324E-4,1.527162E-4
758498131055585,-1.527162E-4,-0.0,3.054324E-4
758498152787199,-3.054324E-4,7.6358096E-4,3.054324E-4
758498174518814,6.108648E-4,-3.054324E-4,-1.527162E-4
758498196250428,9.162972E-4,-0.0048869182,1.527162E-4
758498217982043,0.0025961753,-0.0033597562,6.108648E-4
758498239713658,-0.0050396346,0.010690134,-1.527162E-4
758498261445272,0.002290743,-0.0073303776,6.108648E-4
758498283176887,0.0013744457,-0.004123337,7.6358096E-4
758498304908501,-0.0025961753,0.00641408,-6.108648E-4
758498326640116,0.0010690134,-0.0027488915,1.527162E-4
758498348371730,9.162972E-4,-0.00320704,6.108648E-4
758498370103345,-0.0010690134,0.0016798781,3.054324E-4
758498391834960,6.108648E-4,-0.0027488915,6.108648E-4
758498413566574,1.527162E-4,-0.0,1.527162E-4
758498435298189,4.581486E-4,-0.0,6.108648E-4
758498457029803,0.0010690134,-0.0016798781,1.527162E-4
758498478761470,0.0010690134,-4.581486E-4,6.108648E-4
758498500493033,-6.108648E-4,0.0015271619,3.054324E-4
758498522224647,0.0013744457,-0.0033597562,7.6358096E-4
758498543956314,-0.0015271619,0.0029016077,6.108648E-4
758498565687928,4.581486E-4,-7.6358096E-4,3.054324E-4
758498587419543,6.108648E-4,-0.0015271619,3.054324E-4
758498609151158,-7.6358096E-4,0.0024434591,-1.527162E-4
758498630882772,4.581486E-4,-0.0019853106,3.054324E-4
758498652614387,6.108648E-4,-0.0015271619,1.527162E-4
758498674346001,-1.527162E-4,0.0021380268,-1.527162E-4
758498696077616,-3.054324E-4,-3.054324E-4,3.054324E-4
758498717809230,4.581486E-4,-0.0015271619,3.054324E-4
758498739540845,-7.6358096E-4,0.0016798781,1.527162E-4
758498761272460,9.162972E-4,-0.0016798781,6.108648E-4
758498783004074,6.108648E-4,-0.0012217296,-1.527162E-4
758498804735689,-0.0010690134,0.0024434591,1.527162E-4
758498826467303,6.108648E-4,-0.0012217296,1.527162E-4
758498848198918,6.108648E-4,-7.6358096E-4,3.054324E-4
758498869930533,-0.0010690134,0.0016798781,7.6358096E-4
758498891662147,4.581486E-4,-0.0024434591,7.6358096E-4
758498913393762,-3.054324E-4,7.6358096E-4,-1.527162E-4
758498935125376,-1.527162E-4,9.162972E-4,3.054324E-4
758498956856991,6.108648E-4,-9.162972E-4,6.108648E-4
758498978588605,4.581486E-4,-0.0,3.054324E-4
758499000320220,-1.527162E-4,7.6358096E-4,3.054324E-4
758499022051835,4.581486E-4,-4.581486E-4,-1.527162E-4
758499043783449,-1.527162E-4,3.054324E-4,-1.527162E-4
758499065515064,4.581486E-4,4.581486E-4,1.527162E-4
758499087246678,9.162972E-4,-4.581486E-4,-1.527162E-4
758499108978293,-1.527162E-4,7.6358096E-4,-1.527162E-4
758499130709908,-3.054324E-4,-0.0,3.054324E-4
758499152441522,-1.527162E-4,-7.6358096E-4,6.108648E-4
758499174173137,-3.054324E-4,4.581486E-4,3.054324E-4
758499195904751,-3.054324E-4,-0.0,7.6358096E-4
758499217636366,9.162972E-4,-7.6358096E-4,7.6358096E-4
758499239367980,-3.054324E-4,9.162972E-4,1.527162E-4
758499261099595,1.527162E-4,-9.162972E-4,3.054324E-4
758499282831210,1.527162E-4,-3.054324E-4,3.054324E-4
758499304562824,1.527162E-4,7.6358096E-4,-4.581486E-4
758499326294439,6.108648E-4,-0.0012217296,1.527162E-4
758499348026053,-6.108648E-4,-0.0,-1.527162E-4
758499369757668,-1.527162E-4,9.162972E-4,1.527162E-4
758499391489283,-1.527162E-4,-3.054324E-4,1.527162E-4
758499413220897,-3.054324E-4,4.581486E-4,-1.527162E-4
758499434952512,-6.108648E-4,-0.0,3.054324E-4
758499456684126,1.527162E-4,-0.0,-1.527162E-4
758499478415741,-3.054324E-4,3.054324E-4,3.054324E-4
758499500147355,-3.054324E-4,0.0012217296,-1.527162E-4
758499521878970,-3.054324E-4,-4.581486E-4,3.054324E-4
758499543610585,-1.527162E-4,-3.054324E-4,3.054324E-4
758499565342199,-3.054324E-4,3.054324E-4,1.527162E-4
758499587073814,1.527162E-4,-7.6358096E-4,1.527162E-4
758499608805428,1.527162E-4,4.581486E-4,-4.581486E-4
758499630537043,-6.108648E-4,3.054324E-4,3.054324E-4
758499652268658,1.527162E-4,3.054324E-4,6.108648E-4
758499674000272,9.162972E-4,3.054324E-4,1.527162E-4
758499695731887,-1.527162E-4,4.581486E-4,6.108648E-4
758499717463501,-1.527162E-4,-4.581486E-4,3.054324E-4
758499739195116,-3.054324E-4,9.162972E-4,3.054324E-4
758499760926730,-1.527162E-4,4.581486E-4,-1.527162E-4
758499782658345,-6.108648E-4,7.6358096E-4,1.527162E-4
758499804389960,-6.108648E-4,9.162972E-4,7.6358096E-4
758499826121574,-3.054324E-4,-0.0,1.527162E-4
758499847853137,-7.6358096E-4,9.162972E-4,1.527162E-4
758499869584751,-3.054324E-4,4.581486E-4,1.527162E-4
758499891316366,4.581486E-4,-4.581486E-4,6.108648E-4
758499913047980,-0.0010690134,7.6358096E-4,-1.527162E-4
758499934779595,1.527162E-4,-3.054324E-4,-1.527162E-4
758499956511210,4.581486E-4,-0.0012217296,1.527162E-4
758499978242824,1.527162E-4,9.162972E-4,3.054324E-4
758499999974439,-3.054324E-4,4.581486E-4,6.108648E-4
758500021706053,-6.108648E-4,9.162972E-4,3.054324E-4
758500043437668,-1.527162E-4,0.0012217296,3.054324E-4
758500065169283,1.527162E-4,4.581486E-4,1.527162E-4
758500086900897,1.527162E-4,-7.6358096E-4,1.527162E-4
758500108632512,-3.054324E-4,4.581486E-4,1.527162E-4
758500130364126,9.162972E-4,-0.0019853106,1.527162E-4
758500152095741,-6.108648E-4,7.6358096E-4,1.527162E-4
758500173827355,4.581486E-4,-7.6358096E-4,-1.527162E-4
758500195558970,-6.108648E-4,-0.0,1.527162E-4
758500217290585,-3.054324E-4,9.162972E-4,1.527162E-4
758500239022199,1.527162E-4,-0.0015271619,6.108648E-4
758500260753814,-6.108648E-4,-0.0,1.527162E-4
758500282485376,1.527162E-4,4.581486E-4,3.054324E-4
758500304216991,4.581486E-4,-7.6358096E-4,-4.581486E-4
758500325948658,-1.527162E-4,3.054324E-4,1.527162E-4
758500347680220,-6.108648E-4,3.054324E-4,6.108648E-4
758500369411835,-1.527162E-4,-3.054324E-4,1.527162E-4
758500391143449,6.108648E-4,-4.581486E-4,-1.527162E-4
758500412875064,1.527162E-4,7.6358096E-4,-1.527162E-4
758500434606678,-1.527162E-4,-0.0,1.527162E-4
758500456338293,4.581486E-4,-9.162972E-4,1.527162E-4
758500478069908,-3.054324E-4,7.6358096E-4,-4.581486E-4
758500499801522,9.162972E-4,-9.162972E-4,1.527162E-4
758500521533137,4.581486E-4,3.054324E-4,3.054324E-4
758500543264751,-7.6358096E-4,0.0012217296,-1.527162E-4
758500564996366,9.162972E-4,-0.0015271619,3.054324E-4
758500586727980,4.581486E-4,-0.0019853106,3.054324E-4
758500608459595,6.108648E-4,-4.581486E-4,6.108648E-4
758500630191210,9.162972E-4,-0.004123337,7.6358096E-4
758500651922772,-7.6358096E-4,0.0027488915,1.527162E-4
758500673654387,-7.6358096E-4,0.0024434591,-1.527162E-4
758500695386001,0.0021380268,-0.0036651888,3.054324E-4
758500717117616,-0.0013744457,7.6358096E-4,1.527162E-4
758500738849230,1.527162E-4,3.054324E-4,1.527162E-4
758500760580845,0.0010690134,-0.0027488915,3.054324E-4
758500782312460,-6.108648E-4,0.0012217296,1.527162E-4
758500804044074,4.581486E-4,9.162972E-4,1.527162E-4
758500825775689,4.581486E-4,-9.162972E-4,1.527162E-4
758500847507303,-7.6358096E-4,-4.581486E-4,6.108648E-4
758500869238866,4.581486E-4,-4.581486E-4,1.527162E-4
758500890970480,-1.527162E-4,9.162972E-4,6.108648E-4
758500912702095,6.108648E-4,-0.0012217296,1.527162E-4
758500934433710,4.581486E-4,-3.054324E-4,-1.527162E-4
758500956165324,6.108648E-4,3.054324E-4,1.527162E-4
758500977896939,-6.108648E-4,-3.054324E-4,-1.527162E-4
758500999628553,4.581486E-4,-4.581486E-4,1.527162E-4
758501021360168,1.527162E-4,3.054324E-4,1.527162E-4
758501043091783,-1.527162E-4,-4.581486E-4,1.527162E-4
758501064823397,1.527162E-4,-0.0,1.527162E-4
758501086555012,1.527162E-4,3.054324E-4,-1.527162E-4
758501108286574,1.527162E-4,3.054324E-4,3.054324E-4
758501130018189,-3.054324E-4,3.054324E-4,6.108648E-4
758501151749803,4.581486E-4,-4.581486E-4,-1.527162E-4
758501173481418,1.527162E-4,3.054324E-4,3.054324E-4
758501195213033,4.581486E-4,-0.0,-1.527162E-4
758501216944647,-3.054324E-4,3.054324E-4,1.527162E-4
758501238676262,1.527162E-4,3.054324E-4,3.054324E-4
758501260407876,1.527162E-4,-0.0015271619,1.527162E-4
758501282139491,-1.527162E-4,-0.0,6.108648E-4
758501303871105,-3.054324E-4,9.162972E-4,6.108648E-4
758501325602668,0.0010690134,-4.581486E-4,1.527162E-4
758501347334283,-1.527162E-4,3.054324E-4,3.054324E-4
758501369065897,1.527162E-4,7.6358096E-4,1.527162E-4
758501390797512,9.162972E-4,-0.0016798781,-1.527162E-4
758501412529126,-3.054324E-4,7.6358096E-4,3.054324E-4
758501434260741,-1.527162E-4,4.581486E-4,1.527162E-4
758501455992355,-1.527162E-4,-7.6358096E-4,-1.527162E-4
758501477723970,-1.527162E-4,7.6358096E-4,1.527162E-4
758501499455585,-1.527162E-4,-4.581486E-4,6.108648E-4
758501521187199,4.581486E-4,-7.6358096E-4,3.054324E-4
758501542918762,1.527162E-4,0.0012217296,1.527162E-4
758501564650376,9.162972E-4,-7.6358096E-4,1.527162E-4
758501586381991,-1.527162E-4,3.054324E-4,3.054324E-4
758501608113605,-1.527162E-4,0.0012217296,-1.527162E-4
758501629845220,1.527162E-4,-4.581486E-4,-1.527162E-4
758501651576835,-3.054324E-4,-0.0,1.527162E-4
758501673308449,-1.527162E-4,-0.0,-1.527162E-4
758501695040064,4.581486E-4,-4.581486E-4,-4.581486E-4
758501716771626,-1.527162E-4,-4.581486E-4,1.527162E-4
758501738503293,-1.527162E-4,3.054324E-4,-1.527162E-4
758501760234855,-1.527162E-4,-4.581486E-4,1.527162E-4
758501781966470,9.162972E-4,-9.162972E-4,3.054324E-4
758501803698085,-3.054324E-4,7.6358096E-4,-1.527162E-4
758501825429699,4.581486E-4,-0.0016798781,1.527162E-4
758501847161314,-0.0015271619,9.162972E-4,3.054324E-4
758501868892928,0.0010690134,-0.0,3.054324E-4
758501890624491,-6.108648E-4,-7.6358096E-4,1.527162E-4
758501912356105,-7.6358096E-4,0.0016798781,1.527162E-4
758501934087720,6.108648E-4,-0.0012217296,1.527162E-4
758501955819335,6.108648E-4,-4.581486E-4,1.527162E-4
758501977550949,-6.108648E-4,0.0016798781,-6.108648E-4
758501999282564,9.162972E-4,-0.0021380268,3.054324E-4
758502021014178,1.527162E-4,4.581486E-4,-4.581486E-4
758502042745741,-6.108648E-4,0.0012217296,1.527162E-4
758502064477355,1.527162E-4,-0.0016798781,6.108648E-4
758502086208970,1.527162E-4,-0.0,7.6358096E-4
758502107940585,-1.527162E-4,0.0015271619,1.527162E-4
758502129672199,4.581486E-4,-7.6358096E-4,3.054324E-4
758502151403814,-3.054324E-4,-7.6358096E-4,7.6358096E-4
758502173135428,-3.054324E-4,3.054324E-4,1.527162E-4
758502194866991,0.0010690134,-3.054324E-4,-1.527162E-4
758502216598605,1.527162E-4,-3.054324E-4,3.054324E-4
758502238330220,-3.054324E-4,9.162972E-4,6.108648E-4
758502260061835,-3.054324E-4,3.054324E-4,6.108648E-4
758502281793449,1.527162E-4,-0.0,1.527162E-4
758502303525012,1.527162E-4,4.581486E-4,6.108648E-4
758502325256626,-1.527162E-4,-3.054324E-4,6.108648E-4
758502346988241,-6.108648E-4,-4.581486E-4,-1.527162E-4
758502368719855,-3.054324E-4,3.054324E-4,-4.581486E-4
758502390451470,9.162972E-4,-4.581486E-4,7.6358096E-4
758502412183085,-7.6358096E-4,7.6358096E-4,-1.527162E-4
758502433914699,-6.108648E-4,-0.0,-1.527162E-4
758502455646262,1.527162E-4,3.054324E-4,3.054324E-4
758502477377876,-1.527162E-4,-0.0,-1.527162E-4
758502499109491,1.527162E-4,-3.054324E-4,3.054324E-4
758502520841105,1.527162E-4,-3.054324E-4,3.054324E-4
758502542572720,4.581486E-4,-0.0,-1.527162E-4
758502564304335,-3.054324E-4,7.6358096E-4,6.108648E-4
758502586035897,6.108648E-4,-3.054324E-4,1.527162E-4
758502607767512,-0.0010690134,9.162972E-4,1.527162E-4
758502629499126,6.108648E-4,-4.581486E-4,3.054324E-4
758502651230741,1.527162E-4,-7.6358096E-4,-4.581486E-4
758502672962355,-0.0013744457,0.0016798781,1.527162E-4
758502694693918,4.581486E-4,-0.0012217296,-1.527162E-4
758502716425533,-1.527162E-4,-0.0012217296,1.527162E-4
758502738157147,-6.108648E-4,9.162972E-4,1.527162E-4
758502759888762,4.581486E-4,-9.162972E-4,-1.527162E-4
758502781620376,1.527162E-4,-3.054324E-4,6.108648E-4
758502803351991,-7.6358096E-4,0.0012217296,-1.527162E-4
758502825083553,1.527162E-4,-9.162972E-4,7.6358096E-4
758502846815168,-6.108648E-4,3.054324E-4,3.054324E-4
758502868546783,1.527162E-4,4.581486E-4,-1.527162E-4
758502890278397,-3.054324E-4,-7.6358096E-4,1.527162E-4
758502912010012,-1.527162E-4,7.6358096E-4,1.527162E-4
758502933741626,4.581486E-4,-7.6358096E-4,3.054324E-4
758502955473189,9.162972E-4,7.6358096E-4,-1.527162E-4
758502977204803,4.581486E-4,-4.581486E-4,1.527162E-4
758502998936418,4.581486E-4,-3.054324E-4,-1.527162E-4
758503020668033,-7.6358096E-4,0.0012217296,3.054324E-4
758503042399647,-1.527162E-4,-0.0,6.108648E-4
758503064131210,-1.527162E-4,-3.054324E-4,1.527162E-4
758503085862824,-1.527162E-4,3.054324E-4,3.054324E-4
758503107594439,-1.527162E-4,-7.6358096E-4,6.108648E-4
758503129326053,-1.527162E-4,-0.0,1.527162E-4
758503151057668,9.162972E-4,-0.0,7.6358096E-4
758503172789230,4.581486E-4,4.581486E-4,6.108648E-4
758503194520845,6.108648E-4,-3.054324E-4,-4.581486E-4
758503216252460,1.527162E-4,3.054324E-4,1.527162E-4
758503237984074,-1.527162E-4,3.054324E-4,1.527162E-4
758503259715689,1.527162E-4,-4.581486E-4,6.108648E-4
758503281447303,6.108648E-4,-4.581486E-4,-1.527162E-4
758503303178866,-6.108648E-4,9.162972E-4,1.527162E-4
758503324910480,-3.054324E-4,-7.6358096E-4,6.108648E-4
758503346642095,-6.108648E-4,4.581486E-4,3.054324E-4
758503368373710,-3.054324E-4,0.0012217296,-1.527162E-4
758503390105324,9.162972E-4,-0.0012217296,3.054324E-4
758503411836939,-6.108648E-4,4.581486E-4,6.108648E-4
758503433568501,-1.527162E-4,7.6358096E-4,-1.527162E-4
758503455300116,1.527162E-4,-9.162972E-4,6.108648E-4
758503477031730,-1.527162E-4,-0.0,1.527162E-4
758503498763345,-1.527162E-4,7.6358096E-4,3.054324E-4
758503520494960,1.527162E-4,-4.581486E-4,1.527162E-4
758503542226574,1.527162E-4,4.581486E-4,1.527162E-4
758503563958189,-1.527162E-4,-0.0,3.054324E-4
758503585689803,-3.054324E-4,-9.162972E-4,3.054324E-4
758503607421418,1.527162E-4,-3.054324E-4,6.108648E-4
758503629152980,-1.527162E-4,3.054324E-4,1.527162E-4
758503650884595,1.527162E-4,-0.0,3.054324E-4
758503672616210,-3.054324E-4,-3.054324E-4,1.527162E-4
758503694347824,1.527162E-4,-0.0,-1.527162E-4
758503716079439,-3.054324E-4,3.054324E-4,-1.527162E-4
758503737811053,1.527162E-4,-4.581486E-4,3.054324E-4
758503759542668,-3.054324E-4,4.581486E-4,3.054324E-4
758503781274283,-1.527162E-4,7.6358096E-4,1.527162E-4
758503803005897,4.581486E-4,-0.0016798781,6.108648E-4
758503824737512,-6.108648E-4,7.6358096E-4,3.054324E-4
758503846469126,1.527162E-4,-0.0,3.054324E-4
758503868200741,1.527162E-4,-9.162972E-4,7.6358096E-4
758503889932303,-1.527162E-4,0.0012217296,1.527162E-4
758503911663918,9.162972E-4,-0.0012217296,3.054324E-4
758503933395533,6.108648E-4,-7.6358096E-4,3.054324E-4
758503955127147,-6.108648E-4,7.6358096E-4,-1.527162E-4
758503976858762,9.162972E-4,-4.581486E-4,3.054324E-4
758503998590376,-6.108648E-4,0.0015271619,1.527162E-4
758504020321991,1.527162E-4,-3.054324E-4,6.108648E-4
758504042053605,4.581486E-4,-4.581486E-4,6.108648E-4
758504063785220,-3.054324E-4,0.0010690134,-1.527162E-4
758504085516835,1.527162E-4,-7.6358096E-4,-1.527162E-4
758504107248449,-3.054324E-4,1.527162E-4,3.054324E-4
758504128980064,1.527162E-4,1.527162E-4,-1.527162E-4
758504150711678,4.581486E-4,-0.0013744457,0.0
758504172443241,1.527162E-4,4.581486E-4,0.0
758504194174908,1.527162E-4,1.527162E-4,0.0
758504215906522,1.527162E-4,-3.054324E-4,-1.527162E-4
758504237638085,-7.6358096E-4,4.581486E-4,-4.581486E-4
758504259369699,-7.6358096E-4,-3.054324E-4,0.0
758504281101314,4.581486E-4,4.581486E-4,0.0
758504302832928,4.581486E-4,4.581486E-4,-4.581486E-4
758504324564543,1.527162E-4,-3.054324E-4,-1.527162E-4
758504346296158,1.527162E-4,-1.527162E-4,-1.527162E-4
758504368027772,1.527162E-4,4.581486E-4,-1.527162E-4
758504389759387,-3.054324E-4,-6.108648E-4,-1.527162E-4
758504411491001,-6.108648E-4,-3.054324E-4,-1.527162E-4
758504433222616,4.581486E-4,4.581486E-4,0.0
758504454954178,-0.0,4.581486E-4,0.0
758504476685845,1.527162E-4,-6.108648E-4,-1.527162E-4
758504498417408,-0.0,1.527162E-4,0.0
758504520149022,-0.0,4.581486E-4,3.054324E-4
758504541880637,-0.0,-0.0013744457,-4.581486E-4
758504563612251,4.581486E-4,0.0018325944,3.054324E-4
758504585343866,4.581486E-4,-1.527162E-4,-4.581486E-4
758504607075480,1.527162E-4,-0.0013744457,0.0
758504628807095,-6.108648E-4,0.0010690134,-1.527162E-4
758504650538710,1.527162E-4,-7.6358096E-4,0.0
758504672270324,-3.054324E-4,-3.054324E-4,3.054324E-4
758504694001939,-3.054324E-4,6.108648E-4,0.0
758504715733553,9.162972E-4,-6.108648E-4,-1.527162E-4
758504737465116,-0.0,-6.108648E-4,3.054324E-4
758504759196730,-3.054324E-4,4.581486E-4,0.0
758504780928345,-0.0,-1.527162E-4,0.0
758504802659960,4.581486E-4,-6.108648E-4,-1.527162E-4
758504824391574,-3.054324E-4,1.527162E-4,-4.581486E-4
758504846123189,-0.0,-6.108648E-4,0.0
758504867854803,-0.0,6.108648E-4,-1.527162E-4
758504889586418,4.581486E-4,-1.527162E-4,-1.527162E-4
758504911318033,4.581486E-4,-7.6358096E-4,-6.108648E-4
758504933049647,-0.0,-1.527162E-4,-4.581486E-4
758504954781262,-0.0,-1.527162E-4,-4.581486E-4
758504976512876,-3.054324E-4,-1.527162E-4,-1.527162E-4
758504998244491,1.527162E-4,-3.054324E-4,-4.581486E-4
758505019976105,-0.0,-3.054324E-4,-1.527162E-4
758505041707668,-0.0,-3.054324E-4,-4.581486E-4
758505063439335,4.581486E-4,4.581486E-4,3.054324E-4
758505085170949,1.527162E-4,-6.108648E-4,0.0
758505106902512,-7.6358096E-4,-3.054324E-4,3.054324E-4
758505128634178,-0.0,1.527162E-4,-4.581486E-4
758505150365741,-3.054324E-4,-7.6358096E-4,0.0
758505172097355,-0.0,-6.108648E-4,-1.527162E-4
758505193828970,-6.108648E-4,4.581486E-4,-1.527162E-4
758505215560585,-0.0,-1.527162E-4,0.0
758505237292199,0.0012217296,-0.0010690134,3.054324E-4
758505259023814,-0.0,-0.0010690134,-1.527162E-4
758505280755428,-0.0,0.0013744457,-4.581486E-4
758505302487095,6.108648E-4,-6.108648E-4,3.054324E-4
758505324218710,1.527162E-4,1.527162E-4,3.054324E-4
758505345950324,-3.054324E-4,0.0013744457,-1.527162E-4
758505367681939,4.581486E-4,-0.0019853106,6.108648E-4
758505389413553,-0.0,6.108648E-4,0.0
758505411145168,-6.108648E-4,0.0021380268,-4.581486E-4
758505432876783,1.527162E-4,-0.0013744457,0.0
758505454608397,-0.002290743,0.0025961753,-1.527162E-4
758505476340012,-0.0,0.0013744457,0.0
758505498071626,9.162972E-4,-0.0010690134,-1.527162E-4
758505519803241,-7.6358096E-4,0.0029016077,-4.581486E-4
758505541534855,-3.054324E-4,-6.108648E-4,0.0
758505563266470,-3.054324E-4,-3.054324E-4,-1.527162E-4
758505584998085,-3.054324E-4,0.0018325944,-4.581486E-4
758505606729699,4.581486E-4,-3.054324E-4,-4.581486E-4
758505628461314,4.581486E-4,-1.527162E-4,-4.581486E-4
758505650192928,1.527162E-4,4.581486E-4,-1.527162E-4
758505671924543,4.581486E-4,-3.054324E-4,0.0
758505693656210,-0.0,-6.108648E-4,-1.527162E-4
758505715387772,-7.6358096E-4,4.581486E-4,0.0
758505737119387,-3.054324E-4,-1.527162E-4,-1.527162E-4
758505758851053,-0.0,-1.527162E-4,-4.581486E-4
758505780582668,-7.6358096E-4,6.108648E-4,-1.527162E-4
758505802314283,-3.054324E-4,4.581486E-4,-1.527162E-4
758505824045897,6.108648E-4,-7.6358096E-4,-1.527162E-4
758505845777512,-6.108648E-4,1.527162E-4,-6.108648E-4
758505867509126,-3.054324E-4,6.108648E-4,-6.108648E-4
758505889240741,1.527162E-4,-7.6358096E-4,0.0
758505910972355,-3.054324E-4,1.527162E-4,-1.527162E-4
758505932703970,-3.054324E-4,-1.527162E-4,-1.527162E-4
758505954435585,-3.054324E-4,6.108648E-4,0.0
758505976167199,1.527162E-4,-1.527162E-4,-4.581486E-4
758505997898814,6.108648E-4,-0.0013744457,-1.527162E-4
758506019630428,-6.108648E-4,0.0021380268,0.0
758506041362043,4.581486E-4,-0.0013744457,0.0
758506063093710,6.108648E-4,-0.0013744457,-6.108648E-4
758506084825324,-0.0010690134,0.0010690134,0.0
758506106556939,-0.0,-7.6358096E-4,-1.527162E-4
758506128288553,0.0012217296,-0.0019853106,0.0
758506150020168,6.108648E-4,1.527162E-4,-1.527162E-4
758506171751783,-0.0012217296,0.0010690134,0.0
758506193483397,0.0013744457,-0.0015271619,6.108648E-4
758506215215012,-0.0,1.527162E-4,0.0
758506236946626,-7.6358096E-4,6.108648E-4,-1.527162E-4
758506258678241,6.108648E-4,-0.0010690134,0.0
758506280409855,4.581486E-4,6.108648E-4,0.0
758506302141470,1.527162E-4,9.162972E-4,-1.527162E-4
758506323873085,1.527162E-4,-0.0013744457,3.054324E-4
758506345604699,-7.6358096E-4,6.108648E-4,-4.581486E-4
758506367336314,1.527162E-4,-3.054324E-4,-1.527162E-4
758506389067928,1.527162E-4,-3.054324E-4,-1.527162E-4
758506410799595,-3.054324E-4,-6.108648E-4,-1.527162E-4
758506432531158,-3.054324E-4,9.162972E-4,0.0
758506454262772,1.527162E-4,-3.054324E-4,-1.527162E-4
758506475994439,4.581486E-4,-3.054324E-4,-1.527162E-4
758506497726053,-3.054324E-4,1.527162E-4,-1.527162E-4
758506519457668,1.527162E-4,1.527162E-4,0.0
758506541189283,-0.0,-3.054324E-4,-4.581486E-4
758506562920897,-0.0,-6.108648E-4,0.0
758506584652512,-6.108648E-4,9.162972E-4,-1.527162E-4
758506606384126,6.108648E-4,-1.527162E-4,3.054324E-4
758506628115741,1.527162E-4,-0.0013744457,0.0
758506649847355,-6.108648E-4,0.0010690134,-4.581486E-4
758506671578970,-0.0,-3.054324E-4,-4.581486E-4
758506693310585,6.108648E-4,-0.0015271619,3.054324E-4
758506715042199,-0.0,0.0016798781,-4.581486E-4
758506736773814,4.581486E-4,-7.6358096E-4,-1.527162E-4
758506758505428,4.581486E-4,-3.054324E-4,-1.527162E-4
758506780237043,-0.0,6.108648E-4,-1.527162E-4
758506801968658,-0.0,-0.002290743,0.0
758506823700272,-0.0012217296,9.162972E-4,0.0
758506845431887,1.527162E-4,-6.108648E-4,6.108648E-4
758506867163553,4.581486E-4,-7.6358096E-4,3.054324E-4
758506888895168,-6.108648E-4,0.0013744457,-4.581486E-4
758506910626783,0.0012217296,-0.0010690134,-1.527162E-4
758506932358397,-7.6358096E-4,-1.527162E-4,-4.581486E-4
758506954090012,-3.054324E-4,9.162972E-4,-4.581486E-4
758506975821626,-3.054324E-4,-7.6358096E-4,-6.108648E-4
758506997553241,4.581486E-4,-3.054324E-4,6.108648E-4
758507019284855,-0.0,1.527162E-4,-4.581486E-4
758507041016470,-0.0,-0.0010690134,-1.527162E-4
758507062748085,-3.054324E-4,0.0013744457,-1.527162E-4
758507084479699,-0.0,-6.108648E-4,-1.527162E-4
758507106211314,1.527162E-4,-0.0015271619,-6.108648E-4
758507127942928,-6.108648E-4,0.0018325944,-4.581486E-4
758507149674543,0.0013744457,-0.0018325944,0.0
758507171406158,4.581486E-4,-6.108648E-4,-1.527162E-4
758507193137772,-0.0010690134,0.0021380268,-1.527162E-4
758507214869387,0.0013744457,-0.00320704,0.0
758507236601001,-7.6358096E-4,6.108648E-4,-1.527162E-4
758507258332616,-3.054324E-4,0.0016798781,-4.581486E-4
758507280064230,0.0012217296,-0.0013744457,6.108648E-4
758507301795845,-7.6358096E-4,0.0013744457,-1.527162E-4
758507323527460,4.581486E-4,-0.0018325944,-1.527162E-4
758507345259074,1.527162E-4,-0.0013744457,-4.581486E-4
758507366990741,6.108648E-4,-0.0013744457,3.054324E-4
758507388722355,9.162972E-4,-0.0018325944,-4.581486E-4
758507410453970,9.162972E-4,-0.002290743,3.054324E-4
758507432185585,-0.0010690134,0.0013744457,3.054324E-4
758507453917199,6.108648E-4,1.527162E-4,-1.527162E-4
758507475648814,-3.054324E-4,-6.108648E-4,0.0
758507497380428,-3.054324E-4,9.162972E-4,3.054324E-4
758507519112043,-3.054324E-4,-6.108648E-4,3.054324E-4
758507540843658,-7.6358096E-4,4.581486E-4,0.0
758507562575272,-3.054324E-4,1.527162E-4,6.108648E-4
758507584306887,-3.054324E-4,1.527162E-4,-4.581486E-4
758507606038501,-3.054324E-4,-1.527162E-4,0.0
758507627770116,4.581486E-4,-3.054324E-4,3.054324E-4
758507649501730,1.527162E-4,-1.527162E-4,-4.581486E-4
758507671233345,-0.0,-0.0015271619,0.0
758507692964960,-7.6358096E-4,4.581486E-4,-1.527162E-4
758507714696574,4.581486E-4,-1.527162E-4,0.0
758507736428189,-6.108648E-4,6.108648E-4,-4.581486E-4
758507758159803,6.108648E-4,-1.527162E-4,0.0
758507779891418,6.108648E-4,-0.0018325944,0.0
758507801623033,4.581486E-4,6.108648E-4,-4.581486E-4
758507823354647,-3.054324E-4,9.162972E-4,-4.581486E-4
758507845086262,-6.108648E-4,6.108648E-4,3.054324E-4
758507866817876,1.527162E-4,-0.0013744457,0.0
758507888549491,-3.054324E-4,1.527162E-4,-1.527162E-4
758507910281105,-3.054324E-4,4.581486E-4,-1.527162E-4
758507932012720,4.581486E-4,-0.0015271619,-1.527162E-4
758507953744335,-6.108648E-4,0.0010690134,-4.581486E-4
758507975475949,-0.0,6.108648E-4,0.0
758507997207564,-0.0,-7.6358096E-4,-1.527162E-4
758508018939178,-0.0,1.527162E-4,0.0
758508040670793,-3.054324E-4,4.581486E-4,0.0
758508062402408,-3.054324E-4,6.108648E-4,0.0
758508084134022,-7.6358096E-4,9.162972E-4,-1.527162E-4
758508105865637,1.527162E-4,-1.527162E-4,-4.581486E-4
758508127597251,-0.0,4.581486E-4,-4.581486E-4
758508149328918,-3.054324E-4,0.002290743,-1.527162E-4
758508171060480,4.581486E-4,-6.108648E-4,0.0
758508192792095,4.581486E-4,-1.527162E-4,0.0
758508214523710,-0.0010690134,9.162972E-4,-1.527162E-4
758508236255324,6.108648E-4,-0.0013744457,3.054324E-4
758508257986939,-3.054324E-4,1.527162E-4,0.0
758508279718605,-7.6358096E-4,6.108648E-4,-1.527162E-4
758508301450220,1.527162E-4,-0.0010690134,3.054324E-4
758508323181783,-3.054324E-4,0.0010690134,-1.527162E-4
758508344913449,-0.0,-1.527162E-4,-4.581486E-4
758508366645012,4.581486E-4,-0.0013744457,0.0
758508388376626,-7.6358096E-4,9.162972E-4,-1.527162E-4
758508410108241,4.581486E-4,-1.527162E-4,-1.527162E-4
758508431839855,9.162972E-4,-6.108648E-4,3.054324E-4
758508453571470,-0.0,0.0010690134,0.0
758508475303085,1.527162E-4,-1.527162E-4,0.0
758508497034699,1.527162E-4,-6.108648E-4,0.0
758508518766314,-6.108648E-4,1.527162E-4,-1.527162E-4
758508540497928,6.108648E-4,-1.527162E-4,-1.527162E-4
758508562229543,-3.054324E-4,-7.6358096E-4,3.054324E-4
758508583961158,-3.054324E-4,6.108648E-4,-1.527162E-4
758508605692772,-0.0,-6.108648E-4,0.0
758508627424387,1.527162E-4,1.527162E-4,0.0
758508649156001,-0.0,1.527162E-4,0.0
758508670887616,1.527162E-4,-3.054324E-4,0.0
758508692619230,-3.054324E-4,1.527162E-4,-1.527162E-4
758508714350845,4.581486E-4,-3.054324E-4,0.0
758508736082460,6.108648E-4,-3.054324E-4,-4.581486E-4
758508757814074,-0.0,4.581486E-4,3.054324E-4
758508779545689,-6.108648E-4,-6.108648E-4,-1.527162E-4
758508801277303,1.527162E-4,-1.527162E-4,-6.108648E-4
758508823008918,1.527162E-4,-6.108648E-4,-1.527162E-4
758508844740533,-6.108648E-4,-3.054324E-4,0.0
758508866472147,1.527162E-4,6.108648E-4,-6.108648E-4
758508888203762,9.162972E-4,-0.0018325944,-4.581486E-4
758508909935376,0.0025961753,-0.00763581,-4.581486E-4
758508931666991,1.527162E-4,0.0016798781,0.0
758508953398605,-0.00320704,0.007788526,-6.108648E-4
758508975130220,0.003817905,-0.007941242,-1.527162E-4
758508996861835,-6.108648E-4,9.162972E-4,-6.108648E-4
758509018593449,-6.108648E-4,0.0013744457,-1.527162E-4
758509040325064,6.108648E-4,-0.0025961753,0.0
758509062056678,6.108648E-4,-7.6358096E-4,3.054324E-4
758509083788293,-0.0012217296,0.0021380268,-1.527162E-4
758509105519908,0.0016798781,-0.0015271619,-1.527162E-4
758509127251522,-0.0,1.527162E-4,0.0
758509148983137,-6.108648E-4,0.0016798781,-1.527162E-4
758509170714751,4.581486E-4,-0.003817905,3.054324E-4
758509192446366,-0.0010690134,0.0021380268,0.0
758509214177928,4.581486E-4,4.581486E-4,-6.108648E-4
758509235909595,0.0016798781,-0.00320704,0.0
758509257641158,-0.0012217296,0.0030543238,-4.581486E-4
758509279372824,9.162972E-4,-0.0013744457,3.054324E-4
758509301104387,4.581486E-4,-0.0019853106,0.0
758509322836001,-0.0012217296,0.0029016077,-4.581486E-4
758509344567616,6.108648E-4,-0.0018325944,-4.581486E-4
758509366299230,6.108648E-4,-7.6358096E-4,3.054324E-4
758509388030845,-0.0010690134,0.0021380268,-4.581486E-4
758509409762460,9.162972E-4,-0.002290743,3.054324E-4
758509431494074,1.527162E-4,1.527162E-4,-1.527162E-4
758509453225689,-0.0010690134,0.0025961753,-9.162972E-4
758509474957303,9.162972E-4,-0.002290743,0.0
758509496688918,-0.0,0.0010690134,-4.581486E-4
758509518420533,4.581486E-4,6.108648E-4,0.0
758509540152147,4.581486E-4,-0.0010690134,0.0
758509561883762,-3.054324E-4,0.0010690134,-4.581486E-4
758509583615376,1.527162E-4,-3.054324E-4,-6.108648E-4
758509605346991,6.108648E-4,-0.0018325944,0.0
758509627078605,-6.108648E-4,0.0010690134,-1.527162E-4
758509648810168,4.581486E-4,-0.0010690134,0.0
758509670541783,4.581486E-4,-1.527162E-4,0.0
758509692273397,1.527162E-4,9.162972E-4,3.054324E-4
758509714005012,6.108648E-4,-7.6358096E-4,6.108648E-4
758509735736626,-6.108648E-4,4.581486E-4,3.054324E-4
758509757468241,-6.108648E-4,9.162972E-4,3.054324E-4
758509779199855,6.108648E-4,-0.0013744457,3.054324E-4
758509800931470,-0.0,0.0010690134,-1.527162E-4
758509822663085,-3.054324E-4,-6.108648E-4,3.054324E-4
758509844394699,1.527162E-4,-7.6358096E-4,-1.527162E-4
758509866126314,-3.054324E-4,0.0010690134,-1.527162E-4
758509887857928,4.581486E-4,-7.6358096E-4,3.054324E-4
758509909589543,6.108648E-4,-7.6358096E-4,-1.527162E-4
758509931321158,-3.054324E-4,0.0021380268,3.054324E-4
758509953052720,9.162972E-4,-0.0010690134,0.0
758509974784335,6.108648E-4,-3.054324E-4,0.0
758509996515949,-0.0,0.0016798781,0.0
758510018247564,0.0012217296,-0.0013744457,0.0
758510039979178,-0.0,6.108648E-4,0.0
758510061710793,-0.0,6.108648E-4,0.0
758510083442408,1.527162E-4,-0.0013744457,3.054324E-4
758510105174022,-3.054324E-4,-1.527162E-4,-1.527162E-4
758510126905637,-0.0,1.527162E-4,0.0
758510148637251,4.581486E-4,-3.054324E-4,3.054324E-4
758510170368866,-0.0,-3.054324E-4,-1.527162E-4
758510192100428,1.527162E-4,1.527162E-4,0.0
758510213832043,6.108648E-4,-0.0010690134,0.0
758510235563658,1.527162E-4,4.581486E-4,-1.527162E-4
758510257295272,-3.054324E-4,9.162972E-4,-6.108648E-4
758510279026887,-6.108648E-4,-0.0013744457,0.0
758510300758501,-0.0,9.162972E-4,-1.527162E-4
758510322490116,-3.054324E-4,-7.6358096E-4,-4.581486E-4
758510344221730,4.581486E-4,-6.108648E-4,0.0
758510365953345,-0.0,9.162972E-4,0.0
758510387684908,4.581486E-4,-0.0010690134,-1.527162E-4
758510409416522,1.527162E-4,1.527162E-4,0.0
758510431148137,-3.054324E-4,6.108648E-4,-1.527162E-4
758510452879751,1.527162E-4,-7.6358096E-4,3.054324E-4
758510474611366,-6.108648E-4,4.581486E-4,-4.581486E-4
758510496342980,-7.6358096E-4,6.108648E-4,-1.527162E-4
758510518074595,6.108648E-4,-0.0015271619,6.108648E-4
758510539806210,-0.0,0.0016798781,-4.581486E-4
758510561537824,-0.0,-6.108648E-4,-4.581486E-4
758510583269387,4.581486E-4,-3.054324E-4,3.054324E-4
758510605001001,-0.0,9.162972E-4,-1.527162E-4
758510626732616,1.527162E-4,-0.0018325944,-1.527162E-4
758510648464230,1.527162E-4,9.162972E-4,-4.581486E-4
758510670195845,-3.054324E-4,6.108648E-4,-4.581486E-4
758510691927460,1.527162E-4,-0.0013744457,0.0
758510713659074,4.581486E-4,9.162972E-4,-4.581486E-4
758510735390689,4.581486E-4,-3.054324E-4,-4.581486E-4
758510757122303,1.527162E-4,-6.108648E-4,0.0
758510778853866,-3.054324E-4,9.162972E-4,-4.581486E-4
758510800585480,1.527162E-4,-0.0010690134,0.0
758510822317095,-0.0,9.162972E-4,3.054324E-4
758510844048710,6.108648E-4,-3.054324E-4,-1.527162E-4
758510865780324,6.108648E-4,-3.054324E-4,3.054324E-4
758510887511939,-6.108648E-4,9.162972E-4,-1.527162E-4
758510909243501,-3.054324E-4,-7.6358096E-4,-4.581486E-4
758510930975116,-0.0,4.581486E-4,-1.527162E-4
758510952706730,9.162972E-4,1.527162E-4,-6.108648E-4
758510974438345,-3.054324E-4,-0.0010690134,3.054324E-4
758510996169960,-6.108648E-4,0.0013744457,0.0
758511017901574,6.108648E-4,1.527162E-4,0.0
758511039633189,-3.054324E-4,-1.527162E-4,-1.527162E-4
758511061364803,-7.6358096E-4,0.0013744457,0.0
758511083096366,6.108648E-4,-0.0010690134,3.054324E-4
758511104827980,-0.0,4.581486E-4,0.0
758511126559595,-6.108648E-4,6.108648E-4,0.0
758511148291210,1.527162E-4,-0.0010690134,3.054324E-4
758511170022824,1.527162E-4,9.162972E-4,0.0
758511191754439,1.527162E-4,-1.527162E-4,-4.581486E-4
758511213486001,9.162972E-4,-0.0013744457,0.0
758511235217616,-3.054324E-4,9.162972E-4,0.0
758511256949230,-0.0,-7.6358096E-4,-1.527162E-4
758511278680845,-3.054324E-4,-1.527162E-4,-4.581486E-4
758511300412460,1.527162E-4,1.527162E-4,3.054324E-4
758511322144074,6.108648E-4,-0.0010690134,6.108648E-4
758511343875689,-3.054324E-4,6.108648E-4,-4.581486E-4
758511365607251,1.527162E-4,-6.108648E-4,-1.527162E-4
758511387338866,-0.0,1.527162E-4,0.0
758511409070480,-3.054324E-4,4.581486E-4,-1.527162E-4
758511430802095,4.581486E-4,1.527162E-4,-4.581486E-4
758511452533710,9.162972E-4,-7.6358096E-4,-1.527162E-4
758511474265324,4.581486E-4,6.108648E-4,3.054324E-4
758511495996887,-0.0,0.0010690134,0.0
758511517728501,-7.6358096E-4,9.162972E-4,3.054324E-4
758511539460116,-3.054324E-4,4.581486E-4,0.0
758511561191730,-0.0,-6.108648E-4,0.0
758511582923345,-0.0,4.581486E-4,-4.581486E-4
758511604654960,4.581486E-4,-1.527162E-4,0.0
758511626386522,-7.6358096E-4,-6.108648E-4,-4.581486E-4
758511648118137,-0.0,-6.108648E-4,3.054324E-4
758511669849751,1.527162E-4,1.527162E-4,6.108648E-4
758511691581366,-0.0,-1.527162E-4,-4.581486E-4
758511713312928,4.581486E-4,-0.0010690134,0.0
758511735044543,-0.0,1.527162E-4,3.054324E-4
758511756776158,-3.054324E-4,6.108648E-4,-1.527162E-4
758511778507772,6.108648E-4,-7.6358096E-4,0.0
758511800239387,1.527162E-4,1.527162E-4,-1.527162E-4
758511821971001,1.527162E-4,-6.108648E-4,-1.527162E-4
758511843702616,4.581486E-4,-6.108648E-4,-1.527162E-4
758511865434178,1.527162E-4,4.581486E-4,-4.581486E-4
758511887165793,4.581486E-4,-3.054324E-4,0.0
758511908897408,-0.0,-1.527162E-4,-4.581486E-4
758511930629022,-0.0,-3.054324E-4,0.0
758511952360585,-3.054324E-4,1.527162E-4,0.0
758511974092199,-0.0,-3.054324E-4,-6.108648E-4
758511995823814,4.581486E-4,-0.0010690134,-1.527162E-4
758512017555428,1.527162E-4,-1.527162E-4,0.0
758512039287043,-0.0,-6.108648E-4,6.108648E-4
758512061018605,-0.0,-6.108648E-4,0.0
758512082750220,-0.0,-7.6358096E-4,-1.527162E-4
758512104481835,9.162972E-4,-7.6358096E-4,0.0
758512126213449,-0.0,6.108648E-4,-4.581486E-4
758512147945012,-6.108648E-4,1.527162E-4,-1.527162E-4
758512169676626,-0.0,-1.527162E-4,0.0
758512191408241,-6.108648E-4,1.527162E-4,-1.527162E-4
758512213139855,1.527162E-4,-3.054324E-4,0.0
758512234871470,9.162972E-4,-3.054324E-4,-1.527162E-4
758512256603033,-0.0,4.581486E-4,0.0
758512278334647,1.527162E-4,-3.054324E-4,0.0
758512300066262,-3.054324E-4,-3.054324E-4,0.0
758512321797876,1.527162E-4,1.527162E-4,-1.527162E-4
758512343529491,6.108648E-4,-0.0010690134,3.054324E-4
758512365261053,4.581486E-4,-1.527162E-4,0.0
758512386992668,1.527162E-4,4.581486E-4,0.0
758512408724283,-3.054324E-4,1.527162E-4,0.0
758512430455897,6.108648E-4,4.581486E-4,3.054324E-4
758512452187460,-0.0,-6.108648E-4,0.0
758512473919074,1.527162E-4,-1.527162E-4,-4.581486E-4
758512495650689,-6.108648E-4,-1.527162E-4,3.054324E-4
758512517382303,1.527162E-4,-7.6358096E-4,3.054324E-4
758512539113866,-6.108648E-4,-1.527162E-4,6.108648E-4
758512560845480,-0.0,-0.0010690134,3.054324E-4
758512582577095,6.108648E-4,-0.0019853106,0.0
758512604308710,9.162972E-4,-7.6358096E-4,3.054324E-4
758512626040272,-6.108648E-4,9.162972E-4,3.054324E-4
758512647771887,4.581486E-4,-0.002290743,-1.527162E-4
758512669503501,-0.0,-7.6358096E-4,0.0
758512691235116,-3.054324E-4,6.108648E-4,-1.527162E-4
758512712966730,6.108648E-4,-0.0013744457,0.0
758512734698293,-3.054324E-4,-7.6358096E-4,-1.527162E-4
758512756429908,-6.108648E-4,0.0010690134,-1.527162E-4
758512778161522,9.162972E-4,-6.108648E-4,-4.581486E-4
758512799893137,9.162972E-4,-0.0010690134,6.108648E-4
758512821624699,-7.6358096E-4,0.0018325944,0.0
758512843356314,9.162972E-4,-0.0013744457,-1.527162E-4
758512865087928,1.527162E-4,-7.6358096E-4,0.0
758512886819543,-0.0012217296,0.0013744457,3.054324E-4
758512908551105,6.108648E-4,-0.0015271619,0.0
758512930282720,-6.108648E-4,1.527162E-4,0.0
758512952014335,-0.0,1.527162E-4,-4.581486E-4
758512973745949,1.527162E-4,-3.054324E-4,6.108648E-4
758512995477512,6.108648E-4,-6.108648E-4,3.054324E-4
758513017209126,4.581486E-4,6.108648E-4,3.054324E-4
758513038940741,-0.0,-0.0010690134,-1.527162E-4
758513060672355,4.581486E-4,-7.6358096E-4,0.0
758513082403918,-7.6358096E-4,9.162972E-4,-6.108648E-4
758513104135533,-0.0,-7.6358096E-4,3.054324E-4
758513125867147,-3.054324E-4,-1.527162E-4,0.0
758513147598710,4.581486E-4,9.162972E-4,0.0
758513169330324,1.527162E-4,-0.0013744457,-1.527162E-4
758513191061939,-0.0,9.162972E-4,-1.527162E-4
758513212793553,6.108648E-4,-6.108648E-4,-4.581486E-4
758513234525168,6.108648E-4,-3.054324E-4,-1.527162E-4
758513256256730,1.527162E-4,1.527162E-4,-4.581486E-4
758513277988345,4.581486E-4,-6.108648E-4,3.054324E-4
758513299719960,-0.0,1.527162E-4,-4.581486E-4
758513321451574,-6.108648E-4,0.0010690134,0.0
758513343183137,1.527162E-4,1.527162E-4,0.0
758513364914751,-3.054324E-4,-0.0010690134,-1.527162E-4
758513386646366,-6.108648E-4,0.0018325944,-6.108648E-4
758513408377928,-0.0,-1.527162E-4,-4.581486E-4
758513430109543,-6.108648E-4,-6.108648E-4,-1.527162E-4
758513451841158,-3.054324E-4,9.162972E-4,-4.581486E-4
758513473572720,-0.0,1.527162E-4,-1.527162E-4
758513495304335,9.162972E-4,-0.0015271619,-1.527162E-4
758513517035949,-0.0,9.162972E-4,-1.527162E-4
758513538767564,1.527162E-4,1.527162E-4,-4.581486E-4
758513560499178,1.527162E-4,-0.0015271619,0.0
758513582230741,-3.054324E-4,9.162972E-4,-1.527162E-4
758513603962355,-6.108648E-4,4.581486E-4,0.0
758513625693970,6.108648E-4,-0.0010690134,-1.527162E-4
758513647425533,-0.0,9.162972E-4,-1.527162E-4
758513669157147,4.581486E-4,-6.108648E-4,3.054324E-4
758513690888762,4.581486E-4,-0.0010690134,-1.527162E-4
758513712620324,1.527162E-4,0.0010690134,-1.527162E-4
758513734351939,4.581486E-4,-3.054324E-4,-1.527162E-4
758513756083553,-0.0,-1.527162E-4,0.0
758513777815116,-3.054324E-4,-3.054324E-4,0.0
758513799546730,1.527162E-4,1.527162E-4,-4.581486E-4
758513821278345,-3.054324E-4,-3.054324E-4,-1.527162E-4
758513843009960,-3.054324E-4,-1.527162E-4,-1.527162E-4
758513864741522,-0.0,-0.0013744457,0.0
758513886473137,1.527162E-4,-7.6358096E-4,0.0
758513908204751,4.581486E-4,-7.6358096E-4,-1.527162E-4
758513929936314,-6.108648E-4,6.108648E-4,-1.527162E-4
758513951667928,1.527162E-4,6.108648E-4,-4.581486E-4
758513973399491,4.581486E-4,-0.0010690134,3.054324E-4
758513995131105,1.527162E-4,-1.527162E-4,0.0
758514016862720,-0.0,1.527162E-4,3.054324E-4
758514038594335,9.162972E-4,-0.0015271619,0.0
758514060325897,-9.162972E-4,0.0021380268,-4.581486E-4
758514082057512,-4.581486E-4,-1.527162E-4,-1.527162E-4
758514103789074,4.581486E-4,-0.0021380268,0.0
758514125520689,-7.6358096E-4,0.0015271619,-1.527162E-4
758514147252303,3.054324E-4,-3.054324E-4,4.581486E-4
758514168983918,0.0012217296,6.108648E-4,0.0
758514190715480,-0.0019853106,3.054324E-4,-1.527162E-4
758514212447095,3.054324E-4,-6.108648E-4,0.0
758514234178710,7.6358096E-4,-1.527162E-4,-1.527162E-4
758514255910272,-9.162972E-4,3.054324E-4,-1.527162E-4
758514277641887,7.6358096E-4,-1.527162E-4,0.0
758514299373501,-9.162972E-4,1.527162E-4,-1.527162E-4
758514321105064,3.054324E-4,3.054324E-4,-1.527162E-4
758514342836678,0.0,-6.108648E-4,0.0
758514364568293,-7.6358096E-4,1.527162E-4,-1.527162E-4
758514386299855,3.054324E-4,-1.527162E-4,-4.581486E-4
758514408031470,0.0,-1.527162E-4,-4.581486E-4
758514429763033,-1.527162E-4,3.054324E-4,-1.527162E-4
758514451494647,3.054324E-4,-3.054324E-4,-1.527162E-4
758514473226262,3.054324E-4,6.108648E-4,-7.6358096E-4
758514494957824,0.0,-1.527162E-4,-7.6358096E-4
758514516689439,-4.581486E-4,-3.054324E-4,-4.581486E-4
758514538421053,0.0,-1.527162E-4,-1.527162E-4
758514560152616,-1.527162E-4,1.527162E-4,-1.527162E-4
758514581884230,-1.527162E-4,-1.527162E-4,-1.527162E-4
758514603615845,0.0,-3.054324E-4,0.0
758514625347408,0.0,-1.527162E-4,3.054324E-4
758514647079022,0.0,-1.527162E-4,0.0
758514668810637,4.581486E-4,-0.0021380268,3.054324E-4
758514690542199,-4.581486E-4,0.0010690134,-1.527162E-4
758514712273814,3.054324E-4,3.054324E-4,-7.6358096E-4
758514734005376,7.6358096E-4,-0.0010690134,-1.527162E-4
758514755736991,-7.6358096E-4,0.0013744457,3.054324E-4
758514777468605,-1.527162E-4,-1.527162E-4,-4.581486E-4
758514799200168,4.581486E-4,-9.162972E-4,-1.527162E-4
758514820931783,0.0,9.162972E-4,0.0
758514842663397,0.0,1.527162E-4,0.0
758514864394960,0.0,6.108648E-4,0.0
758514886126574,-9.162972E-4,0.0018325944,3.054324E-4
758514907858189,-9.162972E-4,1.527162E-4,-4.581486E-4
758514929589751,3.054324E-4,-0.0010690134,-4.581486E-4
758514951321366,0.0,1.527162E-4,-1.527162E-4
758514973052928,-7.6358096E-4,0.0010690134,-4.581486E-4
758514994784543,4.581486E-4,-0.0015271619,-1.527162E-4
758515016516105,-1.527162E-4,6.108648E-4,0.0
758515038247720,0.0,0.0010690134,0.0
758515059979335,0.0,-9.162972E-4,-4.581486E-4
758515081710897,-4.581486E-4,0.0013744457,0.0
758515103442512,-1.527162E-4,-1.527162E-4,-4.581486E-4
758515125174074,-4.581486E-4,6.108648E-4,0.0
758515146905689,-7.6358096E-4,0.0010690134,3.054324E-4
758515168637303,4.581486E-4,-9.162972E-4,0.0
758515190368866,0.0,-3.054324E-4,-1.527162E-4
758515212100480,0.0,3.054324E-4,-4.581486E-4
758515233832095,-1.527162E-4,1.527162E-4,-7.6358096E-4
758515255563658,0.0,9.162972E-4,-1.527162E-4
758515277295272,-4.581486E-4,-3.054324E-4,-1.527162E-4
758515299026835,3.054324E-4,-3.054324E-4,-4.581486E-4
758515320758449,4.581486E-4,3.054324E-4,3.054324E-4
758515342490064,3.054324E-4,-1.527162E-4,-1.527162E-4
758515364221626,0.0,1.527162E-4,0.0
758515385953241,0.0,1.527162E-4,-1.527162E-4
758515407684803,3.054324E-4,1.527162E-4,-1.527162E-4
758515429416418,-7.6358096E-4,6.108648E-4,3.054324E-4
758515451147980,0.0,-0.0018325944,0.0
758515472879595,-1.527162E-4,-1.527162E-4,0.0
758515494611210,-9.162972E-4,0.0013744457,-1.527162E-4
758515516342772,3.054324E-4,-9.162972E-4,-1.527162E-4
758515538074387,-7.6358096E-4,6.108648E-4,-4.581486E-4
758515559805949,0.0,3.054324E-4,-1.527162E-4
758515581537564,0.0,-6.108648E-4,0.0
758515603269178,-1.527162E-4,0.0021380268,-7.6358096E-4
758515625000741,0.0,-6.108648E-4,0.0
758515646732355,-1.527162E-4,-3.054324E-4,0.0
758515668463918,-9.162972E-4,9.162972E-4,-7.6358096E-4
758515690195533,0.0,3.054324E-4,3.054324E-4
758515711927095,0.0,1.527162E-4,0.0
758515733658710,0.0,-1.527162E-4,3.054324E-4
758515755390272,-7.6358096E-4,0.002290743,-4.581486E-4
758515777121887,7.6358096E-4,-0.0013744457,-4.581486E-4
758515798853501,3.054324E-4,-1.527162E-4,0.0
758515820585064,-1.527162E-4,9.162972E-4,3.054324E-4
758515842316678,4.581486E-4,-9.162972E-4,0.0
758515864048241,-7.6358096E-4,0.0015271619,0.0
758515885779855,-1.527162E-4,-0.0015271619,3.054324E-4
758515907511418,-7.6358096E-4,6.108648E-4,-4.581486E-4
758515929243033,0.0,1.527162E-4,-1.527162E-4
758515950974595,3.054324E-4,-1.527162E-4,0.0
758515972706210,-0.0012217296,0.002290743,3.054324E-4
758515994437824,4.581486E-4,-0.0010690134,3.054324E-4
758516016169387,-7.6358096E-4,3.054324E-4,3.054324E-4
758516037901001,-1.527162E-4,0.0010690134,-7.6358096E-4
758516059632564,0.0012217296,-0.0013744457,-4.581486E-4
758516081364178,-1.527162E-4,9.162972E-4,-4.581486E-4
758516103095741,3.054324E-4,-3.054324E-4,-4.581486E-4
758516124827355,-1.527162E-4,1.527162E-4,3.054324E-4
758516146558918,-9.162972E-4,-1.527162E-4,3.054324E-4
758516168290533,7.6358096E-4,-3.054324E-4,-4.581486E-4
758516190022147,3.054324E-4,3.054324E-4,-4.581486E-4
758516211753710,-7.6358096E-4,9.162972E-4,0.0
758516233485324,4.581486E-4,-0.0015271619,-4.581486E-4
758516255216887,7.6358096E-4,6.108648E-4,3.054324E-4
758516276948501,-0.0016798781,0.0018325944,-1.527162E-4
758516298680064,4.581486E-4,-0.0015271619,3.054324E-4
758516320411678,-1.527162E-4,1.527162E-4,0.0
758516342143241,-4.581486E-4,0.0010690134,-4.581486E-4
758516363874855,-1.527162E-4,-3.054324E-4,-1.527162E-4
758516385606418,-9.162972E-4,0.0010690134,-1.527162E-4
758516407338033,7.6358096E-4,-0.0013744457,4.581486E-4
758516429069595,-7.6358096E-4,9.162972E-4,-4.581486E-4
758516450801210,-1.527162E-4,0.0013744457,-1.527162E-4
758516472532772,0.0,-0.0018325944,3.054324E-4
758516494264387,-4.581486E-4,1.527162E-4,-4.581486E-4
758516515996001,-1.527162E-4,3.054324E-4,0.0
758516537727564,0.0,3.054324E-4,0.0
758516559459178,-4.581486E-4,-3.054324E-4,-1.527162E-4
758516581190741,3.054324E-4,3.054324E-4,-4.581486E-4
758516602922355,0.0,6.108648E-4,-4.581486E-4
758516624653918,-4.581486E-4,-0.0013744457,0.0
758516646385533,-1.527162E-4,0.0010690134,-4.581486E-4
758516668117095,-4.581486E-4,-1.527162E-4,3.054324E-4
758516689848710,7.6358096E-4,-0.0010690134,3.054324E-4
758516711580272,-4.581486E-4,9.162972E-4,-1.527162E-4
758516733311887,0.0,-1.527162E-4,0.0
758516755043449,-4.581486E-4,-3.054324E-4,3.054324E-4
758516776775064,-7.6358096E-4,6.108648E-4,0.0
758516798506626,-1.527162E-4,3.054324E-4,3.054324E-4
758516820238241,0.0,-6.108648E-4,4.581486E-4
758516841969803,-9.162972E-4,0.0010690134,0.0
758516863701418,-1.527162E-4,9.162972E-4,-7.6358096E-4
758516885432980,0.0,-0.0018325944,0.0
758516907164595,-0.0016798781,0.0018325944,3.054324E-4
758516928896158,-1.527162E-4,-1.527162E-4,-7.6358096E-4
758516950627772,4.581486E-4,-0.0010690134,3.054324E-4
758516972359335,-7.6358096E-4,0.0015271619,0.0
758516994090949,-1.527162E-4,-9.162972E-4,-4.581486E-4
758517015822512,4.581486E-4,-0.0010690134,4.581486E-4
758517037554126,-4.581486E-4,0.0015271619,-1.527162E-4
758517059285689,-7.6358096E-4,1.527162E-4,0.0
758517081017303,3.054324E-4,-6.108648E-4,-4.581486E-4
758517102748866,-9.162972E-4,6.108648E-4,0.0
758517124480480,-1.527162E-4,-9.162972E-4,-1.527162E-4
758517146212043,3.054324E-4,1.527162E-4,-1.527162E-4
758517167943658,0.0,0.0010690134,3.054324E-4
758517189675220,7.6358096E-4,-1.527162E-4,-1.527162E-4
758517211406835,-4.581486E-4,9.162972E-4,-7.6358096E-4
758517233138397,-1.527162E-4,-9.162972E-4,0.0
758517254870012,0.0,1.527162E-4,3.054324E-4
758517276601574,-4.581486E-4,3.054324E-4,-1.527162E-4
758517298333189,4.581486E-4,-9.162972E-4,0.0
758517320064751,0.0,3.054324E-4,-1.527162E-4
758517341796366,-0.0012217296,0.0015271619,3.054324E-4
758517363527928,4.581486E-4,-0.0015271619,0.0
758517385259543,3.054324E-4,1.527162E-4,-4.581486E-4
758517406991105,-7.6358096E-4,6.108648E-4,-1.527162E-4
758517428722668,3.054324E-4,-3.054324E-4,0.0
758517450454283,-7.6358096E-4,6.108648E-4,-1.527162E-4
758517472185897,0.0,-6.108648E-4,3.054324E-4
758517493917460,3.054324E-4,-6.108648E-4,3.054324E-4
758517515649022,-7.6358096E-4,-1.527162E-4,0.0
758517537380637,-1.527162E-4,0.002290743,-4.581486E-4
758517559112199,-1.527162E-4,-0.0013744457,3.054324E-4
758517580843814,0.0,-0.0010690134,-4.581486E-4
758517602575376,-1.527162E-4,0.0018325944,-9.162972E-4
758517624306991,-1.527162E-4,-1.527162E-4,0.0
758517646038553,-1.527162E-4,-9.162972E-4,0.0
758517667770168,0.0,6.108648E-4,0.0
758517689501730,0.0,-9.162972E-4,3.054324E-4
758517711233345,3.054324E-4,1.527162E-4,-1.527162E-4
758517732964908,-7.6358096E-4,9.162972E-4,3.054324E-4
758517754696470,0.0,-6.108648E-4,0.0
758517776428085,-9.162972E-4,-3.054324E-4,-1.527162E-4
758517798159647,0.0,-1.527162E-4,0.0
758517819891262,-4.581486E-4,9.162972E-4,-4.581486E-4
758517841622824,-1.527162E-4,-3.054324E-4,-1.527162E-4
758517863354439,-1.527162E-4,3.054324E-4,0.0
758517885086001,-4.581486E-4,6.108648E-4,-4.581486E-4
758517906817616,4.581486E-4,-0.0010690134,-4.581486E-4
758517928549178,-4.581486E-4,3.054324E-4,3.054324E-4
758517950280741,-4.581486E-4,6.108648E-4,-4.581486E-4
758517972012355,3.054324E-4,-3.054324E-4,-1.527162E-4
758517993743918,-4.581486E-4,6.108648E-4,0.0
758518015475533,-7.6358096E-4,-0.0010690134,0.0
758518037207095,0.0,0.0010690134,-1.527162E-4
758518058938710,0.0,6.108648E-4,-1.527162E-4
758518080670272,-7.6358096E-4,-3.054324E-4,0.0
758518102401887,0.0,-1.527162E-4,3.054324E-4
758518124133449,-4.581486E-4,6.108648E-4,3.054324E-4
758518145865064,0.0,-9.162972E-4,3.054324E-4
758518167596626,-9.162972E-4,3.054324E-4,-1.527162E-4
758518189328189,-1.527162E-4,9.162972E-4,0.0
758518211059803,0.0,-0.0010690134,-4.581486E-4
758518232791366,0.0,0.0010690134,-1.527162E-4
758518254522980,4.581486E-4,6.108648E-4,0.0
758518276254543,0.0,-0.0013744457,-4.581486E-4
758518297986158,0.0,-3.054324E-4,0.0
758518319717720,-4.581486E-4,9.162972E-4,0.0
758518341449335,-7.6358096E-4,-3.054324E-4,0.0
758518363180897,3.054324E-4,9.162972E-4,-4.581486E-4
758518384912512,-1.527162E-4,0.0010690134,-1.527162E-4
758518406644074,0.0,-9.162972E-4,-7.6358096E-4
758518428375689,3.054324E-4,1.527162E-4,-4.581486E-4
758518450107251,-1.527162E-4,9.162972E-4,0.0
758518471838866,-1.527162E-4,-0.0018325944,-1.527162E-4
758518493570428,3.054324E-4,0.0018325944,-1.527162E-4
758518515302043,-4.581486E-4,0.0010690134,0.0
758518537033605,7.6358096E-4,-0.0018325944,0.0
758518558765220,3.054324E-4,6.108648E-4,3.054324E-4
758518580496783,-9.162972E-4,0.0010690134,-4.581486E-4
758518602228397,4.581486E-4,-0.0010690134,-1.527162E-4
758518623960012,-4.581486E-4,0.0025961753,0.0
758518645691574,3.054324E-4,-9.162972E-4,0.0
758518667423189,-1.527162E-4,-1.527162E-4,-1.527162E-4
758518689154751,-4.581486E-4,0.0025961753,-1.527162E-4
758518710886366,0.0,-0.0010690134,-4.581486E-4
758518732617928,0.0,-6.108648E-4,-1.527162E-4
758518754349543,-7.6358096E-4,0.002290743,-7.6358096E-4
758518776081105,3.054324E-4,-0.0013744457,0.0
758518797812720,3.054324E-4,1.527162E-4,-4.581486E-4
758518819544283,-7.6358096E-4,0.0025961753,-1.527162E-4
758518841275897,4.581486E-4,-0.0021380268,4.581486E-4
758518863007512,3.054324E-4,-1.527162E-4,-4.581486E-4
758518884739074,-7.6358096E-4,0.002290743,3.054324E-4
758518906470689,-1.527162E-4,-0.0021380268,-1.527162E-4
758518928202251,-7.6358096E-4,0.0015271619,-1.527162E-4
758518949933866,-7.6358096E-4,3.054324E-4,0.0
758518971665428,4.581486E-4,-0.002290743,3.054324E-4
758518993397043,-9.162972E-4,0.0018325944,-4.581486E-4
758519015128658,-4.581486E-4,-0.0010690134,-1.527162E-4
758519036860220,-1.527162E-4,-6.108648E-4,-4.581486E-4
758519058591835,-7.6358096E-4,9.162972E-4,-4.581486E-4
758519080323397,0.0,-0.0010690134,-4.581486E-4
758519102055012,-7.6358096E-4,0.0010690134,-7.6358096E-4
758519123786626,-1.527162E-4,1.527162E-4,0.0
758519145518189,-7.6358096E-4,-1.527162E-4,-1.527162E-4
758519167249803,-4.581486E-4,0.0015271619,-4.581486E-4
758519188981366,4.581486E-4,-0.0013744457,0.0
758519210712980,0.0,1.527162E-4,-4.581486E-4
758519232444543,-4.581486E-4,1.527162E-4,-4.581486E-4
758519254176158,3.054324E-4,-0.0013744457,-1.527162E-4
758519275907720,-4.581486E-4,6.108648E-4,-1.527162E-4
758519297639335,-4.581486E-4,6.108648E-4,3.054324E-4
758519319370949,-1.527162E-4,3.054324E-4,-4.581486E-4
758519341102512,-1.527162E-4,6.108648E-4,-4.581486E-4
758519362834126,4.581486E-4,1.527162E-4,-1.527162E-4
758519384565689,3.054324E-4,1.527162E-4,0.0
758519406297303,0.0,1.527162E-4,-4.581486E-4
758519428028918,-4.581486E-4,-1.527162E-4,0.0
758519449760480,-1.527162E-4,-1.527162E-4,-4.581486E-4
758519471492095,7.6358096E-4,3.054324E-4,-1.527162E-4
758519493223658,0.0,1.527162E-4,3.054324E-4
758519514955272,3.054324E-4,-6.108648E-4,4.581486E-4
758519536686835,-4.581486E-4,3.054324E-4,-1.527162E-4
758519558418449,-4.581486E-4,-3.054324E-4,0.0
758519580150012,3.054324E-4,-9.162972E-4,-4.581486E-4
758519601881626,0.0,6.108648E-4,0.0
758519623613189,4.581486E-4,-1.527162E-4,0.0
758519645344803,0.0,3.054324E-4,-7.6358096E-4
758519667076418,-1.527162E-4,9.162972E-4,-4.581486E-4
758519688807980,0.0,-0.0013744457,0.0
758519710539595,-1.527162E-4,-3.054324E-4,3.054324E-4
758519732271158,0.0,6.108648E-4,-1.527162E-4
758519754002772,-1.527162E-4,-3.054324E-4,4.581486E-4
758519775734335,-7.6358096E-4,6.108648E-4,-1.527162E-4
758519797465949,-4.581486E-4,3.054324E-4,0.0
758519819197564,-1.527162E-4,-6.108648E-4,0.0
758519840929126,-1.527162E-4,0.0010690134,-1.527162E-4
758519862660741,-1.527162E-4,-1.527162E-4,-4.581486E-4
758519884392303,-1.527162E-4,1.527162E-4,0.0
758519906123918,-1.527162E-4,0.0010690134,-7.6358096E-4
758519927855533,0.0010690134,-3.054324E-4,-1.527162E-4
758519949587095,-1.527162E-4,-6.108648E-4,-1.527162E-4
758519971318710,0.0,9.162972E-4,-1.527162E-4
758519993050272,0.0,-0.0010690134,-4.581486E-4
758520014781887,-7.6358096E-4,9.162972E-4,0.0
758520036513501,-4.581486E-4,1.527162E-4,-4.581486E-4
758520058245064,3.054324E-4,-9.162972E-4,0.0
758520079976678,-9.162972E-4,1.527162E-4,-1.527162E-4
758520101708241,-1.527162E-4,3.054324E-4,-7.6358096E-4
758520123439855,0.0,-6.108648E-4,-1.527162E-4
758520145171470,7.6358096E-4,3.054324E-4,-4.581486E-4
758520166903033,-4.581486E-4,9.162972E-4,-1.527162E-4
758520188634647,3.054324E-4,-9.162972E-4,3.054324E-4
758520210366262,-4.581486E-4,1.527162E-4,3.054324E-4
758520232097824,-1.527162E-4,1.527162E-4,-4.581486E-4
758520253829439,0.0,-9.162972E-4,-1.527162E-4
758520275561053,-4.581486E-4,0.0013744457,-1.527162E-4
758520297292668,4.581486E-4,-0.0010690134,3.054324E-4
758520319024230,-1.527162E-4,6.108648E-4,-4.581486E-4
758520340755845,-1.527162E-4,9.162972E-4,-1.527162E-4
758520362487408,3.054324E-4,-0.0013744457,0.0
758520384219022,-1.527162E-4,0.0010690134,-4.581486E-4
758520405950637,0.0,1.527162E-4,0.0
758520427682251,0.0,-9.162972E-4,3.054324E-4
758520449413814,-4.581486E-4,6.108648E-4,-7.6358096E-4
758520471145428,3.054324E-4,-6.108648E-4,0.0
758520492877043,4.581486E-4,-9.162972E-4,-1.527162E-4
758520514608605,-7.6358096E-4,9.162972E-4,0.0
758520536340220,3.054324E-4,-1.527162E-4,-4.581486E-4
758520558071835,3.054324E-4,-9.162972E-4,-4.581486E-4
758520579803449,-1.527162E-4,0.0018325944,-4.581486E-4
758520601535064,3.054324E-4,-0.0010690134,3.054324E-4
758520623266626,4.581486E-4,-1.527162E-4,-1.527162E-4
758520644998241,-7.6358096E-4,0.0018325944,0.0
758520666729855,3.054324E-4,-0.0013744457,-1.527162E-4
758520688461418,4.581486E-4,3.054324E-4,3.054324E-4
758520710193033,-9.162972E-4,0.0018325944,-7.6358096E-4
758520731924647,0.0010690134,-0.0030543238,-1.527162E-4
758520753656262,7.6358096E-4,0.0010690134,-4.581486E-4
758520775387824,-7.6358096E-4,0.0010690134,0.0
758520797119439,0.0010690134,-0.0013744457,3.054324E-4
758520818851053,-1.527162E-4,6.108648E-4,0.0
758520840582616,-4.581486E-4,0.0010690134,-1.527162E-4
758520862314230,3.054324E-4,-0.0015271619,0.0
758520884045845,0.0,9.162972E-4,0.0
758520905777460,0.0,0.0015271619,-4.581486E-4
758520927509074,4.581486E-4,-0.002290743,3.054324E-4
758520949240637,-4.581486E-4,0.0013744457,0.0
758520970972251,-7.6358096E-4,6.108648E-4,-4.581486E-4
758520992703866,0.0012217296,-0.0010690134,-1.527162E-4
758521014435428,-9.162972E-4,0.0013744457,-4.581486E-4
758521036167043,7.6358096E-4,1.527162E-4,-7.6358096E-4
758521057898658,0.0,-3.054324E-4,3.054324E-4
758521079630272,0.0,0.0013744457,3.054324E-4
758521101361835,-1.527162E-4,-6.108648E-4,-4.581486E-4
758521123093449,7.6358096E-4,9.162972E-4,-1.527162E-4
758521144825064,-9.162972E-4,0.0010690134,0.0
758521166556678,3.054324E-4,-9.162972E-4,-1.527162E-4
758521188288241,0.0,-3.054324E-4,-4.581486E-4
758521210019855,0.0,6.108648E-4,-4.581486E-4
758521231751470,-1.527162E-4,-3.054324E-4,-1.527162E-4
758521253483085,4.581486E-4,-3.054324E-4,0.0
758521275214699,-4.581486E-4,9.162972E-4,-4.581486E-4
758521296946262,0.0,-3.054324E-4,3.054324E-4
758521318677876,3.054324E-4,-3.054324E-4,-1.527162E-4
758521340409491,-1.527162E-4,0.0013744457,0.0
758521362141105,-7.6358096E-4,3.054324E-4,-4.581486E-4
758521383872668,3.054324E-4,-0.0018325944,-1.527162E-4
758521405604283,-7.6358096E-4,0.0018325944,-4.581486E-4
758521427335897,0.0,1.527162E-4,-4.581486E-4
758521449067460,-4.581486E-4,-9.162972E-4,0.0
758521470799074,-1.527162E-4,0.0015271619,-4.581486E-4
758521492530689,-1.527162E-4,1.527162E-4,-7.6358096E-4
758521514262303,0.0,-0.0010690134,4.581486E-4
758521535993866,3.054324E-4,3.054324E-4,-1.527162E-4
758521557725480,-1.527162E-4,-0.0018325944,-1.527162E-4
758521579457095,-9.162972E-4,0.002290743,-4.581486E-4
758521601188710,3.054324E-4,-9.162972E-4,0.0
758521622920272,3.054324E-4,-9.162972E-4,0.0
758521644651887,-0.0016798781,0.0035124724,-1.527162E-4
758521666383501,-4.581486E-4,-0.0021380268,3.054324E-4
758521688115116,3.054324E-4,1.527162E-4,-7.6358096E-4
758521709846678,-4.581486E-4,0.0010690134,-7.6358096E-4
758521731578293,0.0015271619,-0.0018325944,3.054324E-4
758521753309908,-4.581486E-4,0.0010690134,-4.581486E-4
758521775041470,-4.581486E-4,-3.054324E-4,0.0
758521796773085,0.0,-9.162972E-4,-1.527162E-4
758521818504699,-7.6358096E-4,0.0021380268,0.0
758521840236314,3.054324E-4,-3.054324E-4,0.0
758521861967876,4.581486E-4,-3.054324E-4,-1.527162E-4
758521883699491,-4.581486E-4,1.527162E-4,-1.527162E-4
758521905431105,-1.527162E-4,6.108648E-4,-4.581486E-4
758521927162720,3.054324E-4,1.527162E-4,0.0
758521948894283,7.6358096E-4,-6.108648E-4,3.054324E-4
758521970625897,-1.527162E-4,0.0010690134,-1.527162E-4
758521992357512,0.0,-1.527162E-4,-1.527162E-4
758522014089126,0.0012217296,-0.0018325944,3.054324E-4
758522035820689,-4.581486E-4,0.0018325944,-1.527162E-4
758522057552303,3.054324E-4,-3.054324E-4,0.0
758522079283918,4.581486E-4,-3.054324E-4,-4.581486E-4
758522101015533,-4.581486E-4,0.0013744457,-7.6358096E-4
758522122747095,3.054324E-4,-0.0013744457,-4.581486E-4
758522144478710,3.054324E-4,3.054324E-4,-7.6358096E-4
758522166210324,3.054324E-4,0.0010690134,0.0
758522187941939,7.6358096E-4,-9.162972E-4,-7.6358096E-4
758522209673501,3.054324E-4,1.527162E-4,-1.527162E-4
758522231405116,-1.527162E-4,-1.527162E-4,-1.527162E-4
758522253136730,4.581486E-4,-1.527162E-4,-1.527162E-4
758522274868345,-7.6358096E-4,3.054324E-4,0.0
758522296599908,3.054324E-4,-0.0018325944,-1.527162E-4
758522318331522,-4.581486E-4,6.108648E-4,-1.527162E-4
758522340063137,0.0,1.527162E-4,-4.581486E-4
758522361794751,0.0,-1.527162E-4,-4.581486E-4
758522383526314,4.581486E-4,-6.108648E-4,-4.581486E-4
758522405257928,-4.581486E-4,6.108648E-4,-1.527162E-4
758522426989543,-1.527162E-4,-1.527162E-4,-1.527162E-4
758522448721158,-7.6358096E-4,6.108648E-4,-4.581486E-4
758522470452720,4.581486E-4,-1.527162E-4,-4.581486E-4
758522492184335,0.0,-3.054324E-4,-4.581486E-4
758522513915949,-1.527162E-4,1.527162E-4,-7.6358096E-4
758522535647564,4.581486E-4,1.527162E-4,0.0
758522557379126,0.0,-1.527162E-4,-1.527162E-4
758522579110741,-7.6358096E-4,1.527162E-4,-7.6358096E-4
758522600842355,4.581486E-4,1.527162E-4,0.0
758522622573970,-9.162972E-4,-1.527162E-4,-1.527162E-4
758522644305533,-1.527162E-4,0.0010690134,-4.581486E-4
758522666037147,-7.6358096E-4,9.162972E-4,0.0
758522687768762,7.6358096E-4,-0.0015271619,-1.527162E-4
758522709500324,-4.581486E-4,9.162972E-4,0.0
758522731231939,-1.527162E-4,9.162972E-4,-4.581486E-4
758522752963553,4.581486E-4,-0.0010690134,4.581486E-4
758522774695168,-0.0012217296,0.0010690134,-1.527162E-4
758522796426730,0.0,-3.054324E-4,-4.581486E-4
758522818158345,3.054324E-4,-0.0013744457,-1.527162E-4
758522839889960,-0.0012217296,0.0018325944,3.054324E-4
758522861621574,-4.581486E-4,-6.108648E-4,-4.581486E-4
758522883353137,0.0,-9.162972E-4,-4.581486E-4
758522905084751,-9.162972E-4,9.162972E-4,-7.6358096E-4
758522926816366,-1.527162E-4,-0.0010690134,-1.527162E-4
758522948547928,-7.6358096E-4,3.054324E-4,-4.581486E-4
758522970279543,0.0,6.108648E-4,3.054324E-4
758522992011158,0.0,1.527162E-4,-7.6358096E-4
758523013742772,-4.581486E-4,6.108648E-4,0.0
758523035474335,0.0,-6.108648E-4,0.0
758523057205949,-7.6358096E-4,0.0013744457,3.054324E-4
758523078937564,-7.6358096E-4,-3.054324E-4,-1.527162E-4
758523100669178,4.581486E-4,-9.162972E-4,4.581486E-4
758523122400741,3.054324E-4,6.108648E-4,-1.527162E-4
758523144132355,-1.527162E-4,1.527162E-4,-1.527162E-4
758523165863970,-7.6358096E-4,0.0010690134,-1.527162E-4
758523187595585,-9.162972E-4,3.054324E-4,0.0
758523209327147,3.054324E-4,-6.108648E-4,3.054324E-4
758523231058762,-7.6358096E-4,0.0021380268,0.0
758523252790376,3.054324E-4,-0.0010690134,-4.581486E-4
758523274521939,-4.581486E-4,-6.108648E-4,3.054324E-4
758523296253553,-0.0012217296,0.0025961753,-1.527162E-4
758523317985168,-1.527162E-4,3.054324E-4,-4.581486E-4
758523339716783,-1.527162E-4,0.0021380268,3.054324E-4
758523361448345,-7.6358096E-4,9.162972E-4,-1.527162E-4
758523383179960,0.0,-0.0013744457,-4.581486E-4
758523404911574,-0.0012217296,0.0025961753,0.0
758523426643189,4.581486E-4,-6.108648E-4,-4.581486E-4
758523448374751,7.6358096E-4,-0.0013744457,-4.581486E-4
758523470106366,0.0,0.0013744457,-1.527162E-4
758523491837980,7.6358096E-4,-6.108648E-4,0.0
758523513569543,0.0,-3.054324E-4,-1.527162E-4
758523535301158,-7.6358096E-4,0.0010690134,-4.581486E-4
758523557032772,3.054324E-4,-1.527162E-4,0.0
758523578764387,-4.581486E-4,-3.054324E-4,-1.527162E-4
758523600495949,-1.527162E-4,6.108648E-4,-1.527162E-4
758523622227564,-1.527162E-4,-6.108648E-4,-4.581486E-4
758523643959178,0.0,9.162972E-4,-1.527162E-4
758523665690741,-4.581486E-4,3.054324E-4,-1.527162E-4
758523687422355,0.0,-6.108648E-4,-1.527162E-4
758523709153970,0.0,0.0010690134,0.0
758523730885585,4.581486E-4,1.527162E-4,3.054324E-4
758523752617147,-4.581486E-4,-6.108648E-4,-4.581486E-4
758523774348762,-9.162972E-4,6.108648E-4,-4.581486E-4
758523796080376,4.581486E-4,-3.054324E-4,-1.527162E-4
758523817811939,4.581486E-4,-3.054324E-4,-1.527162E-4
758523839543553,-7.6358096E-4,9.162972E-4,0.0
758523861275168,3.054324E-4,-0.0010690134,-4.581486E-4
758523883006730,-9.162972E-4,-1.527162E-4,-1.527162E-4
758523904738345,-4.581486E-4,9.162972E-4,-4.581486E-4
758523926469960,-4.581486E-4,-6.108648E-4,0.0
758523948201574,-1.527162E-4,-3.054324E-4,4.581486E-4
758523969933137,-7.6358096E-4,3.054324E-4,0.0
758523991664751,-1.527162E-4,-9.162972E-4,0.0
758524013396366,0.0,3.054324E-4,0.0
758524035127928,-9.162972E-4,6.108648E-4,0.0
758524056859543,0.0,-3.054324E-4,3.054324E-4
758524078591158,-3.054324E-4,9.162972E-4,-3.054324E-4
758524100322772,-1.527162E-4,-4.581486E-4,-0.0
758524122054335,-1.527162E-4,-0.0,4.581486E-4
758524143785949,-1.527162E-4,0.0012217296,1.527162E-4
758524165517564,4.581486E-4,-0.0016798781,4.581486E-4
758524187249126,-1.527162E-4,0.0012217296,-3.054324E-4
758524208980741,-1.527162E-4,4.581486E-4,-0.0
758524230712355,-1.527162E-4,-0.0016798781,1.527162E-4
758524252443918,-3.054324E-4,9.162972E-4,-0.0
758524274175533,4.581486E-4,-4.581486E-4,1.527162E-4
758524295907147,4.581486E-4,-4.581486E-4,4.581486E-4
758524317638710,-6.108648E-4,0.0016798781,-3.054324E-4
758524339370324,4.581486E-4,-0.0010690134,4.581486E-4
758524361101939,-3.054324E-4,-3.054324E-4,1.527162E-4
758524382833553,-3.054324E-4,-3.054324E-4,-0.0
758524404565116,-1.527162E-4,-4.581486E-4,1.527162E-4
758524426296730,-1.527162E-4,1.527162E-4,-0.0
758524448028345,6.108648E-4,1.527162E-4,1.527162E-4
758524469759908,4.581486E-4,-3.054324E-4,1.527162E-4
758524491491522,-1.527162E-4,-4.581486E-4,4.581486E-4
758524513223137,1.527162E-4,4.581486E-4,-3.054324E-4
758524534954699,6.108648E-4,-7.6358096E-4,7.6358096E-4
758524556686314,-3.054324E-4,-4.581486E-4,-3.054324E-4
758524578417928,-1.527162E-4,-0.0,-0.0
758524600149491,1.527162E-4,-0.0012217296,-3.054324E-4
758524621881105,1.527162E-4,9.162972E-4,-0.0
758524643612720,4.581486E-4,-0.0,-0.0
758524665344283,-3.054324E-4,-3.054324E-4,1.527162E-4
758524687075897,1.527162E-4,4.581486E-4,-4.581486E-4
758524708807512,6.108648E-4,-0.0012217296,4.581486E-4
758524730539126,-6.108648E-4,7.6358096E-4,4.581486E-4
758524752270689,-6.108648E-4,1.527162E-4,-0.0
758524774002303,4.581486E-4,-0.0010690134,-3.054324E-4
758524795733866,4.581486E-4,0.0012217296,1.527162E-4
758524817465480,6.108648E-4,-0.0,4.581486E-4
758524839197095,4.581486E-4,4.581486E-4,1.527162E-4
758524860928658,9.162972E-4,-3.054324E-4,1.527162E-4
758524882660272,-6.108648E-4,-0.0,-4.581486E-4
758524904391887,1.527162E-4,-4.581486E-4,4.581486E-4
758524926123449,-3.054324E-4,9.162972E-4,1.527162E-4
758524947855064,1.527162E-4,-4.581486E-4,-0.0
758524969586678,4.581486E-4,1.527162E-4,-0.0
758524991318241,1.527162E-4,-3.054324E-4,-0.0
758525013049855,-6.108648E-4,-0.0,-3.054324E-4
758525034781470,-1.527162E-4,1.527162E-4,1.527162E-4
758525056513033,-1.527162E-4,-4.581486E-4,1.527162E-4
758525078244647,1.527162E-4,7.6358096E-4,-0.0
758525099976262,1.527162E-4,-7.6358096E-4,-3.054324E-4
758525121707824,-1.527162E-4,1.527162E-4,-0.0
758525143439439,-6.108648E-4,-0.0,4.581486E-4
758525165171053,1.527162E-4,-4.581486E-4,1.527162E-4
758525186902616,4.581486E-4,-3.054324E-4,1.527162E-4
758525208634230,-3.054324E-4,9.162972E-4,1.527162E-4
758525230365845,4.581486E-4,-3.054324E-4,7.6358096E-4
758525252097408,-3.054324E-4,7.6358096E-4,-0.0
758525273829022,4.581486E-4,-0.0010690134,-0.0
758525295560637,6.108648E-4,-0.0,1.527162E-4
758525317292199,1.527162E-4,7.6358096E-4,1.527162E-4
758525339023814,1.527162E-4,-0.0015271619,4.581486E-4
758525360755376,4.581486E-4,-0.0,4.581486E-4
758525382486991,-1.527162E-4,4.581486E-4,1.527162E-4
758525404218605,4.581486E-4,-7.6358096E-4,-3.054324E-4
758525425950168,-6.108648E-4,4.581486E-4,1.527162E-4
758525447681783,-1.527162E-4,-0.0,-3.054324E-4
758525469413397,-1.527162E-4,-7.6358096E-4,-4.581486E-4
758525491144960,-3.054324E-4,4.581486E-4,-0.0
758525512876574,1.527162E-4,-0.0010690134,-0.0
758525534608189,-1.527162E-4,-3.054324E-4,1.527162E-4
758525556339751,-1.527162E-4,1.527162E-4,1.527162E-4
758525578071366,9.162972E-4,-0.0,-0.0
758525599802928,-1.527162E-4,-4.581486E-4,-0.0
758525621534543,-6.108648E-4,4.581486E-4,-0.0
758525643266158,1.527162E-4,-0.0012217296,1.527162E-4
758525664997720,-6.108648E-4,9.162972E-4,1.527162E-4
758525686729335,6.108648E-4,-0.0010690134,-0.0
758525708460897,-3.054324E-4,-4.581486E-4,-0.0
758525730192512,-1.527162E-4,1.527162E-4,-4.581486E-4
758525751924126,4.581486E-4,-3.054324E-4,1.527162E-4
758525773655689,-0.0013744457,0.0012217296,-3.054324E-4
758525795387303,-6.108648E-4,-4.581486E-4,1.527162E-4
758525817118844,-1.527162E-4,-7.6358096E-4,-0.0
758525838850406,-7.6358096E-4,7.6358096E-4,-0.0
758525860582021,1.527162E-4,-0.0010690134,-3.054324E-4
758525882313584,4.581486E-4,-4.581486E-4,-3.054324E-4
758525904045198,1.527162E-4,9.162972E-4,-4.581486E-4
758525925776813,-1.527162E-4,-0.0,1.527162E-4
758525947508375,-1.527162E-4,-3.054324E-4,-0.0
758525969239990,-1.527162E-4,9.162972E-4,-4.581486E-4
758525990971552,4.581486E-4,-4.581486E-4,-0.0
758526012703167,-3.054324E-4,1.527162E-4,-4.581486E-4
758526034434781,1.527162E-4,7.6358096E-4,4.581486E-4
758526056166344,4.581486E-4,-7.6358096E-4,1.527162E-4
758526077897959,-6.108648E-4,0.0012217296,-1.527162E-4
758526099629521,1.527162E-4,-0.0010690134,-1.527162E-4
758526121361136,-3.054324E-4,-3.054324E-4,-3.054324E-4
758526143092698,1.527162E-4,1.527162E-4,-1.527162E-4
758526164824313,6.108648E-4,-4.581486E-4,4.581486E-4
758526186555927,-0.0,7.6358096E-4,-6.108648E-4
758526208287490,1.527162E-4,-0.0012217296,-3.054324E-4
758526230019104,4.581486E-4,4.581486E-4,-3.054324E-4
758526251750719,-3.054324E-4,1.527162E-4,-3.054324E-4
758526273482281,1.527162E-4,-4.581486E-4,4.581486E-4
758526295213844,4.581486E-4,4.581486E-4,-6.108648E-4
758526316945459,-6.108648E-4,-0.0,-1.527162E-4
758526338677073,1.527162E-4,-0.0015271619,-6.108648E-4
758526360408636,-0.0,7.6358096E-4,1.527162E-4
758526382140250,-0.0,-7.6358096E-4,-3.054324E-4
758526403871813,1.527162E-4,1.527162E-4,1.527162E-4
758526425603427,-6.108648E-4,-0.0,1.527162E-4
758526447335042,6.108648E-4,-3.054324E-4,-3.054324E-4
758526469066604,1.527162E-4,-7.6358096E-4,1.527162E-4
758526490798219,-3.054324E-4,-4.581486E-4,6.108648E-4
758526512529781,1.527162E-4,7.6358096E-4,4.581486E-4
758526534261396,-7.6358096E-4,-4.581486E-4,4.581486E-4
758526555992959,-3.054324E-4,-0.0,1.527162E-4
758526577724573,1.527162E-4,-0.0,-3.054324E-4
758526599456188,1.527162E-4,4.581486E-4,1.527162E-4
758526621187750,-3.054324E-4,-3.054324E-4,-1.527162E-4
758526642919365,4.581486E-4,-0.0015271619,4.581486E-4
758526664650927,1.527162E-4,0.0013744457,-3.054324E-4
758526686382542,-0.0,-4.581486E-4,4.581486E-4
758526708114104,-0.0,-0.0010690134,1.527162E-4
758526729845719,6.108648E-4,-3.054324E-4,-1.527162E-4
758526751577281,1.527162E-4,7.6358096E-4,1.527162E-4
758526773308896,-7.6358096E-4,-0.0010690134,-1.527162E-4
758526795040459,1.527162E-4,-3.054324E-4,-1.527162E-4
758526816772073,1.527162E-4,1.527162E-4,-3.054324E-4
758526838503688,-0.0,-7.6358096E-4,1.527162E-4
758526860235250,-3.054324E-4,4.581486E-4,4.581486E-4
758526881966865,1.527162E-4,-0.0012217296,6.108648E-4
758526903698427,-0.0,-3.054324E-4,1.527162E-4
758526925430042,-0.0,0.0012217296,1.527162E-4
758526947161604,1.527162E-4,1.527162E-4,1.527162E-4
758526968893219,1.527162E-4,-7.6358096E-4,1.527162E-4
758526990624781,-6.108648E-4,4.581486E-4,1.527162E-4
758527012356396,-3.054324E-4,9.162972E-4,-3.054324E-4
758527034087959,9.162972E-4,-7.6358096E-4,1.527162E-4
758527055819573,-0.0010690134,-0.0,1.527162E-4
758527077551188,1.527162E-4,-0.0,-3.054324E-4
758527099282750,9.162972E-4,-0.0016798781,1.527162E-4
758527121014365,-0.0,9.162972E-4,1.527162E-4
758527142745927,-6.108648E-4,-4.581486E-4,4.581486E-4
758527164477542,4.581486E-4,-3.054324E-4,-3.054324E-4
758527186209104,-3.054324E-4,0.0012217296,1.527162E-4
758527207940719,1.527162E-4,-4.581486E-4,1.527162E-4
758527229672281,6.108648E-4,-0.0,-1.527162E-4
758527251403896,1.527162E-4,-4.581486E-4,-3.054324E-4
758527273135459,1.527162E-4,-0.0,-1.527162E-4
758527294867073,1.527162E-4,9.162972E-4,-1.527162E-4
758527316598636,-6.108648E-4,-0.0010690134,4.581486E-4
758527338330250,-3.054324E-4,-0.0012217296,4.581486E-4
758527360061813,-0.0010690134,1.527162E-4,-1.527162E-4
758527381793427,9.162972E-4,1.527162E-4,-1.527162E-4
758527403524990,4.581486E-4,-7.6358096E-4,-3.054324E-4
758527425256604,-7.6358096E-4,7.6358096E-4,1.527162E-4
758527446988167,1.527162E-4,-0.0010690134,6.108648E-4
758527468719781,-3.054324E-4,-3.054324E-4,1.527162E-4
758527490451344,-6.108648E-4,7.6358096E-4,-1.527162E-4
758527512182959,0.0012217296,-0.0016798781,1.527162E-4
758527533914521,-6.108648E-4,9.162972E-4,-1.527162E-4
758527555646136,1.527162E-4,-0.0010690134,-1.527162E-4
758527577377698,-0.0,-0.0015271619,4.581486E-4
758527599109313,-3.054324E-4,7.6358096E-4,-1.527162E-4
758527620840875,6.108648E-4,-0.0015271619,-1.527162E-4
758527642572490,9.162972E-4,0.0025961753,4.581486E-4
758527664304052,-0.0,7.6358096E-4,-6.108648E-4
758527686035667,1.527162E-4,-0.0036651888,1.527162E-4
758527707767229,-3.054324E-4,0.0024434591,-1.527162E-4
758527729498844,4.581486E-4,4.581486E-4,6.108648E-4
758527751230406,9.162972E-4,-0.0016798781,-1.527162E-4
758527772962021,-0.0,9.162972E-4,1.527162E-4
758527794693584,-3.054324E-4,4.581486E-4,4.581486E-4
758527816425198,-0.0,-4.581486E-4,-1.527162E-4
758527838156761,-3.054324E-4,4.581486E-4,-3.054324E-4
758527859888375,-0.0,-4.581486E-4,-3.054324E-4
758527881619938,4.581486E-4,-3.054324E-4,1.527162E-4
758527903351500,-3.054324E-4,-4.581486E-4,-1.527162E-4
758527925083115,1.527162E-4,-4.581486E-4,1.527162E-4
758527946814677,-0.0,1.527162E-4,1.527162E-4
758527968546292,6.108648E-4,-3.054324E-4,-3.054324E-4
758527990277854,4.581486E-4,-0.0012217296,1.527162E-4
758528012009469,-3.054324E-4,0.0019853106,1.527162E-4
758528033741031,4.581486E-4,-0.0010690134,4.581486E-4
758528055472646,1.527162E-4,-0.0019853106,1.527162E-4
758528077204209,-0.0012217296,0.0024434591,-3.054324E-4
758528098935823,-3.054324E-4,-0.0016798781,-1.527162E-4
758528120667386,4.581486E-4,-0.0016798781,-3.054324E-4
758528142398948,-3.054324E-4,0.0016798781,-1.527162E-4
758528164130563,-0.0,-7.6358096E-4,-3.054324E-4
758528185862125,1.527162E-4,1.527162E-4,-1.527162E-4
758528207593740,-3.054324E-4,0.0013744457,1.527162E-4
758528229325302,4.581486E-4,-0.0015271619,-1.527162E-4
758528251056917,4.581486E-4,1.527162E-4,-3.054324E-4
758528272788479,-7.6358096E-4,0.0016798781,4.581486E-4
758528294520094,4.581486E-4,-0.0019853106,6.108648E-4
758528316251656,1.527162E-4,4.581486E-4,-1.527162E-4
758528337983219,-0.0,0.0016798781,-1.527162E-4
758528359714834,1.527162E-4,-0.0019853106,4.581486E-4
758528381446448,-3.054324E-4,0.0012217296,-1.527162E-4
758528403178011,1.527162E-4,-3.054324E-4,1.527162E-4
758528424909573,9.162972E-4,-0.0015271619,1.527162E-4
758528446641188,-6.108648E-4,0.0021380268,-6.108648E-4
758528468372750,-0.0,-0.0010690134,1.527162E-4
758528490104365,-3.054324E-4,-4.581486E-4,4.581486E-4
758528511835927,-0.0012217296,7.6358096E-4,1.527162E-4
758528533567490,1.527162E-4,-0.0015271619,-1.527162E-4
758528555299104,-0.0,0.0012217296,-1.527162E-4
758528577030667,-0.0,-0.0,-3.054324E-4
758528598762281,-6.108648E-4,-0.0010690134,-1.527162E-4
758528620493844,-6.108648E-4,0.0013744457,4.581486E-4
758528642225459,1.527162E-4,-3.054324E-4,-3.054324E-4
758528663957021,-3.054324E-4,-0.0010690134,4.581486E-4
758528685688584,-6.108648E-4,9.162972E-4,-1.527162E-4
758528707420198,4.581486E-4,-4.581486E-4,-1.527162E-4
758528729151761,-7.6358096E-4,-3.054324E-4,4.581486E-4
758528750883375,-0.0015271619,0.0012217296,-3.054324E-4
758528772614938,6.108648E-4,-0.0010690134,-1.527162E-4
758528794346500,-0.0,-7.6358096E-4,-1.527162E-4
758528816078115,-3.054324E-4,0.0019853106,-3.054324E-4
758528837809677,0.0013744457,-0.002290743,1.527162E-4
758528859541292,-3.054324E-4,4.581486E-4,-3.054324E-4
758528881272854,1.527162E-4,4.581486E-4,-3.054324E-4
758528903004469,9.162972E-4,-0.0015271619,4.581486E-4
758528924736031,-0.0010690134,0.0019853106,-6.108648E-4
758528946467594,1.527162E-4,-0.0015271619,-1.527162E-4
758528968199209,6.108648E-4,-3.054324E-4,-3.054324E-4
758528989930771,-0.0010690134,9.162972E-4,1.527162E-4
758529011662386,-0.0,-7.6358096E-4,4.581486E-4
758529033393948,-6.108648E-4,9.162972E-4,-6.108648E-4
758529055125511,1.527162E-4,1.527162E-4,-3.054324E-4
758529076857125,6.108648E-4,-3.054324E-4,1.527162E-4
758529098588688,-0.0,4.581486E-4,-3.054324E-4
758529120320302,-0.0,7.6358096E-4,-3.054324E-4
758529142051865,-3.054324E-4,-7.6358096E-4,-3.054324E-4
758529163783427,-3.054324E-4,4.581486E-4,1.527162E-4
758529185515042,4.581486E-4,-7.6358096E-4,-1.527162E-4
758529207246604,-0.0012217296,7.6358096E-4,1.527162E-4
758529228978167,6.108648E-4,-0.0,1.527162E-4
758529250709781,6.108648E-4,-0.0012217296,-1.527162E-4
758529272441344,-0.0010690134,0.0019853106,-3.054324E-4
758529294172906,1.527162E-4,4.581486E-4,-1.527162E-4
758529315904521,1.527162E-4,-7.6358096E-4,1.527162E-4
758529337636084,-6.108648E-4,0.0012217296,-1.527162E-4
758529359367698,4.581486E-4,-3.054324E-4,-1.527162E-4
758529381099261,6.108648E-4,4.581486E-4,-6.108648E-4
758529402830823,-3.054324E-4,4.581486E-4,-3.054324E-4
758529424562438,1.527162E-4,-7.6358096E-4,6.108648E-4
758529446294000,-0.0,9.162972E-4,-6.108648E-4
758529468025563,-0.0,-4.581486E-4,-3.054324E-4
758529489757177,6.108648E-4,-0.0010690134,1.527162E-4
758529511488740,-6.108648E-4,0.0012217296,-1.527162E-4
758529533220302,-3.054324E-4,-0.0,4.581486E-4
758529554951917,4.581486E-4,-4.581486E-4,-1.527162E-4
758529576683479,1.527162E-4,1.527162E-4,4.581486E-4
758529598415094,6.108648E-4,-3.054324E-4,1.527162E-4
758529620146656,-3.054324E-4,-4.581486E-4,1.527162E-4
758529641878219,-6.108648E-4,7.6358096E-4,1.527162E-4
758529663609834,1.527162E-4,-0.0010690134,1.527162E-4
758529685341396,6.108648E-4,-3.054324E-4,1.527162E-4
758529707072959,1.527162E-4,7.6358096E-4,-1.527162E-4
758529728804573,-0.0,-0.0,1.527162E-4
758529750536136,1.527162E-4,-0.0010690134,-3.054324E-4
758529772267698,1.527162E-4,4.581486E-4,-3.054324E-4
758529793999313,1.527162E-4,7.6358096E-4,-3.054324E-4
758529815730875,-0.0,-0.0012217296,-3.054324E-4
758529837462490,4.581486E-4,-0.0,-6.108648E-4
758529859194052,6.108648E-4,9.162972E-4,-3.054324E-4
758529880925615,4.581486E-4,-0.0,-3.054324E-4
758529902657177,-3.054324E-4,1.527162E-4,1.527162E-4
758529924388792,-6.108648E-4,4.581486E-4,-3.054324E-4
758529946120354,-3.054324E-4,-0.0010690134,6.108648E-4
758529967851917,-6.108648E-4,-0.0,-1.527162E-4
758529989583531,1.527162E-4,-3.054324E-4,1.527162E-4
758530011315094,4.581486E-4,-0.0,-1.527162E-4
758530033046656,-3.054324E-4,1.527162E-4,-1.527162E-4
758530054778271,9.162972E-4,-3.054324E-4,1.527162E-4
758530076509834,-3.054324E-4,0.0012217296,-3.054324E-4
758530098241396,0.0012217296,-7.6358096E-4,-3.054324E-4
758530119973011,6.108648E-4,-7.6358096E-4,-3.054324E-4
758530141704573,-3.054324E-4,0.0013744457,-1.527162E-4
758530163436136,1.527162E-4,-0.0010690134,4.581486E-4
758530185167750,-6.108648E-4,1.527162E-4,1.527162E-4
758530206899313,-3.054324E-4,0.0012217296,-3.054324E-4
758530228630875,6.108648E-4,-0.0015271619,4.581486E-4
758530250362490,-0.0,0.0013744457,-1.527162E-4
758530272094052,4.581486E-4,-4.581486E-4,1.527162E-4
758530293825615,1.527162E-4,-7.6358096E-4,-1.527162E-4
758530315557229,-6.108648E-4,0.0024434591,-6.108648E-4
758530337288792,6.108648E-4,-0.0019853106,1.527162E-4
758530359020354,4.581486E-4,-4.581486E-4,-1.527162E-4
758530380751969,-3.054324E-4,0.0013744457,-1.527162E-4
758530402483531,1.527162E-4,-0.0012217296,6.108648E-4
758530424215094,-3.054324E-4,-0.0,-1.527162E-4
758530445946656,-6.108648E-4,1.527162E-4,-1.527162E-4
758530467678271,4.581486E-4,-0.0012217296,-1.527162E-4
758530489409834,-3.054324E-4,9.162972E-4,4.581486E-4
758530511141396,1.527162E-4,-3.054324E-4,-1.527162E-4
758530532873011,4.581486E-4,-3.054324E-4,-3.054324E-4
758530554604573,-6.108648E-4,0.0012217296,4.581486E-4
758530576336136,9.162972E-4,-0.0016798781,4.581486E-4
758530598067750,1.527162E-4,-3.054324E-4,-1.527162E-4
758530619799313,-6.108648E-4,0.0019853106,-1.527162E-4
758530641530875,0.0012217296,-0.0010690134,4.581486E-4
758530663262438,-7.6358096E-4,7.6358096E-4,1.527162E-4
758530684994052,-3.054324E-4,9.162972E-4,-1.527162E-4
758530706725615,0.0013744457,-0.0016798781,4.581486E-4
758530728457177,1.527162E-4,0.0013744457,1.527162E-4
758530750188740,-7.6358096E-4,7.6358096E-4,6.108648E-4
758530771920354,1.527162E-4,-0.0010690134,-1.527162E-4
758530793651917,-7.6358096E-4,9.162972E-4,-3.054324E-4
758530815383479,4.581486E-4,-4.581486E-4,-1.527162E-4
758530837115094,-3.054324E-4,1.527162E-4,-3.054324E-4
758530858846656,-7.6358096E-4,7.6358096E-4,1.527162E-4
758530880578219,6.108648E-4,-0.0016798781,-1.527162E-4
758530902309781,-0.0012217296,7.6358096E-4,1.527162E-4
758530924041396,-6.108648E-4,4.581486E-4,-3.054324E-4
758530945772959,0.0012217296,-0.0015271619,-1.527162E-4
758530967504521,4.581486E-4,0.0013744457,1.527162E-4
758530989236084,9.162972E-4,4.581486E-4,1.527162E-4
758531010967698,1.527162E-4,-0.0010690134,4.581486E-4
758531032699261,-3.054324E-4,-4.581486E-4,1.527162E-4
758531054430823,4.581486E-4,1.527162E-4,1.527162E-4
758531076162438,1.527162E-4,-0.0015271619,6.108648E-4
758531097894000,1.527162E-4,4.581486E-4,-3.054324E-4
758531119625563,1.527162E-4,4.581486E-4,-3.054324E-4
758531141357125,1.527162E-4,-0.0019853106,1.527162E-4
758531163088688,-0.0010690134,0.0016798781,-3.054324E-4
758531184820302,1.527162E-4,-0.0010690134,4.581486E-4
758531206551865,-3.054324E-4,-7.6358096E-4,1.527162E-4
758531228283427,-3.054324E-4,0.0019853106,-1.527162E-4
758531250014990,9.162972E-4,-0.0012217296,-3.054324E-4
758531271746604,-0.0,-4.581486E-4,-3.054324E-4
758531293478167,-7.6358096E-4,0.0012217296,1.527162E-4
758531315209729,4.581486E-4,-7.6358096E-4,-1.527162E-4
758531336941344,-0.0,-4.581486E-4,4.581486E-4
758531358672906,-6.108648E-4,4.581486E-4,-3.054324E-4
758531380404469,6.108648E-4,-3.054324E-4,1.527162E-4
758531402136031,-0.0,-3.054324E-4,1.527162E-4
758531423867594,1.527162E-4,4.581486E-4,-3.054324E-4
758531445599209,1.527162E-4,-0.0010690134,-1.527162E-4
758531467330771,1.527162E-4,1.527162E-4,-1.527162E-4
758531489062334,-0.0,-3.054324E-4,1.527162E-4
758531510793896,4.581486E-4,-7.6358096E-4,1.527162E-4
758531532525511,-3.054324E-4,0.0012217296,-3.054324E-4
758531554257073,6.108648E-4,-0.0016798781,4.581486E-4
758531575988636,-3.054324E-4,1.527162E-4,-6.108648E-4
758531597720198,-0.0,0.0012217296,-1.527162E-4
758531619451813,4.581486E-4,-0.0016798781,1.527162E-4
758531641183375,-0.0010690134,0.0016798781,-3.054324E-4
758531662914938,4.581486E-4,-3.054324E-4,-3.054324E-4
758531684646500,-0.0,-0.0012217296,4.581486E-4
758531706378063,-0.0,0.0016798781,-1.527162E-4
758531728109677,1.527162E-4,-0.0,-1.527162E-4
758531749841240,1.527162E-4,-0.0010690134,1.527162E-4
758531771572802,-3.054324E-4,4.581486E-4,1.527162E-4
758531793304365,-6.108648E-4,0.0013744457,-1.527162E-4
758531815035927,-6.108648E-4,0.0012217296,1.527162E-4
758531836767542,4.581486E-4,-4.581486E-4,1.527162E-4
758531858499104,-3.054324E-4,4.581486E-4,1.527162E-4
758531880230667,-3.054324E-4,7.6358096E-4,1.527162E-4
758531901962229,4.581486E-4,-0.0010690134,1.527162E-4
758531923693792,4.581486E-4,4.581486E-4,-3.054324E-4
758531945425406,1.527162E-4,1.527162E-4,1.527162E-4
758531967156969,1.527162E-4,-3.054324E-4,1.527162E-4
758531988888531,-6.108648E-4,1.527162E-4,-3.054324E-4
758532010620094,-3.054324E-4,1.527162E-4,-1.527162E-4
758532032351656,4.581486E-4,4.581486E-4,-3.054324E-4
758532054083271,-0.0,4.581486E-4,-6.108648E-4
758532075814834,1.527162E-4,-0.0,-1.527162E-4
758532097546396,-6.108648E-4,9.162972E-4,-1.527162E-4
758532119277959,1.527162E-4,-3.054324E-4,-1.527162E-4
758532141009573,1.527162E-4,-3.054324E-4,1.527162E-4
758532162741136,-0.0,7.6358096E-4,1.527162E-4
758532184472698,1.527162E-4,-0.0,-3.054324E-4
758532206204261,-0.0,-0.0,-1.527162E-4
758532227935823,-3.054324E-4,0.0021380268,-1.527162E-4
758532249667386,-6.108648E-4,0.0019853106,-1.527162E-4
758532271399000,-0.0,-3.054324E-4,-6.108648E-4
758532293130563,-3.054324E-4,9.162972E-4,-3.054324E-4
758532314862125,6.108648E-4,1.527162E-4,-1.527162E-4
758532336593688,4.581486E-4,-0.0,4.581486E-4
758532358325250,-3.054324E-4,1.527162E-4,-3.054324E-4
758532380056865,-7.6358096E-4,-4.581486E-4,-1.527162E-4
758532401788427,-0.0,-4.581486E-4,-3.054324E-4
758532423519990,-6.108648E-4,-7.6358096E-4,-3.054324E-4
758532445251552,6.108648E-4,1.527162E-4,4.581486E-4
758532466983115,4.581486E-4,-0.0,1.527162E-4
758532488714677,1.527162E-4,-0.0010690134,-3.054324E-4
758532510446292,9.162972E-4,-0.0019853106,-3.054324E-4
758532532177854,9.162972E-4,-0.0010690134,-6.108648E-4
758532553909417,-6.108648E-4,0.0021380268,-6.108648E-4
758532575640979,-0.0,-7.6358096E-4,4.581486E-4
758532597372542,-6.108648E-4,-0.0,4.581486E-4
758532619104104,-7.6358096E-4,0.0013744457,-3.054324E-4
758532640835667,1.527162E-4,-0.0010690134,1.527162E-4
758532662567281,4.581486E-4,-0.0,1.527162E-4
758532684298844,1.527162E-4,0.0012217296,-6.108648E-4
758532706030406,-0.0,4.581486E-4,-1.527162E-4
758532727761969,1.527162E-4,-4.581486E-4,1.527162E-4
758532749493531,-0.0,7.6358096E-4,-1.527162E-4
758532771225094,4.581486E-4,-0.0012217296,1.527162E-4
758532792956709,4.581486E-4,-0.0024434591,4.581486E-4
758532814688271,6.108648E-4,-0.0015271619,-6.108648E-4
758532836419834,4.581486E-4,4.581486E-4,-1.527162E-4
758532858151396,6.108648E-4,-0.0015271619,-1.527162E-4
758532879882959,0.0012217296,-0.0019853106,-3.054324E-4
758532901614521,4.581486E-4,-4.581486E-4,-1.527162E-4
758532923346136,-0.0,0.0013744457,-1.527162E-4
758532945077698,4.581486E-4,-0.0015271619,-1.527162E-4
758532966809261,6.108648E-4,-7.6358096E-4,4.581486E-4
758532988540823,-0.0012217296,0.0024434591,-6.108648E-4
758533010272386,0.0013744457,-0.0035124724,-1.527162E-4
758533032003948,-3.054324E-4,-0.0010690134,-1.527162E-4
758533053735563,-7.6358096E-4,0.0013744457,-3.054324E-4
758533075467073,6.108648E-4,-0.0015271619,6.108648E-4
758533097198636,4.581486E-4,-4.581486E-4,4.581486E-4
758533118930250,4.581486E-4,-3.054324E-4,-6.108648E-4
758533140661813,-0.0,-3.054324E-4,-1.527162E-4
758533162393375,1.527162E-4,7.6358096E-4,1.527162E-4
758533184124938,4.581486E-4,-4.581486E-4,-1.527162E-4
758533205856500,-0.0,-3.054324E-4,-3.054324E-4
758533227588115,6.108648E-4,1.527162E-4,-3.054324E-4
758533249319677,4.581486E-4,-7.6358096E-4,4.581486E-4
758533271051240,1.527162E-4,-0.0015271619,4.581486E-4
758533292782802,4.581486E-4,-0.0012217296,1.527162E-4
758533314514365,1.527162E-4,-7.6358096E-4,-3.054324E-4
758533336245927,4.581486E-4,-4.581486E-4,1.527162E-4
758533357977490,6.108648E-4,-0.0010690134,4.581486E-4
758533379709104,1.527162E-4,-0.0,4.581486E-4
758533401440667,-6.108648E-4,0.0013744457,4.581486E-4
758533423172229,-0.0012217296,0.0013744457,-3.054324E-4
758533444903792,-3.054324E-4,-4.581486E-4,-1.527162E-4
758533466635354,-3.054324E-4,0.0021380268,-3.054324E-4
758533488366969,6.108648E-4,-0.002290743,-3.054324E-4
758533510098531,-3.054324E-4,7.6358096E-4,-1.527162E-4
758533531830094,-0.0010690134,0.0013744457,-1.527162E-4
758533553561656,0.0012217296,-0.0024434591,1.527162E-4
758533575293271,-0.0012217296,0.0019853106,-3.054324E-4
758533597024834,-6.108648E-4,-0.0,-1.527162E-4
758533618756396,6.108648E-4,-0.0024434591,-3.054324E-4
758533640487959,-7.6358096E-4,0.0012217296,1.527162E-4
758533662219521,4.581486E-4,-4.581486E-4,4.581486E-4
758533683951136,1.527162E-4,-4.581486E-4,-1.527162E-4
758533705682698,-0.0,0.0012217296,-1.527162E-4
758533727414261,-0.0,-3.054324E-4,1.527162E-4
758533749145823,1.527162E-4,-4.581486E-4,4.581486E-4
758533770877438,1.527162E-4,1.527162E-4,-3.054324E-4
758533792609000,6.108648E-4,-3.054324E-4,-1.527162E-4
758533814340563,-0.0,-0.0,-3.054324E-4
758533836072125,-0.0,0.0012217296,-6.108648E-4
758533857803740,-0.0,-3.054324E-4,-3.054324E-4
758533879535302,-0.0,4.581486E-4,1.527162E-4
758533901266865,1.527162E-4,-7.6358096E-4,-1.527162E-4
758533922998427,6.108648E-4,-0.0010690134,4.581486E-4
758533944730042,-7.6358096E-4,7.6358096E-4,1.527162E-4
758533966461604,9.162972E-4,-7.6358096E-4,-1.527162E-4
758533988193167,1.527162E-4,1.527162E-4,-1.527162E-4
758534009924729,-0.0,7.6358096E-4,-3.054324E-4
758534031656344,9.162972E-4,-0.0012217296,-1.527162E-4
758534053387906,-3.054324E-4,7.6358096E-4,-1.527162E-4
758534075119469,1.527162E-4,-4.581486E-4,-1.527162E-4
758534096851084,-7.6358096E-4,-3.054324E-4,1.527162E-4
758534118582646,-3.054324E-4,0.0013744457,-3.054324E-4
758534140314209,1.527162E-4,-0.0010690134,-1.527162E-4
758534162045771,1.527162E-4,-0.0,-6.108648E-4
758534183777334,-0.0,1.527162E-4,-3.054324E-4
758534205508948,4.581486E-4,-4.581486E-4,4.581486E-4
758534227240511,1.527162E-4,1.527162E-4,4.581486E-4
758534248972073,6.108648E-4,1.527162E-4,4.581486E-4
758534270703688,9.162972E-4,-4.581486E-4,4.581486E-4
758534292435250,-3.054324E-4,0.0016798781,-1.527162E-4
758534314166813,6.108648E-4,-0.0012217296,-1.527162E-4
758534335898375,4.581486E-4,-7.6358096E-4,-3.054324E-4
758534357629938,-6.108648E-4,9.162972E-4,-1.527162E-4
758534379361552,4.581486E-4,-0.0015271619,-3.054324E-4
758534401093115,-0.0010690134,9.162972E-4,-1.527162E-4
758534422824677,-3.054324E-4,-0.0,-3.054324E-4
758534444556292,1.527162E-4,-4.581486E-4,-1.527162E-4
758534466287854,-6.108648E-4,4.581486E-4,-3.054324E-4
758534488019417,4.581486E-4,-0.0,-1.527162E-4
758534509750979,1.527162E-4,7.6358096E-4,1.527162E-4
758534531482594,-3.054324E-4,-3.054324E-4,4.581486E-4
758534553214156,-0.0,-3.054324E-4,-1.527162E-4
758534574945719,-0.0010690134,1.527162E-4,-1.527162E-4
758534596677281,6.108648E-4,-0.0010690134,1.527162E-4
758534618408844,-0.0,7.6358096E-4,-1.527162E-4
758534640140459,-0.0010690134,-0.0,6.108648E-4
758534661872021,6.108648E-4,-0.0010690134,4.581486E-4
758534683603584,-6.108648E-4,0.0019853106,-3.054324E-4
758534705335146,1.527162E-4,-4.581486E-4,-3.054324E-4
758534727066761,4.581486E-4,-7.6358096E-4,1.527162E-4
758534748798323,-7.6358096E-4,9.162972E-4,-3.054324E-4
758534770529886,0.0012217296,-0.0019853106,1.527162E-4
758534792261448,-6.108648E-4,7.6358096E-4,-3.054324E-4
758534813993063,-7.6358096E-4,7.6358096E-4,-1.527162E-4
758534835724625,4.581486E-4,-0.0016798781,-1.527162E-4
758534857456188,-3.054324E-4,0.0012217296,1.527162E-4
758534879187750,1.527162E-4,-4.581486E-4,-3.054324E-4
758534900919365,1.527162E-4,-0.0016798781,-3.054324E-4
758534922650927,-7.6358096E-4,0.0012217296,-1.527162E-4
758534944382490,4.581486E-4,-0.0012217296,-1.527162E-4
758534966114104,-7.6358096E-4,-0.0,-3.054324E-4
758534987845667,-0.0,1.527162E-4,4.581486E-4
758535009577229,4.581486E-4,-0.0012217296,-1.527162E-4
758535031308792,-6.108648E-4,1.527162E-4,-1.527162E-4
758535053040406,-0.0,1.527162E-4,-1.527162E-4
758535074771969,-0.0,-7.6358096E-4,4.581486E-4
758535096503531,-7.6358096E-4,0.0012217296,4.581486E-4
758535118235146,1.527162E-4,-3.054324E-4,1.527162E-4
758535139966709,1.527162E-4,-3.054324E-4,1.527162E-4
758535161698271,1.527162E-4,1.527162E-4,-6.108648E-4
758535183429834,4.581486E-4,-3.054324E-4,-3.054324E-4
758535205161448,4.581486E-4,-7.6358096E-4,6.108648E-4
758535226893011,4.581486E-4,4.581486E-4,-3.054324E-4
758535248624625,9.162972E-4,-7.6358096E-4,6.108648E-4
758535270356188,-3.054324E-4,-3.054324E-4,6.108648E-4
758535292087750,1.527162E-4,4.581486E-4,4.581486E-4
758535313819365,1.527162E-4,-0.0,4.581486E-4
758535335550927,-3.054324E-4,0.0013744457,4.581486E-4
758535357282490,1.527162E-4,1.527162E-4,1.527162E-4
758535379014104,9.162972E-4,-7.6358096E-4,1.527162E-4
758535400745667,-3.054324E-4,1.527162E-4,4.581486E-4
758535422477229,1.527162E-4,-0.0010690134,-3.054324E-4
758535444208844,1.527162E-4,-4.581486E-4,-1.527162E-4
758535465940406,-6.108648E-4,1.527162E-4,6.108648E-4
758535487671969,-0.0,-4.581486E-4,1.527162E-4
758535509403584,-7.6358096E-4,9.162972E-4,-3.054324E-4
758535531135146,4.581486E-4,-4.581486E-4,-1.527162E-4
758535552866761,1.527162E-4,-3.054324E-4,1.527162E-4
758535574598323,-3.054324E-4,-4.581486E-4,4.581486E-4
758535596329886,-3.054324E-4,1.527162E-4,-1.527162E-4
758535618061500,-6.108648E-4,1.527162E-4,-1.527162E-4
758535639793063,4.581486E-4,-7.6358096E-4,4.581486E-4
758535661524677,4.581486E-4,-4.581486E-4,4.581486E-4
758535683256240,-3.054324E-4,7.6358096E-4,-1.527162E-4
758535704987854,-0.0,1.527162E-4,-3.054324E-4
758535726719417,6.108648E-4,-7.6358096E-4,1.527162E-4
758535748450979,4.581486E-4,9.162972E-4,-6.108648E-4
758535770182594,1.527162E-4,-3.054324E-4,4.581486E-4
758535791914156,6.108648E-4,-0.0,-1.527162E-4
758535813645771,4.581486E-4,9.162972E-4,1.527162E-4
758535835377334,9.162972E-4,-0.0012217296,-3.054324E-4
758535857108896,1.527162E-4,1.527162E-4,-3.054324E-4
758535878840511,-0.0,1.527162E-4,-3.054324E-4
758535900572073,4.581486E-4,-0.0015271619,-1.527162E-4
758535922303636,1.527162E-4,-0.0,1.527162E-4
758535944035250,-0.0,4.581486E-4,1.527162E-4
758535965766813,1.527162E-4,-7.6358096E-4,-3.054324E-4
758535987498427,1.527162E-4,1.527162E-4,-1.527162E-4
758536009229990,-7.6358096E-4,9.162972E-4,1.527162E-4
758536030961604,6.108648E-4,-0.0010690134,-1.527162E-4
758536052693167,-3.054324E-4,4.581486E-4,-3.054324E-4
758536074424729,-3.054324E-4,4.581486E-4,-1.527162E-4
758536096156344,4.581486E-4,-0.0010690134,3.054324E-4
758536117887906,-4.581486E-4,9.162972E-4,1.527162E-4
758536139619469,-7.6358096E-4,1.527162E-4,-1.527162E-4
758536161351084,3.054324E-4,-0.0015271619,3.054324E-4
758536183082646,-7.6358096E-4,0.0013744457,-9.162972E-4
758536204814261,-1.527162E-4,-6.108648E-4,-4.581486E-4
758536226545823,-1.527162E-4,-3.054324E-4,1.527162E-4
758536248277438,-7.6358096E-4,0.0012217296,3.054324E-4
758536270009000,-1.527162E-4,-6.108648E-4,-1.527162E-4
758536291740563,-4.581486E-4,-3.054324E-4,1.527162E-4
758536313472177,3.054324E-4,4.581486E-4,-4.581486E-4
758536335203740,3.054324E-4,-6.108648E-4,1.527162E-4
758536356935354,0.0,6.108648E-4,1.527162E-4
758536378666917,3.054324E-4,-3.054324E-4,-6.108648E-4
758536400398479,0.0,-7.6358096E-4,-4.581486E-4
758536422130094,0.0,6.108648E-4,-4.581486E-4
758536443861656,-4.581486E-4,-3.054324E-4,-1.527162E-4
758536465593219,-1.527162E-4,-6.108648E-4,-1.527162E-4
758536487324834,-7.6358096E-4,-0.0,1.527162E-4
758536509056396,3.054324E-4,-3.054324E-4,1.527162E-4
758536530788011,-1.527162E-4,-3.054324E-4,3.054324E-4
758536552519573,-1.527162E-4,1.527162E-4,-4.581486E-4
758536574251136,0.0,-0.0,-9.162972E-4
758536595982750,-1.527162E-4,-6.108648E-4,1.527162E-4
758536617714313,3.054324E-4,-6.108648E-4,1.527162E-4
758536639445927,-1.527162E-4,4.581486E-4,1.527162E-4
758536661177490,3.054324E-4,-0.0015271619,3.054324E-4
758536682909104,0.0,4.581486E-4,3.054324E-4
758536704640667,0.0,-0.0,-1.527162E-4
758536726372229,7.6358096E-4,-0.0012217296,-4.581486E-4
758536748103844,-7.6358096E-4,0.0016798781,-1.527162E-4
758536769835406,3.054324E-4,-7.6358096E-4,3.054324E-4
758536791566969,-1.527162E-4,-6.108648E-4,-1.527162E-4
758536813298584,-4.581486E-4,4.581486E-4,-1.527162E-4
758536835030146,7.6358096E-4,-7.6358096E-4,-4.581486E-4
758536856761761,-1.527162E-4,1.527162E-4,1.527162E-4
758536878493323,3.054324E-4,6.108648E-4,-1.527162E-4
758536900224886,7.6358096E-4,-0.0018325944,-1.527162E-4
758536921956500,-7.6358096E-4,4.581486E-4,-1.527162E-4
758536943688063,3.054324E-4,-3.054324E-4,1.527162E-4
758536965419677,0.0,-6.108648E-4,6.108648E-4
758536987151240,-7.6358096E-4,9.162972E-4,-4.581486E-4
758537008882802,-4.581486E-4,-0.0012217296,3.054324E-4
758537030614417,0.0,4.581486E-4,-1.527162E-4
758537052345979,4.581486E-4,-3.054324E-4,-4.581486E-4
758537074077594,4.581486E-4,-3.054324E-4,1.527162E-4
758537095809156,3.054324E-4,1.527162E-4,-1.527162E-4
758537117540719,-1.527162E-4,-0.0,1.527162E-4
758537139272334,-4.581486E-4,-0.0,-1.527162E-4
758537161003896,-7.6358096E-4,4.581486E-4,3.054324E-4
758537182735511,-4.581486E-4,-0.0,1.527162E-4
758537204467073,7.6358096E-4,-6.108648E-4,1.527162E-4
758537226198636,3.054324E-4,1.527162E-4,-1.527162E-4
758537247930250,3.054324E-4,-6.108648E-4,3.054324E-4
758537269661813,-9.162972E-4,1.527162E-4,3.054324E-4
758537291393375,0.0,1.527162E-4,3.054324E-4
758537313124990,0.0,-6.108648E-4,-4.581486E-4
758537334856552,-1.527162E-4,-6.108648E-4,-1.527162E-4
758537356588167,3.054324E-4,1.527162E-4,3.054324E-4
758537378319729,4.581486E-4,-6.108648E-4,-1.527162E-4
758537400051292,3.054324E-4,-0.0,1.527162E-4
758537421782906,0.0,-6.108648E-4,-4.581486E-4
758537443514469,-7.6358096E-4,-7.6358096E-4,3.054324E-4
758537465246084,-4.581486E-4,4.581486E-4,1.527162E-4
758537486977646,3.054324E-4,1.527162E-4,1.527162E-4
758537508709209,3.054324E-4,-6.108648E-4,3.054324E-4
758537530440823,3.054324E-4,-3.054324E-4,1.527162E-4
758537552172386,3.054324E-4,-0.0,-4.581486E-4
758537573903948,-1.527162E-4,-0.0,1.527162E-4
758537595635563,4.581486E-4,-0.0,1.527162E-4
758537617367125,-4.581486E-4,-6.108648E-4,-1.527162E-4
758537639098740,-1.527162E-4,-3.054324E-4,3.054324E-4
758537660830302,7.6358096E-4,-0.0,1.527162E-4
758537682561917,-9.162972E-4,6.108648E-4,-4.581486E-4
758537704293479,-4.581486E-4,-7.6358096E-4,3.054324E-4
758537726025042,-7.6358096E-4,-0.0,-1.527162E-4
758537747756656,4.581486E-4,1.527162E-4,1.527162E-4
758537769488219,-1.527162E-4,1.527162E-4,1.527162E-4
758537791219781,-7.6358096E-4,-3.054324E-4,1.527162E-4
758537812951396,-1.527162E-4,-0.0012217296,1.527162E-4
758537834682959,-1.527162E-4,6.108648E-4,-1.527162E-4
758537856414521,-7.6358096E-4,1.527162E-4,-4.581486E-4
758537878146136,3.054324E-4,-6.108648E-4,-6.108648E-4
758537899877698,-1.527162E-4,0.0012217296,-4.581486E-4
758537921609261,7.6358096E-4,-0.0019853106,-4.581486E-4
758537943340875,-1.527162E-4,4.581486E-4,-1.527162E-4
758537965072438,-1.527162E-4,1.527162E-4,-4.581486E-4
758537986804000,0.0,-0.0015271619,-1.527162E-4
758538008535615,-1.527162E-4,4.581486E-4,-4.581486E-4
758538030267177,3.054324E-4,-3.054324E-4,3.054324E-4
758538051998792,4.581486E-4,-3.054324E-4,-4.581486E-4
758538073730354,3.054324E-4,4.581486E-4,-1.527162E-4
758538095461917,0.0,-0.0010690134,0.0
758538117193531,-4.581486E-4,0.0018325944,3.054324E-4
758538138925094,7.6358096E-4,4.581486E-4,-1.527162E-4
758538160656656,0.0,-0.0,-4.581486E-4
758538182388271,-6.108648E-4,0.0016798781,0.0
758538204119834,7.6358096E-4,-0.0012217296,-1.527162E-4
758538225851396,0.0,-0.0,-4.581486E-4
758538247583011,-6.108648E-4,1.527162E-4,-1.527162E-4
758538269314573,-1.527162E-4,-7.6358096E-4,3.054324E-4
758538291046188,0.0,9.162972E-4,-1.527162E-4
758538312777750,-1.527162E-4,4.581486E-4,6.108648E-4
758538334509313,0.0,-0.0010690134,3.054324E-4
758538356240927,0.0,4.581486E-4,-4.581486E-4
758538377972490,3.054324E-4,-6.108648E-4,-1.527162E-4
758538399704052,6.108648E-4,-3.054324E-4,-4.581486E-4
758538421435667,0.0,0.0012217296,-1.527162E-4
758538443167229,3.054324E-4,-0.0,0.0
758538464898792,-1.527162E-4,9.162972E-4,-1.527162E-4
758538486630406,6.108648E-4,-0.0,0.0
758538508361969,0.0,-0.0,0.0
758538530093531,-6.108648E-4,9.162972E-4,-4.581486E-4
758538551825146,-1.527162E-4,-6.108648E-4,0.0
758538573556709,-9.162972E-4,1.527162E-4,0.0
758538595288271,-1.527162E-4,-3.054324E-4,0.0
758538617019886,0.0,-6.108648E-4,-1.527162E-4
758538638751448,-4.581486E-4,6.108648E-4,3.054324E-4
758538660483011,6.108648E-4,-3.054324E-4,-4.581486E-4
758538682214625,-6.108648E-4,4.581486E-4,-1.527162E-4
758538703946188,-9.162972E-4,0.0013744457,-4.581486E-4
758538725677750,0.0,-0.0012217296,0.0
758538747409365,0.0,9.162972E-4,-6.108648E-4
758538769140927,-6.108648E-4,-0.0,-1.527162E-4
758538790872490,6.108648E-4,-3.054324E-4,3.054324E-4
758538812604104,-9.162972E-4,9.162972E-4,3.054324E-4
758538834335667,-6.108648E-4,-0.0,6.108648E-4
758538856067229,0.0,-0.0,3.054324E-4
758538877798844,-4.581486E-4,6.108648E-4,0.0
758538899530406,3.054324E-4,-7.6358096E-4,6.108648E-4
758538921261969,0.0,-6.108648E-4,0.0
758538942993584,-1.527162E-4,9.162972E-4,0.0
758538964725146,0.0,-0.0,0.0
758538986456709,-1.527162E-4,-3.054324E-4,-4.581486E-4
758539008188323,-6.108648E-4,0.0012217296,0.0
758539029919886,6.108648E-4,-7.6358096E-4,0.0
758539051651448,-4.581486E-4,1.527162E-4,0.0
758539073383063,-6.108648E-4,6.108648E-4,-4.581486E-4
758539095114625,3.054324E-4,-0.0010690134,0.0
758539116846188,-1.527162E-4,1.527162E-4,-1.527162E-4
758539138577750,0.0,1.527162E-4,0.0
758539160309365,6.108648E-4,-0.0010690134,0.0
758539182040927,-1.527162E-4,0.0013744457,-4.581486E-4
758539203772490,0.0,1.527162E-4,-1.527162E-4
758539225504104,0.0010690134,-3.054324E-4,0.0
758539247235667,-6.108648E-4,0.0012217296,-1.527162E-4
758539268967229,3.054324E-4,-7.6358096E-4,3.054324E-4
758539290698844,0.0,1.527162E-4,3.054324E-4
758539312430406,3.054324E-4,6.108648E-4,3.054324E-4
758539334161969,7.6358096E-4,-3.054324E-4,6.108648E-4
758539355893531,-1.527162E-4,1.527162E-4,-1.527162E-4
758539377625146,0.0,0.0012217296,0.0
758539399356709,6.108648E-4,-0.0010690134,3.054324E-4
758539421088271,-4.581486E-4,6.108648E-4,6.108648E-4
758539442819886,-4.581486E-4,4.581486E-4,-1.527162E-4
758539464551448,0.0010690134,-0.0010690134,0.0
758539486283011,-4.581486E-4,1.527162E-4,-1.527162E-4
758539508014573,-1.527162E-4,-3.054324E-4,-6.108648E-4
758539529746188,0.0,-3.054324E-4,0.0
758539551477750,-1.527162E-4,9.162972E-4,-6.108648E-4
758539573209313,6.108648E-4,-7.6358096E-4,0.0
758539594940927,-1.527162E-4,-6.108648E-4,6.108648E-4
758539616672490,0.0,4.581486E-4,-4.581486E-4
758539638404052,0.0,4.581486E-4,-1.527162E-4
758539660135615,-4.581486E-4,0.0012217296,-4.581486E-4
758539681867229,-1.527162E-4,1.527162E-4,0.0
758539703598792,-1.527162E-4,-6.108648E-4,0.0
758539725330354,-1.527162E-4,4.581486E-4,0.0
758539747061969,-1.527162E-4,-7.6358096E-4,0.0
758539768793531,-1.527162E-4,1.527162E-4,0.0
758539790525094,-1.527162E-4,0.0016798781,-4.581486E-4
758539812256656,3.054324E-4,-7.6358096E-4,0.0
758539833988271,0.0,0.0012217296,-1.527162E-4
758539855719834,-4.581486E-4,-0.0,-4.581486E-4
758539877451396,0.0,1.527162E-4,-1.527162E-4
758539899183011,-1.527162E-4,6.108648E-4,-1.527162E-4
758539920914573,-1.527162E-4,1.527162E-4,6.108648E-4
758539942646136,-4.581486E-4,4.581486E-4,0.0
758539964377698,-1.527162E-4,6.108648E-4,-4.581486E-4
758539986109261,6.108648E-4,-6.108648E-4,-4.581486E-4
758540007840875,-1.527162E-4,6.108648E-4,-1.527162E-4
758540029572438,7.6358096E-4,-7.6358096E-4,-1.527162E-4
758540051304000,-1.527162E-4,-3.054324E-4,-4.581486E-4
758540073035563,-3.054324E-4,4.581486E-4,-1.527162E-4
758540094767177,-3.054324E-4,1.527162E-4,-1.527162E-4
758540116498740,1.527162E-4,-1.527162E-4,-4.581486E-4
758540138230302,1.527162E-4,1.527162E-4,-1.527162E-4
758540159961865,4.581486E-4,-0.0010690134,-1.527162E-4
758540181693479,1.527162E-4,-6.108648E-4,3.054324E-4
758540203425042,-4.581486E-4,9.162972E-4,0.0
758540225156604,1.527162E-4,-3.054324E-4,-1.527162E-4
758540246888167,-3.054324E-4,6.108648E-4,-1.527162E-4
758540268619729,-3.054324E-4,6.108648E-4,-4.581486E-4
758540290351344,1.527162E-4,-6.108648E-4,4.581486E-4
758540312082906,1.527162E-4,1.527162E-4,-1.527162E-4
758540333814469,4.581486E-4,1.527162E-4,0.0
758540355546031,4.581486E-4,-6.108648E-4,-4.581486E-4
758540377277646,1.527162E-4,-1.527162E-4,3.054324E-4
758540399009209,-0.0,-6.108648E-4,3.054324E-4
758540420740771,1.527162E-4,1.527162E-4,-4.581486E-4
758540442472334,-0.0,4.581486E-4,3.054324E-4
758540464203896,4.581486E-4,-6.108648E-4,0.0
758540485935511,1.527162E-4,9.162972E-4,-4.581486E-4
758540507667073,1.527162E-4,6.108648E-4,-1.527162E-4
758540529398636,4.581486E-4,1.527162E-4,-1.527162E-4
758540551130198,-0.0,1.527162E-4,3.054324E-4
758540572861761,4.581486E-4,4.581486E-4,-1.527162E-4
758540594593375,4.581486E-4,-3.054324E-4,0.0
758540616324938,-3.054324E-4,4.581486E-4,-1.527162E-4
758540638056500,-3.054324E-4,-1.527162E-4,-1.527162E-4
758540659788063,-0.0,-1.527162E-4,3.054324E-4
758540681519677,-7.6358096E-4,6.108648E-4,-4.581486E-4
758540703251240,-3.054324E-4,1.527162E-4,3.054324E-4
758540724982802,-4.581486E-4,1.527162E-4,-4.581486E-4
758540746714365,-4.581486E-4,4.581486E-4,0.0
758540768445927,1.527162E-4,-7.6358096E-4,0.0
758540790177490,1.527162E-4,4.581486E-4,0.0
758540811909104,-7.6358096E-4,6.108648E-4,-1.527162E-4
758540833640667,4.581486E-4,-0.0010690134,-4.581486E-4
758540855372229,-4.581486E-4,0.0010690134,-7.6358096E-4
758540877103792,7.6358096E-4,4.581486E-4,0.0
758540898835406,4.581486E-4,-6.108648E-4,-1.527162E-4
758540920566969,-4.581486E-4,0.0010690134,3.054324E-4
758540942298531,1.527162E-4,-0.0010690134,3.054324E-4
758540964030094,-0.0,1.527162E-4,0.0
758540985761656,1.527162E-4,0.0010690134,0.0
758541007493219,1.527162E-4,-7.6358096E-4,0.0
758541029224834,-3.054324E-4,1.527162E-4,-1.527162E-4
758541050956396,-0.0,6.108648E-4,-1.527162E-4
758541072687959,4.581486E-4,-6.108648E-4,-1.527162E-4
758541094419521,-3.054324E-4,9.162972E-4,-4.581486E-4
758541116151084,1.527162E-4,1.527162E-4,-4.581486E-4
758541137882646,7.6358096E-4,-0.0010690134,0.0
758541159614209,-3.054324E-4,0.0010690134,-7.6358096E-4
758541181345823,4.581486E-4,-1.527162E-4,-4.581486E-4
758541203077386,-0.0,-3.054324E-4,-1.527162E-4
758541224808948,1.527162E-4,9.162972E-4,-4.581486E-4
758541246540511,4.581486E-4,-7.6358096E-4,0.0
758541268272073,-0.0,0.0010690134,-1.527162E-4
758541290003636,-3.054324E-4,4.581486E-4,-1.527162E-4
758541311735250,7.6358096E-4,-1.527162E-4,-1.527162E-4
758541333466813,-7.6358096E-4,9.162972E-4,-1.527162E-4
758541355198375,4.581486E-4,-0.0010690134,3.054324E-4
758541376929938,-3.054324E-4,0.0010690134,-1.527162E-4
758541398661500,-0.0,0.0010690134,-1.527162E-4
758541420393063,4.581486E-4,-0.0018325944,-1.527162E-4
758541442124625,-3.054324E-4,9.162972E-4,-4.581486E-4
758541463856240,-3.054324E-4,1.527162E-4,3.054324E-4
758541485587802,-3.054324E-4,4.581486E-4,-7.6358096E-4
758541507319365,-0.0,0.0016798781,-4.581486E-4
758541529050927,1.527162E-4,-0.0013744457,3.054324E-4
758541550782490,4.581486E-4,4.581486E-4,-1.527162E-4
758541572514052,-3.054324E-4,-1.527162E-4,3.054324E-4
758541594245615,9.162972E-4,-0.0010690134,0.0
758541615977177,-7.6358096E-4,4.581486E-4,-1.527162E-4
758541637708792,1.527162E-4,-7.6358096E-4,0.0
758541659440354,7.6358096E-4,-7.6358096E-4,-1.527162E-4
758541681171917,-3.054324E-4,9.162972E-4,0.0
758541702903479,-3.054324E-4,-3.054324E-4,0.0
758541724635042,7.6358096E-4,-3.054324E-4,-4.581486E-4
758541746366604,-4.581486E-4,4.581486E-4,0.0
758541768098167,7.6358096E-4,-3.054324E-4,-1.527162E-4
758541789829729,1.527162E-4,-1.527162E-4,-1.527162E-4
758541811561344,-7.6358096E-4,9.162972E-4,-4.581486E-4
758541833292906,1.527162E-4,-7.6358096E-4,-7.6358096E-4
758541855024469,-0.0,1.527162E-4,-1.527162E-4
758541876756031,-3.054324E-4,4.581486E-4,-1.527162E-4
758541898487594,7.6358096E-4,-6.108648E-4,-1.527162E-4
758541920219156,7.6358096E-4,6.108648E-4,-4.581486E-4
758541941950719,1.527162E-4,6.108648E-4,-1.527162E-4
758541963682281,1.527162E-4,-1.527162E-4,-1.527162E-4
758541985413896,4.581486E-4,-3.054324E-4,-4.581486E-4
758542007145406,-0.0,4.581486E-4,0.0
758542028877021,9.162972E-4,-1.527162E-4,0.0
758542050608584,-4.581486E-4,-6.108648E-4,-1.527162E-4
758542072340146,-1.527162E-4,7.6358096E-4,3.054324E-4
758542094071709,0.0010690134,-9.162972E-4,-1.527162E-4
758542115803271,-1.527162E-4,4.581486E-4,-3.054324E-4
758542137534834,-4.581486E-4,3.054324E-4,1.527162E-4
758542159266396,0.0010690134,-0.0012217296,1.527162E-4
758542180997959,-7.6358096E-4,7.6358096E-4,-6.108648E-4
758542202729521,3.054324E-4,3.054324E-4,1.527162E-4
758542224461084,4.581486E-4,-0.0016798781,3.054324E-4
758542246192698,-7.6358096E-4,4.581486E-4,1.527162E-4
758542267924261,0.0,-3.054324E-4,-1.527162E-4
758542289655823,0.0,-4.581486E-4,-1.527162E-4
758542311387386,-7.6358096E-4,7.6358096E-4,-1.527162E-4
758542333118948,0.0,-3.054324E-4,-3.054324E-4
758542354850511,-4.581486E-4,4.581486E-4,-1.527162E-4
758542376582073,3.054324E-4,-0.0,6.108648E-4
758542398313636,0.0,-4.581486E-4,3.054324E-4
758542420045198,-1.527162E-4,7.6358096E-4,3.054324E-4
758542441776761,7.6358096E-4,-9.162972E-4,1.527162E-4
758542463508323,7.6358096E-4,-0.0,-1.527162E-4
758542485239886,3.054324E-4,-0.0,1.527162E-4
758542506971448,0.0,-7.6358096E-4,-1.527162E-4
758542528703011,3.054324E-4,3.054324E-4,-6.108648E-4
758542550434573,-1.527162E-4,3.054324E-4,3.054324E-4
758542572166136,0.0,-3.054324E-4,1.527162E-4
758542593897698,-4.581486E-4,3.054324E-4,-6.108648E-4
758542615629313,0.0010690134,-0.0,-1.527162E-4
758542637360875,-1.527162E-4,4.581486E-4,-1.527162E-4
758542659092438,4.581486E-4,-0.0012217296,3.054324E-4
758542680824000,0.0,0.0016798781,-1.527162E-4
758542702555563,0.0010690134,-9.162972E-4,-1.527162E-4
758542724287125,0.0,7.6358096E-4,1.527162E-4
758542746018688,-7.6358096E-4,0.0015271619,-1.527162E-4
758542767750250,0.0,-7.6358096E-4,-1.527162E-4
758542789481813,0.0,7.6358096E-4,1.527162E-4
758542811213375,0.0,-0.0,6.108648E-4
758542832944938,-1.527162E-4,-4.581486E-4,3.054324E-4
758542854676500,0.0,7.6358096E-4,1.527162E-4
758542876408063,4.581486E-4,-0.0,6.108648E-4
758542898139625,0.0012217296,-9.162972E-4,-1.527162E-4
758542919871188,-4.581486E-4,9.162972E-4,-3.054324E-4
758542941602750,4.581486E-4,-3.054324E-4,-1.527162E-4
758542963334313,-1.527162E-4,-3.054324E-4,1.527162E-4
758542985065875,-1.527162E-4,7.6358096E-4,-6.108648E-4
758543006797438,3.054324E-4,-3.054324E-4,1.527162E-4
758543028529000,-7.6358096E-4,-0.0,-6.108648E-4
758543050260563,0.0,-3.054324E-4,-1.527162E-4
758543071992125,3.054324E-4,-7.6358096E-4,3.054324E-4
758543093723688,-7.6358096E-4,4.581486E-4,-1.527162E-4
758543115455250,4.581486E-4,-4.581486E-4,-1.527162E-4
758543137186813,0.0,-4.581486E-4,1.527162E-4
758543158918375,0.0,7.6358096E-4,1.527162E-4
758543180649938,0.0,-0.0012217296,3.054324E-4
758543202381500,4.581486E-4,3.054324E-4,-1.527162E-4
758543224113063,-1.527162E-4,3.054324E-4,-3.054324E-4
758543245844625,3.054324E-4,-4.581486E-4,1.527162E-4
758543267576188,-4.581486E-4,0.0015271619,-1.527162E-4
758543289307750,3.054324E-4,-0.0024434591,-1.527162E-4
758543311039313,0.0,0.0033597562,-1.527162E-4
758543332770875,0.0016798781,-0.0036651888,1.527162E-4
758543354502438,-7.6358096E-4,7.6358096E-4,-1.527162E-4
758543376234000,-7.6358096E-4,3.054324E-4,-1.527162E-4
758543397965563,4.581486E-4,-9.162972E-4,-1.527162E-4
758543419697125,-1.527162E-4,9.162972E-4,-1.527162E-4
758543441428688,3.054324E-4,-9.162972E-4,-3.054324E-4
758543463160250,0.0010690134,4.581486E-4,-1.527162E-4
758543484891813,-4.581486E-4,3.054324E-4,-1.527162E-4
758543506623375,4.581486E-4,-7.6358096E-4,6.108648E-4
758543528354938,-1.527162E-4,4.581486E-4,1.527162E-4
758543550086500,-4.581486E-4,-3.054324E-4,1.527162E-4
758543571818063,7.6358096E-4,-0.0,1.527162E-4
758543593549625,-4.581486E-4,-0.0,-6.108648E-4
758543615281188,-1.527162E-4,-4.581486E-4,1.527162E-4
758543637012750,0.0,-4.581486E-4,3.054324E-4
758543658744313,7.6358096E-4,0.0016798781,-6.108648E-4
758543680475875,-4.581486E-4,-4.581486E-4,1.527162E-4
758543702207386,-1.527162E-4,4.581486E-4,-6.108648E-4
758543723938948,-1.527162E-4,9.162972E-4,1.527162E-4
758543745670511,-1.527162E-4,-3.054324E-4,6.108648E-4
758543767402125,3.054324E-4,-3.054324E-4,-3.054324E-4
758543789133636,0.0,-4.581486E-4,3.054324E-4
758543810865198,4.581486E-4,-3.054324E-4,1.527162E-4
758543832596761,-1.527162E-4,9.162972E-4,-6.108648E-4
758543854328323,3.054324E-4,-3.054324E-4,-6.108648E-4
758543876059886,-1.527162E-4,9.162972E-4,-6.108648E-4
758543897791448,4.581486E-4,-0.0,1.527162E-4
758543919523011,7.6358096E-4,4.581486E-4,-1.527162E-4
758543941254573,-1.527162E-4,4.581486E-4,-1.527162E-4
758543962986136,4.581486E-4,-0.0,-3.054324E-4
758543984717698,3.054324E-4,-7.6358096E-4,1.527162E-4
758544006449261,-1.527162E-4,4.581486E-4,-3.054324E-4
758544028180823,0.0,9.162972E-4,-1.527162E-4
758544049912386,0.0,-0.0012217296,3.054324E-4
758544071643948,3.054324E-4,-0.0,-6.108648E-4
758544093375511,-1.527162E-4,-0.0,-3.054324E-4
758544115107021,4.581486E-4,-9.162972E-4,6.108648E-4
758544136838584,-4.581486E-4,7.6358096E-4,-3.054324E-4
758544158570146,3.054324E-4,3.054324E-4,-3.054324E-4
758544180301709,7.6358096E-4,-7.6358096E-4,3.054324E-4
758544202033271,3.054324E-4,9.162972E-4,-1.527162E-4
758544223764834,4.581486E-4,-0.0012217296,-1.527162E-4
758544245496396,0.0,-0.0,1.527162E-4
758544267227959,-4.581486E-4,-0.0,-1.527162E-4
758544288959521,3.054324E-4,-7.6358096E-4,-6.108648E-4
758544310691084,0.0,-4.581486E-4,-1.527162E-4
758544332422594,7.6358096E-4,-0.0,-6.108648E-4
758544354154156,-1.527162E-4,3.054324E-4,1.527162E-4
758544375885719,3.054324E-4,-3.054324E-4,-1.527162E-4
758544397617281,-1.527162E-4,3.054324E-4,-3.054324E-4
758544419348844,3.054324E-4,-7.6358096E-4,-3.054324E-4
758544441080406,3.054324E-4,-7.6358096E-4,1.527162E-4
758544462811969,-7.6358096E-4,0.0015271619,-1.527162E-4
758544484543531,7.6358096E-4,-4.581486E-4,1.527162E-4
758544506275094,-9.162972E-4,7.6358096E-4,-6.108648E-4
758544528006656,-1.527162E-4,3.054324E-4,1.527162E-4
758544549738219,7.6358096E-4,-0.0012217296,3.054324E-4
758544571469729,-1.527162E-4,7.6358096E-4,6.108648E-4
758544593201292,-4.581486E-4,-0.0,-1.527162E-4
758544614932854,0.0,-7.6358096E-4,1.527162E-4
758544636664417,-4.581486E-4,3.054324E-4,-3.054324E-4
758544658395979,4.581486E-4,-3.054324E-4,1.527162E-4
758544680127542,-1.527162E-4,4.581486E-4,-1.527162E-4
758544701859052,0.0,-3.054324E-4,-3.054324E-4
758544723590667,-7.6358096E-4,-0.0,1.527162E-4
758544745322177,4.581486E-4,-7.6358096E-4,3.054324E-4
758544767053740,-4.581486E-4,7.6358096E-4,1.527162E-4
758544788785302,3.054324E-4,-4.581486E-4,-1.527162E-4
758544810516865,0.0,-0.0,-1.527162E-4
758544832248427,3.054324E-4,0.0012217296,3.054324E-4
758544853979990,3.054324E-4,-7.6358096E-4,6.108648E-4
758544875711552,-4.581486E-4,-4.581486E-4,-3.054324E-4
758544897443063,3.054324E-4,4.581486E-4,-3.054324E-4
758544919174625,0.0010690134,-4.581486E-4,-6.108648E-4
758544940906188,-1.527162E-4,-4.581486E-4,-1.527162E-4
758544962637750,-7.6358096E-4,9.162972E-4,1.527162E-4
758544984369313,3.054324E-4,-0.0,-3.054324E-4
758545006100875,3.054324E-4,3.054324E-4,1.527162E-4
758545027832438,4.581486E-4,3.054324E-4,1.527162E-4
758545049563948,4.581486E-4,-0.0,-1.527162E-4
758545071295511,7.6358096E-4,-3.054324E-4,-1.527162E-4
758545093027073,3.054324E-4,4.581486E-4,1.527162E-4
758545114758636,0.0,-3.054324E-4,3.054324E-4
758545136490198,3.054324E-4,3.054324E-4,1.527162E-4
758545158221761,-4.581486E-4,-3.054324E-4,1.527162E-4
758545179953323,4.581486E-4,3.054324E-4,3.054324E-4
758545201684834,0.0,-4.581486E-4,1.527162E-4
758545223416396,-4.581486E-4,3.054324E-4,-1.527162E-4
758545245147959,4.581486E-4,-4.581486E-4,3.054324E-4
758545266879521,0.0,4.581486E-4,-1.527162E-4
758545288611084,-4.581486E-4,-3.054324E-4,-1.527162E-4
758545310342594,-1.527162E-4,-3.054324E-4,1.527162E-4
758545332074156,3.054324E-4,-0.0,1.527162E-4
758545353805719,4.581486E-4,-3.054324E-4,1.527162E-4
758545375537281,3.054324E-4,4.581486E-4,-6.108648E-4
758545397268844,0.0,4.581486E-4,-1.527162E-4
758545419000406,0.0,-4.581486E-4,-1.527162E-4
758545440731917,-4.581486E-4,-3.054324E-4,-3.054324E-4
758545462463479,4.581486E-4,-4.581486E-4,1.527162E-4
758545484195042,0.0,-0.0,1.527162E-4
758545505926604,-4.581486E-4,4.581486E-4,-1.527162E-4
758545527658167,3.054324E-4,-0.0,-1.527162E-4
758545549389677,0.0,7.6358096E-4,-1.527162E-4
758545571121240,4.581486E-4,-4.581486E-4,1.527162E-4
758545592852802,4.581486E-4,-7.6358096E-4,3.054324E-4
758545614584365,0.0,-0.0,1.527162E-4
758545636315927,-4.581486E-4,-3.054324E-4,-1.527162E-4
758545658047438,3.054324E-4,-7.6358096E-4,-1.527162E-4
758545679779000,0.0,3.054324E-4,-1.527162E-4
758545701510563,3.054324E-4,-4.581486E-4,3.054324E-4
758545723242125,-1.527162E-4,3.054324E-4,-3.054324E-4
758545744973688,3.054324E-4,-3.054324E-4,-6.108648E-4
758545766705198,3.054324E-4,-0.0012217296,1.527162E-4
758545788436761,0.0010690134,-4.581486E-4,-1.527162E-4
758545810168323,-4.581486E-4,-0.0,-6.108648E-4
758545831899886,4.581486E-4,-0.0016798781,-1.527162E-4
758545853631396,-4.581486E-4,9.162972E-4,-1.527162E-4
758545875362959,-1.527162E-4,-7.6358096E-4,6.108648E-4
758545897094521,7.6358096E-4,-0.0012217296,-1.527162E-4
758545918826084,-7.6358096E-4,7.6358096E-4,-3.054324E-4
758545940557594,4.581486E-4,-9.162972E-4,1.527162E-4
758545962289156,-9.162972E-4,7.6358096E-4,-1.527162E-4
758545984020719,7.6358096E-4,-4.581486E-4,-1.527162E-4
758546005752281,4.581486E-4,-3.054324E-4,-1.527162E-4
758546027483844,0.0,9.162972E-4,1.527162E-4
758546049215354,0.0,-3.054324E-4,1.527162E-4
758546070946917,0.0,9.162972E-4,-1.527162E-4
758546092678479,-1.527162E-4,4.581486E-4,1.527162E-4
758546114410042,3.054324E-4,-0.0012217296,-1.527162E-4
758546136141552,-1.527162E-4,-3.054324E-4,-3.054324E-4
758546157873115,-1.527162E-4,-0.0,-6.108648E-4
758546179604677,-1.527162E-4,4.581486E-4,-3.054324E-4
758546201336240,-1.527162E-4,-0.0,-1.527162E-4
758546223067750,7.6358096E-4,-7.6358096E-4,1.527162E-4
758546244799313,-1.527162E-4,0.0012217296,1.527162E-4
758546266530875,4.581486E-4,-4.581486E-4,3.054324E-4
758546288262438,0.0016798781,-7.6358096E-4,1.527162E-4
758546309993948,0.0,7.6358096E-4,-6.108648E-4
758546331725511,0.0,-4.581486E-4,-6.108648E-4
758546353457073,4.581486E-4,-3.054324E-4,1.527162E-4
758546375188636,0.0,3.054324E-4,-3.054324E-4
758546396920146,0.0,-0.0,-1.527162E-4
758546418651709,4.581486E-4,-7.6358096E-4,-6.108648E-4
758546440383271,4.581486E-4,-3.054324E-4,-1.527162E-4
758546462114781,0.0,-4.581486E-4,1.527162E-4
758546483846344,4.581486E-4,3.054324E-4,1.527162E-4
758546505577906,0.0,3.054324E-4,3.054324E-4
758546527309469,0.0,-3.054324E-4,-3.054324E-4
758546549040979,-1.527162E-4,4.581486E-4,-1.527162E-4
758546570772542,0.0,-4.581486E-4,1.527162E-4
758546592504104,0.0,4.581486E-4,-3.054324E-4
758546614235615,4.581486E-4,-4.581486E-4,-1.527162E-4
758546635967177,-1.527162E-4,3.054324E-4,1.527162E-4
758546657698740,-4.581486E-4,9.162972E-4,1.527162E-4
758546679430302,4.581486E-4,-7.6358096E-4,-1.527162E-4
758546701161813,3.054324E-4,4.581486E-4,-6.108648E-4
758546722893375,0.0,7.6358096E-4,1.527162E-4
758546744624938,7.6358096E-4,-7.6358096E-4,-1.527162E-4
758546766356448,0.0,9.162972E-4,6.108648E-4
758546788088011,-1.527162E-4,3.054324E-4,3.054324E-4
758546809819573,4.581486E-4,-0.0,-3.054324E-4
758546831551136,-7.6358096E-4,0.0012217296,1.527162E-4
758546853282646,4.581486E-4,-3.054324E-4,-3.054324E-4
758546875014209,0.0,-3.054324E-4,1.527162E-4
758546896745771,-4.581486E-4,3.054324E-4,-6.108648E-4
758546918477281,0.0,-4.581486E-4,-3.054324E-4
758546940208844,0.0,3.054324E-4,1.527162E-4
758546961940406,0.0,-0.0,-3.054324E-4
758546983671917,-1.527162E-4,4.581486E-4,-1.527162E-4
758547005403479,0.0,-3.054324E-4,-1.527162E-4
758547027135042,3.054324E-4,-4.581486E-4,3.054324E-4
758547048866552,-1.527162E-4,-3.054324E-4,-3.054324E-4
758547070598115,4.581486E-4,-7.6358096E-4,1.527162E-4
758547092329677,0.0,7.6358096E-4,-6.108648E-4
758547114061188,4.581486E-4,-4.581486E-4,-3.054324E-4
758547135792750,7.6358096E-4,-4.581486E-4,1.527162E-4
758547157524313,-4.581486E-4,4.581486E-4,-1.527162E-4
758547179255823,3.054324E-4,-9.162972E-4,-6.108648E-4
758547200987386,-1.527162E-4,3.054324E-4,3.054324E-4
758547222718948,7.6358096E-4,4.581486E-4,-3.054324E-4
758547244450459,3.054324E-4,-3.054324E-4,-1.527162E-4
758547266182021,-1.527162E-4,3.054324E-4,-1.527162E-4
758547287913584,1.527162E-4,7.6358096E-4,-1.527162E-4
758547309645094,1.527162E-4,7.6358096E-4,1.527162E-4
758547331376656,3.054324E-4,-1.527162E-4,-1.527162E-4
758547353108219,-1.527162E-4,4.581486E-4,4.581486E-4
758547374839729,-1.527162E-4,0.0,-1.527162E-4
758547396571292,-3.054324E-4,-7.6358096E-4,-3.054324E-4
758547418302854,-3.054324E-4,3.054324E-4,-3.054324E-4
758547440034365,3.054324E-4,3.054324E-4,-1.527162E-4
758547461765927,-3.054324E-4,4.581486E-4,-6.108648E-4
758547483497490,3.054324E-4,-7.6358096E-4,6.108648E-4
758547505229000,-3.054324E-4,7.6358096E-4,-3.054324E-4
758547526960563,-3.054324E-4,4.581486E-4,4.581486E-4
758547548692073,6.108648E-4,-1.527162E-4,-1.527162E-4
758547570423636,1.527162E-4,-4.581486E-4,-1.527162E-4
758547592155198,0.0010690134,-1.527162E-4,1.527162E-4
758547613886709,0.0035124724,-0.008552107,6.108648E-4
758547635618271,-0.0042760535,0.010079269,-3.054324E-4
758547657349834,-1.527162E-4,-9.162972E-4,-1.527162E-4
758547679081344,0.0033597562,-0.008093959,1.527162E-4
758547700812906,-0.0010690134,0.003970621,-1.527162E-4
758547722544417,0.0025961753,-0.0061086477,4.581486E-4
758547744275979,0.0010690134,-0.0016798781,1.527162E-4
758547766007542,-0.0025961753,0.0061086477,-1.527162E-4
758547787739052,0.0013744457,-0.0021380268,-3.054324E-4
758547809470615,0.0018325944,-0.0033597562,4.581486E-4
758547831202125,-9.162972E-4,0.0029016077,-1.527162E-4
758547852933688,0.0010690134,-0.0033597562,1.527162E-4
758547874665250,0.0013744457,-0.0024434591,1.527162E-4
758547896396761,-0.0027488915,0.0056504994,-6.108648E-4
758547918128323,1.527162E-4,-0.0013744457,-3.054324E-4
758547939859834,3.054324E-4,-7.6358096E-4,1.527162E-4
758547961591396,-9.162972E-4,0.0016798781,-3.054324E-4
758547983322959,3.054324E-4,-7.6358096E-4,-1.527162E-4
758548005054469,6.108648E-4,-4.581486E-4,4.581486E-4
758548026786031,-0.0021380268,0.0056504994,-3.054324E-4
758548048517542,1.527162E-4,-0.0025961753,1.527162E-4
758548070249104,-3.054324E-4,4.581486E-4,1.527162E-4
758548091980667,-3.054324E-4,0.002290743,-3.054324E-4
758548113712177,9.162972E-4,-0.0029016077,1.527162E-4
758548135443740,-9.162972E-4,0.0012217296,-1.527162E-4
758548157175302,-6.108648E-4,7.6358096E-4,-1.527162E-4
758548178906813,3.054324E-4,-7.6358096E-4,-3.054324E-4
758548200638375,-9.162972E-4,0.0019853106,-1.527162E-4
758548222369886,6.108648E-4,-0.0016798781,6.108648E-4
758548244101448,1.527162E-4,0.0,-1.527162E-4
758548265832959,1.527162E-4,-1.527162E-4,1.527162E-4
758548287564521,3.054324E-4,-7.6358096E-4,-3.054324E-4
758548309296084,-1.527162E-4,0.0010690134,-1.527162E-4
758548331027594,-3.054324E-4,3.054324E-4,1.527162E-4
758548352759156,1.527162E-4,0.0,1.527162E-4
758548374490719,3.054324E-4,-9.162972E-4,1.527162E-4
758548396222229,1.527162E-4,-7.6358096E-4,4.581486E-4
758548417953792,1.527162E-4,-4.581486E-4,-3.054324E-4
758548439685354,1.527162E-4,-4.581486E-4,-3.054324E-4
758548461416865,-1.527162E-4,7.6358096E-4,-1.527162E-4
758548483148427,-9.162972E-4,3.054324E-4,1.527162E-4
758548504879990,-1.527162E-4,-4.581486E-4,1.527162E-4
758548526611500,-3.054324E-4,-7.6358096E-4,-1.527162E-4
758548548343063,1.527162E-4,0.0,-1.527162E-4
758548570074625,1.527162E-4,0.0,-6.108648E-4
758548591806136,6.108648E-4,-4.581486E-4,-3.054324E-4
758548613537698,-9.162972E-4,7.6358096E-4,1.527162E-4
758548635269261,-1.527162E-4,4.581486E-4,1.527162E-4
758548657000771,6.108648E-4,-4.581486E-4,1.527162E-4
758548678732334,6.108648E-4,0.0,1.527162E-4
758548700463896,-9.162972E-4,0.0,-1.527162E-4
758548722195406,-1.527162E-4,-4.581486E-4,4.581486E-4
758548743926969,-1.527162E-4,-7.6358096E-4,-1.527162E-4
758548765658531,-1.527162E-4,-1.527162E-4,1.527162E-4
758548787390094,-1.527162E-4,-1.527162E-4,4.581486E-4
758548809121604,-3.054324E-4,4.581486E-4,-1.527162E-4
758548830853167,-3.054324E-4,-7.6358096E-4,-3.054324E-4
758548852584729,1.527162E-4,-4.581486E-4,-3.054324E-4
758548874316292,1.527162E-4,0.0010690134,-3.054324E-4
758548896047802,3.054324E-4,-1.527162E-4,4.581486E-4
758548917779365,-6.108648E-4,-1.527162E-4,4.581486E-4
758548939510927,3.054324E-4,-7.6358096E-4,1.527162E-4
758548961242438,1.527162E-4,7.6358096E-4,-3.054324E-4
758548982974000,0.0010690134,-0.0012217296,-1.527162E-4
758549004705563,-1.527162E-4,-1.527162E-4,-3.054324E-4
758549026437073,1.527162E-4,4.581486E-4,-1.527162E-4
758549048168636,1.527162E-4,-1.527162E-4,4.581486E-4
758549069900198,-6.108648E-4,7.6358096E-4,-3.054324E-4
758549091631761,-1.527162E-4,-0.0012217296,1.527162E-4
758549113363271,3.054324E-4,-7.6358096E-4,-1.527162E-4
758549135094834,-1.527162E-4,0.0012217296,-3.054324E-4
758549156826396,6.108648E-4,-0.0019853106,4.581486E-4
758549178557959,-1.527162E-4,0.0,-3.054324E-4
758549200289469,-1.527162E-4,-1.527162E-4,1.527162E-4
758549222021031,-1.527162E-4,-0.0012217296,4.581486E-4
758549243752594,-3.054324E-4,0.0010690134,-1.527162E-4
758549265484104,1.527162E-4,-7.6358096E-4,-1.527162E-4
758549287215667,1.527162E-4,3.054324E-4,4.581486E-4
758549308947229,1.527162E-4,7.6358096E-4,-6.108648E-4
758549330678792,3.054324E-4,-1.527162E-4,4.581486E-4
758549352410302,1.527162E-4,7.6358096E-4,-3.054324E-4
758549374141865,-1.527162E-4,0.0,-1.527162E-4
758549395873427,-1.527162E-4,-9.162972E-4,-1.527162E-4
758549417604938,1.527162E-4,0.0,-1.527162E-4
758549439336500,-1.527162E-4,4.581486E-4,1.527162E-4
758549461068063,0.0010690134,-1.527162E-4,-1.527162E-4
758549482799573,-1.527162E-4,4.581486E-4,-3.054324E-4
758549504531136,-9.162972E-4,0.0010690134,-1.527162E-4
758549526262698,6.108648E-4,-7.6358096E-4,-1.527162E-4
758549547994261,-1.527162E-4,4.581486E-4,1.527162E-4
758549569725771,6.108648E-4,3.054324E-4,-1.527162E-4
758549591457334,3.054324E-4,-9.162972E-4,-1.527162E-4
758549613188896,-1.527162E-4,0.0,-6.108648E-4
758549634920406,1.527162E-4,-4.581486E-4,1.527162E-4
758549656651969,-3.054324E-4,-1.527162E-4,-1.527162E-4
758549678383531,3.054324E-4,0.0,4.581486E-4
758549700115042,-6.108648E-4,3.054324E-4,-1.527162E-4
758549721846604,6.108648E-4,-0.0012217296,1.527162E-4
758549743578167,1.527162E-4,7.6358096E-4,1.527162E-4
758549765309677,-3.054324E-4,3.054324E-4,-3.054324E-4
758549787041240,9.162972E-4,-0.0024434591,1.527162E-4
758549808772802,-0.0010690134,0.0016798781,-3.054324E-4
758549830504365,-1.527162E-4,0.0,4.581486E-4
758549852235875,1.527162E-4,-0.0013744457,-1.527162E-4
758549873967438,1.527162E-4,0.0012217296,1.527162E-4
758549895699000,3.054324E-4,-4.581486E-4,4.581486E-4
758549917430511,1.527162E-4,-1.527162E-4,-3.054324E-4
758549939162073,-3.054324E-4,3.054324E-4,-1.527162E-4
758549960893636,1.527162E-4,-1.527162E-4,-1.527162E-4
758549982625198,-1.527162E-4,-1.527162E-4,4.581486E-4
758550004356709,6.108648E-4,-1.527162E-4,-1.527162E-4
758550026088271,-3.054324E-4,3.054324E-4,4.581486E-4
758550047819834,-1.527162E-4,0.0,-3.054324E-4
758550069551396,9.162972E-4,-0.0012217296,-3.054324E-4
758550091282906,-3.054324E-4,4.581486E-4,-1.527162E-4
758550113014469,1.527162E-4,-9.162972E-4,-3.054324E-4
758550134746031,-1.527162E-4,-1.527162E-4,1.527162E-4
758550156477594,-9.162972E-4,7.6358096E-4,1.527162E-4
758550178209104,1.527162E-4,-4.581486E-4,-1.527162E-4
758550199940667,6.108648E-4,-1.527162E-4,-1.527162E-4
758550221672229,-1.527162E-4,4.581486E-4,4.581486E-4
758550243403792,6.108648E-4,-4.581486E-4,1.527162E-4
758550265135354,-1.527162E-4,3.054324E-4,-6.108648E-4
758550286866865,-1.527162E-4,3.054324E-4,-1.527162E-4
758550308598427,1.527162E-4,-7.6358096E-4,-3.054324E-4
758550330329990,-1.527162E-4,0.0,1.527162E-4
758550352061552,-1.527162E-4,0.0,1.527162E-4
758550373793063,3.054324E-4,3.054324E-4,-3.054324E-4
758550395524625,6.108648E-4,-9.162972E-4,-6.108648E-4
758550417256188,-1.527162E-4,-7.6358096E-4,1.527162E-4
758550438987750,1.527162E-4,0.0,-1.527162E-4
758550460719313,-3.054324E-4,0.0,-3.054324E-4
758550482450875,-1.527162E-4,-1.527162E-4,-1.527162E-4
758550504182438,9.162972E-4,-1.527162E-4,-3.054324E-4
758550525914000,3.054324E-4,3.054324E-4,-1.527162E-4
758550547645511,1.527162E-4,3.054324E-4,4.581486E-4
758550569377073,1.527162E-4,3.054324E-4,1.527162E-4
758550591108636,1.527162E-4,-1.527162E-4,1.527162E-4
758550612840198,1.527162E-4,0.0,1.527162E-4
758550634571761,-6.108648E-4,-1.527162E-4,-1.527162E-4
758550656303323,6.108648E-4,-7.6358096E-4,1.527162E-4
758550678034834,-1.527162E-4,0.0010690134,-3.054324E-4
758550699766396,3.054324E-4,-1.527162E-4,-1.527162E-4
758550721497959,-1.527162E-4,3.054324E-4,6.108648E-4
758550743229521,1.527162E-4,-4.581486E-4,-3.054324E-4
758550764961084,-1.527162E-4,-4.581486E-4,-6.108648E-4
758550786692646,-1.527162E-4,7.6358096E-4,-3.054324E-4
758550808424209,-1.527162E-4,3.054324E-4,1.527162E-4
758550830155719,1.527162E-4,-4.581486E-4,-3.054324E-4
758550851887281,-3.054324E-4,3.054324E-4,1.527162E-4
758550873618844,9.162972E-4,4.581486E-4,-3.054324E-4
758550895350406,-6.108648E-4,-3.054324E-4,-3.054324E-4
758550917081969,4.581486E-4,4.581486E-4,6.108648E-4
758550938813531,1.527162E-4,-3.054324E-4,1.527162E-4
758550960545042,1.527162E-4,1.527162E-4,-3.054324E-4
758550982276604,4.581486E-4,-0.0,-3.054324E-4
758551004008167,-6.108648E-4,4.581486E-4,-1.527162E-4
758551025739729,-3.054324E-4,6.108648E-4,1.527162E-4
758551047471292,1.527162E-4,-0.0,3.054324E-4
758551069202854,1.527162E-4,9.162972E-4,1.527162E-4
758551090934417,4.581486E-4,1.527162E-4,3.054324E-4
758551112665927,-6.108648E-4,4.581486E-4,1.527162E-4
758551134397490,6.108648E-4,-0.0,1.527162E-4
758551156129052,6.108648E-4,-0.0,-3.054324E-4
758551177860615,6.108648E-4,4.581486E-4,-1.527162E-4
758551199592177,6.108648E-4,-7.6358096E-4,3.054324E-4
758551221323740,1.527162E-4,6.108648E-4,3.054324E-4
758551243055302,-0.0,4.581486E-4,-1.527162E-4
758551264786813,4.581486E-4,-0.0015271619,9.162972E-4
758551286518375,-6.108648E-4,4.581486E-4,1.527162E-4
758551308249938,-3.054324E-4,1.527162E-4,-1.527162E-4
758551329981500,1.527162E-4,-3.054324E-4,6.108648E-4
758551351713063,-0.0,9.162972E-4,-1.527162E-4
758551373444625,4.581486E-4,9.162972E-4,-1.527162E-4
758551395176188,4.581486E-4,-3.054324E-4,3.054324E-4
758551416907698,-6.108648E-4,-6.108648E-4,3.054324E-4
758551438639261,-6.108648E-4,6.108648E-4,1.527162E-4
758551460370823,-0.0,-7.6358096E-4,1.527162E-4
758551482102386,-0.0,-0.0,-1.527162E-4
758551503833948,-6.108648E-4,1.527162E-4,1.527162E-4
758551525565459,-0.0,-3.054324E-4,3.054324E-4
758551547297021,-0.0,0.0012217296,1.527162E-4
758551569028584,-0.0,-0.0,-1.527162E-4
758551590760146,-0.0,1.527162E-4,-1.527162E-4
758551612491709,1.527162E-4,6.108648E-4,3.054324E-4
758551634223271,4.581486E-4,-0.0,1.527162E-4
758551655954834,-0.0,1.527162E-4,3.054324E-4
758551677686344,1.527162E-4,1.527162E-4,3.054324E-4
758551699417906,6.108648E-4,-3.054324E-4,6.108648E-4
758551721149469,-6.108648E-4,-0.0,6.108648E-4
758551742881031,1.527162E-4,4.581486E-4,-1.527162E-4
758551764612594,-0.0,-0.0,6.108648E-4
758551786344156,1.527162E-4,6.108648E-4,1.527162E-4
758551808075667,-0.0,6.108648E-4,1.527162E-4
758551829807229,-0.0,-3.054324E-4,3.054324E-4
758551851538792,-6.108648E-4,6.108648E-4,1.527162E-4
758551873270354,4.581486E-4,-6.108648E-4,1.527162E-4
758551895001917,-7.6358096E-4,1.527162E-4,-3.054324E-4
758551916733479,-0.0,4.581486E-4,1.527162E-4
758551938464990,-0.0,-0.0,1.527162E-4
758551960196552,-3.054324E-4,4.581486E-4,-3.054324E-4
758551981928115,-0.0,-3.054324E-4,3.054324E-4
758552003659677,4.581486E-4,-0.0,6.108648E-4
758552025391240,-3.054324E-4,9.162972E-4,1.527162E-4
758552047122750,4.581486E-4,-0.0,6.108648E-4
758552068854313,1.527162E-4,-6.108648E-4,6.108648E-4
758552090585875,-7.6358096E-4,0.0013744457,3.054324E-4
758552112317438,1.527162E-4,-3.054324E-4,-3.054324E-4
758552134049000,-0.0,-3.054324E-4,3.054324E-4
758552155780563,-3.054324E-4,9.162972E-4,1.527162E-4
758552177512073,4.581486E-4,-7.6358096E-4,3.054324E-4
758552199243636,-3.054324E-4,9.162972E-4,-1.527162E-4
758552220975198,-0.0,0.0012217296,-3.054324E-4
758552242706761,6.108648E-4,-7.6358096E-4,-3.054324E-4
758552264438323,1.527162E-4,4.581486E-4,-3.054324E-4
758552286169886,1.527162E-4,-0.0,9.162972E-4
758552307901396,1.527162E-4,-0.0,1.527162E-4
758552329632959,6.108648E-4,-0.0,-3.054324E-4
758552351364521,-0.0,1.527162E-4,1.527162E-4
758552373096084,1.527162E-4,-7.6358096E-4,1.527162E-4
758552394827646,-6.108648E-4,4.581486E-4,3.054324E-4
758552416559156,1.527162E-4,4.581486E-4,-1.527162E-4
758552438290719,-0.0,-0.0,-1.527162E-4
758552460022281,-3.054324E-4,1.527162E-4,-1.527162E-4
758552481753844,-3.054324E-4,-0.0,1.527162E-4
758552503485406,6.108648E-4,-0.0,3.054324E-4
758552525216917,-0.0,1.527162E-4,6.108648E-4
758552546948479,4.581486E-4,4.581486E-4,1.527162E-4
758552568680042,1.527162E-4,-3.054324E-4,3.054324E-4
758552590411604,1.527162E-4,6.108648E-4,1.527162E-4
758552612143167,9.162972E-4,-3.054324E-4,3.054324E-4
758552633874729,-6.108648E-4,4.581486E-4,1.527162E-4
758552655606240,-7.6358096E-4,9.162972E-4,1.527162E-4
758552677337802,9.162972E-4,-0.0012217296,6.108648E-4
758552699069365,4.581486E-4,1.527162E-4,-1.527162E-4
758552720800927,-0.0,-3.054324E-4,-3.054324E-4
758552742532490,4.581486E-4,-0.0012217296,1.527162E-4
758552764264000,-7.6358096E-4,4.581486E-4,-1.527162E-4
758552785995563,-3.054324E-4,1.527162E-4,-1.527162E-4
758552807727125,4.581486E-4,-3.054324E-4,1.527162E-4
758552829458688,-3.054324E-4,0.0013744457,-1.527162E-4
758552851190250,1.527162E-4,-7.6358096E-4,1.527162E-4
758552872921761,1.527162E-4,-1.527162E-4,-1.527162E-4
758552894653323,-0.0,-1.527162E-4,1.527162E-4
758552916384886,-0.0,-1.527162E-4,-1.527162E-4
758552938116448,-0.0,7.6358096E-4,-1.527162E-4
758552959847959,-0.0,-7.6358096E-4,3.054324E-4
758552981579521,-7.6358096E-4,7.6358096E-4,1.527162E-4
758553003311084,1.527162E-4,3.054324E-4,-4.581486E-4
758553025042646,4.581486E-4,-0.0013744457,1.527162E-4
758553046774209,-4.581486E-4,0.0012217296,-4.581486E-4
758553068505771,1.527162E-4,-4.581486E-4,1.527162E-4
758553090237281,-0.0,-4.581486E-4,3.054324E-4
758553111968844,-0.0010690134,0.0016798781,-4.581486E-4
758553133700406,4.581486E-4,-0.0012217296,3.054324E-4
758553155431969,-0.0,0.0,1.527162E-4
758553177163479,-0.0,3.054324E-4,6.108648E-4
758553198895042,4.581486E-4,-1.527162E-4,-4.581486E-4
758553220626604,-0.0,0.0012217296,-4.581486E-4
758553242358167,4.581486E-4,-7.6358096E-4,1.527162E-4
758553264089677,7.6358096E-4,0.0,-1.527162E-4
758553285821240,-3.054324E-4,-1.527162E-4,-1.527162E-4
758553307552802,-0.0,-9.162972E-4,1.527162E-4
758553329284365,-0.0010690134,4.581486E-4,3.054324E-4
758553351015927,1.527162E-4,-4.581486E-4,1.527162E-4
758553372747438,4.581486E-4,0.0,1.527162E-4
758553394479000,7.6358096E-4,4.581486E-4,3.054324E-4
758553416210563,4.581486E-4,0.0,-4.581486E-4
758553437942125,-4.581486E-4,0.0015271619,-1.527162E-4
758553459673688,0.0012217296,-9.162972E-4,1.527162E-4
758553481405198,-0.0,4.581486E-4,3.054324E-4
758553503136761,-7.6358096E-4,0.0010690134,-1.527162E-4
758553524868323,1.527162E-4,-7.6358096E-4,1.527162E-4
758553546599886,1.527162E-4,3.054324E-4,-4.581486E-4
758553568331396,-7.6358096E-4,0.0010690134,-4.581486E-4
758553590062959,1.527162E-4,-0.0012217296,-1.527162E-4
758553611794521,-0.0,-9.162972E-4,-1.527162E-4
758553633526084,-4.581486E-4,7.6358096E-4,1.527162E-4
758553655257594,1.527162E-4,-1.527162E-4,3.054324E-4
758553676989156,-3.054324E-4,3.054324E-4,-1.527162E-4
758553698720719,1.527162E-4,7.6358096E-4,-4.581486E-4
758553720452229,4.581486E-4,-7.6358096E-4,1.527162E-4
758553742183792,-3.054324E-4,3.054324E-4,-1.527162E-4
758553763915354,-7.6358096E-4,0.0010690134,-1.527162E-4
758553785646917,7.6358096E-4,-0.0012217296,1.527162E-4
758553807378427,-0.0,3.054324E-4,3.054324E-4
758553829109990,-0.0,3.054324E-4,3.054324E-4
758553850841552,-0.0,-9.162972E-4,1.527162E-4
758553872573115,-3.054324E-4,4.581486E-4,-1.527162E-4
758553894304677,-3.054324E-4,0.0,-1.527162E-4
758553916036188,4.581486E-4,-7.6358096E-4,-6.108648E-4
758553937767750,1.527162E-4,0.0,1.527162E-4
758553959499313,-0.0,0.0010690134,-1.527162E-4
758553981230823,-3.054324E-4,-1.527162E-4,-4.581486E-4
758554002962386,-0.0,7.6358096E-4,-4.581486E-4
758554024693948,4.581486E-4,0.0,3.054324E-4
758554046425511,7.6358096E-4,3.054324E-4,-4.581486E-4
758554068157021,-7.6358096E-4,4.581486E-4,-4.581486E-4
758554089888584,-0.0,-4.581486E-4,1.527162E-4
758554111620146,-0.0,4.581486E-4,1.527162E-4
758554133351709,-0.0,4.581486E-4,1.527162E-4
758554155083219,-3.054324E-4,3.054324E-4,-1.527162E-4
758554176814781,9.162972E-4,-0.0013744457,1.527162E-4
758554198546344,-3.054324E-4,3.054324E-4,3.054324E-4
758554220277854,-0.0,0.0016798781,-1.527162E-4
758554242009417,0.0016798781,-0.003817905,1.527162E-4
758554263740979,-0.0012217296,0.0019853106,-6.108648E-4
758554285472542,-0.0,-1.527162E-4,-4.581486E-4
758554307204052,1.527162E-4,-0.0016798781,-1.527162E-4
758554328935615,-7.6358096E-4,0.002290743,-4.581486E-4
758554350667177,4.581486E-4,-7.6358096E-4,-1.527162E-4
758554372398688,4.581486E-4,-9.162972E-4,1.527162E-4
758554394130250,-3.054324E-4,0.002290743,-6.108648E-4
758554415861813,-0.0,-0.0013744457,3.054324E-4
758554437593323,7.6358096E-4,0.0,3.054324E-4
758554459324886,4.581486E-4,7.6358096E-4,1.527162E-4
758554481056448,-0.0,-9.162972E-4,1.527162E-4
758554502788011,7.6358096E-4,-7.6358096E-4,-1.527162E-4
758554524519521,-4.581486E-4,0.0016798781,1.527162E-4
758554546251084,0.0012217296,-0.0024434591,1.527162E-4
758554567982646,-3.054324E-4,0.0010690134,1.527162E-4
758554589714156,-0.0,0.0010690134,1.527162E-4
758554611445719,7.6358096E-4,-9.162972E-4,1.527162E-4
758554633177281,-7.6358096E-4,0.0019853106,-4.581486E-4
758554654908792,7.6358096E-4,-4.581486E-4,1.527162E-4
758554676640354,4.581486E-4,-4.581486E-4,-6.108648E-4
758554698371917,-7.6358096E-4,0.0019853106,-6.108648E-4
758554720103479,-0.0,-9.162972E-4,-1.527162E-4
758554741834990,4.581486E-4,0.0,1.527162E-4
758554763566552,-0.0,0.0015271619,-6.108648E-4
758554785298115,4.581486E-4,-4.581486E-4,3.054324E-4
758554807029625,-0.0,-0.0012217296,1.527162E-4
758554828761188,1.527162E-4,7.6358096E-4,-1.527162E-4
758554850492750,-4.581486E-4,7.6358096E-4,-4.581486E-4
758554872224261,1.527162E-4,-0.0016798781,1.527162E-4
758554893955823,1.527162E-4,4.581486E-4,-1.527162E-4
758554915687386,4.581486E-4,3.054324E-4,6.108648E-4
758554937418896,-0.0010690134,0.0012217296,-1.527162E-4
758554959150459,9.162972E-4,-4.581486E-4,-4.581486E-4
758554980882021,4.581486E-4,0.0,-4.581486E-4
758555002613531,-3.054324E-4,0.0012217296,-4.581486E-4
758555024345094,4.581486E-4,-0.0021380268,1.527162E-4
758555046076656,4.581486E-4,0.0010690134,1.527162E-4
758555067808167,-4.581486E-4,0.0010690134,-4.581486E-4
758555089539729,7.6358096E-4,-0.0013744457,-1.527162E-4
758555111271292,4.581486E-4,-1.527162E-4,1.527162E-4
758555133002802,-4.581486E-4,7.6358096E-4,-6.108648E-4
758555154734365,4.581486E-4,-0.0012217296,-4.581486E-4
758555176465927,4.581486E-4,7.6358096E-4,-4.581486E-4
758555198197438,4.581486E-4,7.6358096E-4,-1.527162E-4
758555219929000,4.581486E-4,-0.0012217296,-1.527162E-4
758555241660511,-0.0,0.0012217296,-6.108648E-4
758555263392073,9.162972E-4,0.0,3.054324E-4
758555285123636,4.581486E-4,-9.162972E-4,-1.527162E-4
758555306855146,-3.054324E-4,0.0015271619,3.054324E-4
758555328586709,1.527162E-4,-9.162972E-4,1.527162E-4
758555350318271,9.162972E-4,-0.0012217296,6.108648E-4
758555372049781,-3.054324E-4,0.0015271619,-6.108648E-4
758555393781344,-0.0,-1.527162E-4,-4.581486E-4
758555415512906,9.162972E-4,-0.0013744457,6.108648E-4
758555437244417,-4.581486E-4,0.0016798781,-1.527162E-4
758555458975979,-0.0,0.0,-4.581486E-4
758555480707542,4.581486E-4,-0.0016798781,1.527162E-4
758555502439052,-4.581486E-4,0.0010690134,3.054324E-4
758555524170615,7.6358096E-4,-0.0012217296,-4.581486E-4
758555545902125,-3.054324E-4,7.6358096E-4,-4.581486E-4
758555567633688,-0.0,0.0,-1.527162E-4
758555589365250,4.581486E-4,-9.162972E-4,-1.527162E-4
758555611096761,-0.0,0.0012217296,1.527162E-4
758555632828323,-0.0,0.0,-4.581486E-4
758555654559834,4.581486E-4,-4.581486E-4,3.054324E-4
758555676291396,-7.6358096E-4,7.6358096E-4,3.054324E-4
758555698022959,4.581486E-4,-9.162972E-4,1.527162E-4
758555719754469,-0.0,-4.581486E-4,-1.527162E-4
758555741486031,1.527162E-4,-4.581486E-4,-4.581486E-4
758555763217594,-7.6358096E-4,0.0012217296,-1.527162E-4
758555784949104,7.6358096E-4,-1.527162E-4,-4.581486E-4
758555806680667,1.527162E-4,-7.6358096E-4,-4.581486E-4
758555828412177,7.6358096E-4,-9.162972E-4,-4.581486E-4
758555850143740,-3.054324E-4,-4.581486E-4,-1.527162E-4
758555871875302,-3.054324E-4,7.6358096E-4,-4.581486E-4
758555893606813,4.581486E-4,-7.6358096E-4,1.527162E-4
758555915338375,-4.581486E-4,3.054324E-4,1.527162E-4
758555937069938,4.581486E-4,0.0,-1.527162E-4
758555958801448,9.162972E-4,-0.0013744457,3.054324E-4
758555980533011,1.527162E-4,3.054324E-4,1.527162E-4
758556002264521,-3.054324E-4,4.581486E-4,-4.581486E-4
758556023996084,0.0012217296,-0.0019853106,1.527162E-4
758556045727594,-3.054324E-4,0.0012217296,-4.581486E-4
758556067459156,1.527162E-4,3.054324E-4,-6.108648E-4
758556089190667,4.581486E-4,7.6358096E-4,-4.581486E-4
758556110922229,-0.0,-0.0013744457,1.527162E-4
758556132653792,-4.581486E-4,-4.581486E-4,-6.108648E-4
758556154385302,7.6358096E-4,-7.6358096E-4,-1.527162E-4
758556176116865,-3.054324E-4,4.581486E-4,-4.581486E-4
758556197848427,-0.0,0.0,-4.581486E-4
758556219579938,4.581486E-4,-1.527162E-4,3.054324E-4
758556241311500,-0.0,7.6358096E-4,3.054324E-4
758556263043011,1.527162E-4,-7.6358096E-4,1.527162E-4
758556284774573,1.527162E-4,-9.162972E-4,1.527162E-4
758556306506084,-3.054324E-4,7.6358096E-4,-1.527162E-4
758556328237646,4.581486E-4,3.054324E-4,3.054324E-4
758556349969156,4.581486E-4,-9.162972E-4,-1.527162E-4
758556371700719,4.581486E-4,-4.581486E-4,-4.581486E-4
758556393432281,-7.6358096E-4,0.0015271619,-1.527162E-4
758556415163792,1.527162E-4,-9.162972E-4,-4.581486E-4
758556436895354,4.581486E-4,-7.6358096E-4,3.054324E-4
758556458626865,-4.581486E-4,7.6358096E-4,3.054324E-4
758556480358427,4.581486E-4,-0.0016798781,3.054324E-4
758556502089938,-4.581486E-4,0.0015271619,-6.108648E-4
758556523821500,7.6358096E-4,-1.527162E-4,-1.527162E-4
758556545553011,1.527162E-4,-1.527162E-4,1.527162E-4
758556567284573,1.527162E-4,7.6358096E-4,-1.527162E-4
758556589016136,4.581486E-4,-0.0012217296,3.054324E-4
758556610747646,-4.581486E-4,0.0,1.527162E-4
758556632479209,-3.054324E-4,3.054324E-4,-1.527162E-4
758556654210719,-3.054324E-4,0.0,-1.527162E-4
758556675942281,9.162972E-4,-4.581486E-4,1.527162E-4
758556697673792,-3.054324E-4,4.581486E-4,-1.527162E-4
758556719405354,-4.581486E-4,0.0010690134,-1.527162E-4
758556741136865,0.0012217296,-0.0021380268,1.527162E-4
758556762868427,4.581486E-4,0.0016798781,-6.108648E-4
758556784599990,7.6358096E-4,-0.0019853106,-1.527162E-4
758556806331500,-3.054324E-4,-4.581486E-4,3.054324E-4
758556828063063,-0.0012217296,0.0019853106,-6.108648E-4
758556849794573,7.6358096E-4,-0.0013744457,-4.581486E-4
758556871526136,-3.054324E-4,-4.581486E-4,-1.527162E-4
758556893257646,-3.054324E-4,0.0012217296,-4.581486E-4
758556914989209,4.581486E-4,-0.0024434591,1.527162E-4
758556936720719,-4.581486E-4,7.6358096E-4,-1.527162E-4
758556958452281,1.527162E-4,7.6358096E-4,-6.108648E-4
758556980183792,4.581486E-4,-0.0013744457,-1.527162E-4
758557001915354,4.581486E-4,-1.527162E-4,-4.581486E-4
758557023646865,-3.054324E-4,0.0012217296,-4.581486E-4
758557045378427,7.6358096E-4,-0.0013744457,1.527162E-4
758557067109990,-3.054324E-4,4.581486E-4,-4.581486E-4
758557088841500,7.6358096E-4,-4.581486E-4,3.054324E-4
758557110573063,1.527162E-4,4.581486E-4,3.054324E-4
758557132304573,-4.581486E-4,7.6358096E-4,-1.527162E-4
758557154036136,9.162972E-4,-0.0016798781,3.054324E-4
758557175767646,-7.6358096E-4,0.00320704,-4.581486E-4
758557197499209,1.527162E-4,-9.162972E-4,3.054324E-4
758557219230719,1.527162E-4,-0.0016798781,3.054324E-4
758557240962281,-0.0,0.0015271619,3.054324E-4
758557262693792,1.527162E-4,4.581486E-4,3.054324E-4
758557284425354,7.6358096E-4,-7.6358096E-4,1.527162E-4
758557306156865,-3.054324E-4,0.0,-4.581486E-4
758557327888427,-4.581486E-4,4.581486E-4,-1.527162E-4
758557349619938,0.0012217296,-9.162972E-4,-1.527162E-4
758557371351500,-4.581486E-4,3.054324E-4,-4.581486E-4
758557393083011,-0.0,3.054324E-4,1.527162E-4
758557414814573,4.581486E-4,-1.527162E-4,3.054324E-4
758557436546084,-7.6358096E-4,0.0010690134,1.527162E-4
758557458277646,0.0013744457,-0.0019853106,3.054324E-4
758557480009156,-0.0,0.0015271619,-1.527162E-4
758557501740667,-3.054324E-4,4.581486E-4,1.527162E-4
758557523472229,1.527162E-4,-0.0025961753,1.527162E-4
758557545203792,-3.054324E-4,7.6358096E-4,-6.108648E-4
758557566935302,-4.581486E-4,0.0012217296,1.527162E-4
758557588666813,1.527162E-4,-0.0013744457,-1.527162E-4
758557610398375,7.6358096E-4,-7.6358096E-4,1.527162E-4
758557632129886,4.581486E-4,7.6358096E-4,-4.581486E-4
758557653861448,-0.0,-4.581486E-4,-1.527162E-4
758557675593011,1.527162E-4,-0.0012217296,-4.581486E-4
758557697324521,0.0012217296,0.0,1.527162E-4
758557719056031,7.6358096E-4,0.0,-6.108648E-4
758557740787594,1.527162E-4,4.581486E-4,-4.581486E-4
758557762519104,-4.581486E-4,0.0,3.054324E-4
758557784250667,-3.054324E-4,-4.581486E-4,1.527162E-4
758557805982177,-3.054324E-4,0.0010690134,-4.581486E-4
758557827713740,1.527162E-4,-4.581486E-4,-4.581486E-4
758557849445250,1.527162E-4,3.054324E-4,-1.527162E-4
758557871176813,1.527162E-4,3.054324E-4,-1.527162E-4
758557892908323,-0.0,-4.581486E-4,-6.108648E-4
758557914639886,9.162972E-4,-4.581486E-4,1.527162E-4
758557936371396,-3.054324E-4,0.0012217296,-1.527162E-4
758557958102959,1.527162E-4,-4.581486E-4,1.527162E-4
758557979834469,-0.0,-4.581486E-4,-1.527162E-4
758558001566031,-0.0,-4.581486E-4,-1.527162E-4
758558023297542,4.581486E-4,-7.6358096E-4,-4.581486E-4
758558045029104,4.581486E-4,7.6358096E-4,1.527162E-4
758558066760615,1.527162E-4,-1.527162E-4,-4.581486E-4
758558088492125,1.527162E-4,-4.581486E-4,-1.527162E-4
758558110223688,-3.054324E-4,0.0010690134,-1.527162E-4
758558131955198,1.527162E-4,-7.6358096E-4,3.054324E-4
758558153686761,9.162972E-4,0.0,-1.527162E-4
758558175418271,-4.581486E-4,7.6358096E-4,-4.581486E-4
758558197149834,4.581486E-4,-1.527162E-4,-4.581486E-4
758558218881344,-0.0,-0.0012217296,1.527162E-4
758558240612854,-0.0,0.0015271619,-1.527162E-4
758558262344417,0.0012217296,-0.0012217296,3.054324E-4
758558284075927,-0.0,-9.162972E-4,1.527162E-4
758558305807490,-7.6358096E-4,4.581486E-4,1.527162E-4
758558327539000,1.527162E-4,3.054324E-4,-6.108648E-4
758558349270563,4.581486E-4,0.0,-1.527162E-4
758558371002073,-3.054324E-4,3.054324E-4,-4.581486E-4
758558392733636,-7.6358096E-4,7.6358096E-4,6.108648E-4
758558414465146,-0.0,7.6358096E-4,1.527162E-4
758558436196656,-0.0,-9.162972E-4,3.054324E-4
758558457928219,-3.054324E-4,3.054324E-4,-6.108648E-4
758558479659729,-4.581486E-4,3.054324E-4,-1.527162E-4
758558501391292,-3.054324E-4,0.0,-1.527162E-4
758558523122802,-3.054324E-4,-7.6358096E-4,-1.527162E-4
758558544854365,1.527162E-4,-1.527162E-4,1.527162E-4
758558566585875,-7.6358096E-4,0.0019853106,3.054324E-4
758558588317386,7.6358096E-4,-0.0012217296,1.527162E-4
758558610048948,4.581486E-4,-4.581486E-4,-4.581486E-4
758558631780459,-4.581486E-4,0.0016798781,-1.527162E-4
758558653512021,9.162972E-4,-9.162972E-4,1.527162E-4
758558675243531,-7.6358096E-4,3.054324E-4,-6.108648E-4
758558696975094,-0.0,3.054324E-4,-4.581486E-4
758558718706604,7.6358096E-4,-0.0013744457,3.054324E-4
758558740438115,-3.054324E-4,3.054324E-4,-1.527162E-4
758558762169677,-0.0010690134,0.0015271619,-1.527162E-4
758558783901188,7.6358096E-4,-0.0016798781,1.527162E-4
758558805632750,-4.581486E-4,3.054324E-4,-4.581486E-4
758558827364261,1.527162E-4,-4.581486E-4,-1.527162E-4
758558849095823,9.162972E-4,-0.0013744457,1.527162E-4
758558870827334,-3.054324E-4,0.0010690134,1.527162E-4
758558892558844,1.527162E-4,3.054324E-4,-1.527162E-4
758558914290406,9.162972E-4,-4.581486E-4,-1.527162E-4
758558936021917,-0.0,-1.527162E-4,-4.581486E-4
758558957753479,-3.054324E-4,4.581486E-4,-6.108648E-4
758558979484990,1.527162E-4,-0.0013744457,3.054324E-4
758559001216500,1.527162E-4,4.581486E-4,-1.527162E-4
758559022948063,-0.0,0.0010690134,-6.108648E-4
758559044679573,7.6358096E-4,-9.162972E-4,-1.527162E-4
758559066411136,1.527162E-4,0.0,-4.581486E-4
758559088142646,-4.581486E-4,0.0010690134,1.527162E-4
758559109874156,1.527162E-4,-7.6358096E-4,-4.581486E-4
758559131605719,1.527162E-4,4.581486E-4,1.527162E-4
758559153337229,-4.581486E-4,3.054324E-4,-6.108648E-4
758559175068792,7.6358096E-4,-7.6358096E-4,-1.527162E-4
758559196800302,-0.0,7.6358096E-4,-4.581486E-4
758559218531813,1.527162E-4,0.0,1.527162E-4
758559240263375,-3.054324E-4,0.0,6.108648E-4
758559261994886,-0.0,0.0,1.527162E-4
758559283726396,4.581486E-4,-1.527162E-4,-6.108648E-4
758559305457959,-3.054324E-4,7.6358096E-4,-1.527162E-4
758559327189469,-4.581486E-4,4.581486E-4,-1.527162E-4
758559348921031,1.527162E-4,-1.527162E-4,1.527162E-4
758559370652542,-3.054324E-4,7.6358096E-4,-4.581486E-4
758559392384052,1.527162E-4,-1.527162E-4,-6.108648E-4
758559414115615,-3.054324E-4,0.0,-1.527162E-4
758559435847125,-7.6358096E-4,0.0,-4.581486E-4
758559457578688,7.6358096E-4,-4.581486E-4,-4.581486E-4
758559479310198,1.527162E-4,-1.527162E-4,-4.581486E-4
758559501041709,1.527162E-4,4.581486E-4,1.527162E-4
758559522773271,4.581486E-4,3.054324E-4,-4.581486E-4
758559544504781,-0.0,-7.6358096E-4,-1.527162E-4
758559566236292,4.581486E-4,0.0010690134,-4.581486E-4
758559587967854,7.6358096E-4,-7.6358096E-4,-1.527162E-4
758559609699365,-3.054324E-4,0.0,-1.527162E-4
758559631430927,7.6358096E-4,7.6358096E-4,1.527162E-4
758559653162438,1.527162E-4,-7.6358096E-4,-1.527162E-4
758559674893948,-3.054324E-4,0.0010690134,3.054324E-4
758559696625511,1.527162E-4,0.0,-1.527162E-4
758559718357021,4.581486E-4,-7.6358096E-4,1.527162E-4
758559740088531,-0.0,0.0,1.527162E-4
758559761820094,-3.054324E-4,-4.581486E-4,1.527162E-4
758559783551604,-0.0,-4.581486E-4,1.527162E-4
758559805283115,4.581486E-4,3.054324E-4,1.527162E-4
758559827014677,-0.0,-9.162972E-4,-4.581486E-4
758559848746188,1.527162E-4,-1.527162E-4,-6.108648E-4
758559870477750,-3.054324E-4,3.054324E-4,-4.581486E-4
758559892209261,7.6358096E-4,-0.0013744457,-6.108648E-4
758559913940771,-4.581486E-4,0.0010690134,-4.581486E-4
758559935672334,1.527162E-4,-7.6358096E-4,-4.581486E-4
758559957403844,-0.0,-1.527162E-4,-1.527162E-4
758559979135354,-0.0,4.581486E-4,-1.527162E-4
758560000866917,-0.0,-1.527162E-4,-1.527162E-4
758560022598427,-0.0,-7.6358096E-4,-4.581486E-4
758560044329938,-0.0,3.054324E-4,-1.527162E-4
758560066061500,4.581486E-4,4.581486E-4,1.527162E-4
758560087793011,9.162972E-4,-9.162972E-4,-6.108648E-4
758560109524573,-0.0,3.054324E-4,-1.527162E-4
758560131256084,-3.054324E-4,3.054324E-4,1.527162E-4
758560152987594,-0.0,-4.581486E-4,1.527162E-4
758560174719156,1.527162E-4,7.6358096E-4,3.054324E-4
758560196450667,1.527162E-4,-4.581486E-4,1.527162E-4
758560218182177,-3.054324E-4,-1.527162E-4,-1.527162E-4
758560239913740,1.527162E-4,4.581486E-4,1.527162E-4
758560261645250,-3.054324E-4,-1.527162E-4,-4.581486E-4
758560283376761,1.527162E-4,0.0,-1.527162E-4
758560305108323,1.527162E-4,-1.527162E-4,-1.527162E-4
758560326839834,-0.0,-7.6358096E-4,-4.581486E-4
758560348571344,-4.581486E-4,7.6358096E-4,3.054324E-4
758560370302906,1.527162E-4,3.054324E-4,-4.581486E-4
758560392034417,9.162972E-4,-1.527162E-4,-1.527162E-4
758560413765927,-0.0,0.0,1.527162E-4
758560435497490,1.527162E-4,-4.581486E-4,-1.527162E-4
758560457229000,-0.0,0.0,1.527162E-4
758560478960563,1.527162E-4,0.0,-1.527162E-4
758560500692073,4.581486E-4,-4.581486E-4,-4.581486E-4
758560522423584,-7.6358096E-4,0.0,1.527162E-4
758560544155146,4.581486E-4,0.0,-6.108648E-4
758560565886656,-7.6358096E-4,4.581486E-4,1.527162E-4
758560587618167,-0.0,3.054324E-4,-1.527162E-4
758560609349677,7.6358096E-4,-1.527162E-4,-1.527162E-4
758560631081240,-0.0,3.054324E-4,-4.581486E-4
758560652812750,4.581486E-4,-1.527162E-4,1.527162E-4
758560674544261,4.581486E-4,3.054324E-4,-1.527162E-4
758560696275823,-0.0,0.0,-1.527162E-4
758560718007334,9.162972E-4,-4.581486E-4,-1.527162E-4
758560739738844,-0.0,-4.581486E-4,-4.581486E-4
758560761470406,4.581486E-4,-1.527162E-4,-1.527162E-4
758560783201917,1.527162E-4,-4.581486E-4,-4.581486E-4
758560804933479,-7.6358096E-4,3.054324E-4,1.527162E-4
758560826664990,7.6358096E-4,-4.581486E-4,1.527162E-4
758560848396500,1.527162E-4,-9.162972E-4,1.527162E-4
758560870128011,1.527162E-4,0.0,-4.581486E-4
758560891859573,1.527162E-4,-4.581486E-4,1.527162E-4
758560913591084,-0.0,0.0010690134,-6.108648E-4
758560935322646,-3.054324E-4,-9.162972E-4,-4.581486E-4
758560957054156,4.581486E-4,-9.162972E-4,1.527162E-4
758560978785667,-4.581486E-4,7.6358096E-4,-6.108648E-4
758561000517229,4.581486E-4,-7.6358096E-4,-1.527162E-4
758561022248740,7.6358096E-4,7.6358096E-4,-1.527162E-4
758561043980250,4.581486E-4,3.054324E-4,-1.527162E-4
758561065711813,-0.0,3.054324E-4,3.054324E-4
758561087443323,1.527162E-4,-7.6358096E-4,-1.527162E-4
758561109174834,-7.6358096E-4,0.0010690134,1.527162E-4
758561130906396,1.527162E-4,-1.527162E-4,1.527162E-4
758561152637906,0.0012217296,-7.6358096E-4,3.054324E-4
758561174369417,-4.581486E-4,7.6358096E-4,3.054324E-4
758561196100927,1.527162E-4,-0.0016798781,-4.581486E-4
758561217832490,-3.054324E-4,7.6358096E-4,-1.527162E-4
758561239564000,-0.0,3.054324E-4,1.527162E-4
758561261295511,9.162972E-4,-9.162972E-4,1.527162E-4
758561283027073,-6.108648E-4,0.0015271619,-0.0
758561304758584,3.054324E-4,-4.581486E-4,4.581486E-4
758561326490094,-1.527162E-4,-4.581486E-4,4.581486E-4
758561348221656,3.054324E-4,4.581486E-4,-3.054324E-4
758561369953167,0.0,-9.162972E-4,4.581486E-4
758561391684677,-1.527162E-4,-1.527162E-4,1.527162E-4
758561413416240,-4.581486E-4,0.0010690134,1.527162E-4
758561435147750,3.054324E-4,-4.581486E-4,-3.054324E-4
758561456879261,-1.527162E-4,-1.527162E-4,4.581486E-4
758561478610823,0.0,3.054324E-4,-6.108648E-4
758561500342334,-4.581486E-4,-7.6358096E-4,-3.054324E-4
758561522073844,-1.527162E-4,-1.527162E-4,-3.054324E-4
758561543805406,-4.581486E-4,3.054324E-4,1.527162E-4
758561565536917,0.0,-0.0012217296,-0.0
758561587268427,0.0,7.6358096E-4,1.527162E-4
758561608999938,0.0,-7.6358096E-4,-7.6358096E-4
758561630731500,-4.581486E-4,-1.527162E-4,-0.0
758561652463011,-0.0012217296,0.0016798781,-0.0
758561674194521,7.6358096E-4,-9.162972E-4,1.527162E-4
758561695926084,0.0,-7.6358096E-4,-6.108648E-4
758561717657594,-9.162972E-4,0.0010690134,1.527162E-4
758561739389104,0.0,-7.6358096E-4,-3.054324E-4
758561761120667,0.0,0.0,6.108648E-4
758561782852177,-6.108648E-4,0.0012217296,-0.0
758561804583688,3.054324E-4,-7.6358096E-4,-3.054324E-4
758561826315198,0.0,-4.581486E-4,-0.0
758561848046761,-6.108648E-4,0.0012217296,-6.108648E-4
758561869778271,0.0,-1.527162E-4,1.527162E-4
758561891509781,-4.581486E-4,3.054324E-4,-6.108648E-4
758561913241344,-4.581486E-4,0.0016798781,-3.054324E-4
758561934972854,7.6358096E-4,-7.6358096E-4,-0.0
758561956704365,-6.108648E-4,7.6358096E-4,-0.0
758561978435927,6.108648E-4,4.581486E-4,-3.054324E-4
758562000167438,0.0,-4.581486E-4,1.527162E-4
758562021898948,-4.581486E-4,3.054324E-4,-0.0
758562043630511,7.6358096E-4,-0.0012217296,1.527162E-4
758562065362021,-1.527162E-4,4.581486E-4,-3.054324E-4
758562087093531,0.0,4.581486E-4,-3.054324E-4
758562108825042,-4.581486E-4,4.581486E-4,1.527162E-4
758562130556604,-6.108648E-4,0.0,-0.0
758562152288115,3.054324E-4,0.0,-0.0
758562174019625,-1.527162E-4,7.6358096E-4,-3.054324E-4
758562195751188,0.0,0.0,-6.108648E-4
758562217482698,0.0,0.0,-0.0
758562239214209,3.054324E-4,-4.581486E-4,-0.0
758562260945771,-1.527162E-4,3.054324E-4,-0.0
758562282677281,3.054324E-4,-4.581486E-4,-3.054324E-4
758562304408792,0.0,-7.6358096E-4,-0.0
758562326140302,-9.162972E-4,0.0012217296,-6.108648E-4
758562347871865,0.0,-0.0012217296,-0.0
758562369603375,-1.527162E-4,-4.581486E-4,1.527162E-4
758562391334886,3.054324E-4,0.0015271619,-3.054324E-4
758562413066448,0.0,-0.0019853106,-3.054324E-4
758562434797959,-1.527162E-4,4.581486E-4,-6.108648E-4
758562456529469,0.0,7.6358096E-4,-3.054324E-4
758562478261031,3.054324E-4,-9.162972E-4,4.581486E-4
758562499992542,-1.527162E-4,3.054324E-4,1.527162E-4
758562521724052,6.108648E-4,-1.527162E-4,-0.0
758562543455563,-1.527162E-4,7.6358096E-4,-6.108648E-4
758562565187125,0.0,3.054324E-4,-0.0
758562586918636,-1.527162E-4,0.0,-0.0
758562608650146,-4.581486E-4,0.0,-3.054324E-4
758562630381709,0.0,3.054324E-4,6.108648E-4
758562652113219,0.0,-7.6358096E-4,4.581486E-4
758562673844729,-6.108648E-4,0.0010690134,4.581486E-4
758562695576292,3.054324E-4,-4.581486E-4,-0.0
758562717307802,0.0,-7.6358096E-4,-6.108648E-4
758562739039313,-6.108648E-4,-1.527162E-4,-3.054324E-4
758562760770823,0.0,-1.527162E-4,-6.108648E-4
758562782502386,-4.581486E-4,-1.527162E-4,1.527162E-4
758562804233896,-6.108648E-4,4.581486E-4,1.527162E-4
758562825965406,3.054324E-4,-7.6358096E-4,-0.0
758562847696917,0.0,4.581486E-4,-3.054324E-4
758562869428479,0.0,0.0,-3.054324E-4
758562891159990,3.054324E-4,-1.527162E-4,-0.0
758562912891500,3.054324E-4,4.581486E-4,-3.054324E-4
758562934623063,3.054324E-4,3.054324E-4,-0.0
758562956354573,-4.581486E-4,-7.6358096E-4,-0.0
758562978086084,3.054324E-4,3.054324E-4,-3.054324E-4
758562999817594,-4.581486E-4,4.581486E-4,-3.054324E-4
758563021549156,0.0,3.054324E-4,-0.0
758563043280667,-1.527162E-4,-1.527162E-4,-0.0
758563065012177,0.0,0.0,-6.108648E-4
758563086743688,0.0,-1.527162E-4,-0.0
758563108475250,-4.581486E-4,4.581486E-4,1.527162E-4
758563130206761,-6.108648E-4,7.6358096E-4,1.527162E-4
758563151938323,6.108648E-4,-0.0012217296,1.527162E-4
758563173669834,3.054324E-4,4.581486E-4,-0.0
758563195401344,3.054324E-4,7.6358096E-4,-3.054324E-4
758563217132854,0.0,-9.162972E-4,-0.0
758563238864417,0.0,-1.527162E-4,-0.0
758563260595927,0.0,0.0,1.527162E-4
758563282327438,-3.054324E-4,-7.6358096E-4,-3.054324E-4
758563304059000,-6.108648E-4,3.054324E-4,-0.0
758563325790511,4.581486E-4,-7.6358096E-4,1.527162E-4
758563347522021,-1.527162E-4,3.054324E-4,4.581486E-4
758563369253584,-1.527162E-4,-0.0,1.527162E-4
758563390985094,1.527162E-4,-7.6358096E-4,-3.054324E-4
758563412716604,4.581486E-4,9.162972E-4,-3.054324E-4
758563434448167,-3.054324E-4,-4.581486E-4,1.527162E-4
758563456179677,4.581486E-4,-7.6358096E-4,-0.0
758563477911188,-1.527162E-4,0.0012217296,-3.054324E-4
758563499642750,-3.054324E-4,-3.054324E-4,1.527162E-4
758563521374261,1.527162E-4,-9.162972E-4,-3.054324E-4
758563543105771,-6.108648E-4,3.054324E-4,1.527162E-4
758563564837334,4.581486E-4,-9.162972E-4,-3.054324E-4
758563586568844,-6.108648E-4,-0.0,-0.0
758563608300406,-6.108648E-4,3.054324E-4,-0.0
758563630031917,4.581486E-4,-3.054324E-4,4.581486E-4
758563651763427,4.581486E-4,3.054324E-4,-3.054324E-4
758563673494990,-6.108648E-4,-4.581486E-4,-0.0
758563695226500,-3.054324E-4,3.054324E-4,-0.0
758563716958011,1.527162E-4,-4.581486E-4,4.581486E-4
758563738689573,1.527162E-4,-0.0,-0.0
758563760421084,-1.527162E-4,3.054324E-4,-0.0
758563782152646,-1.527162E-4,-0.0,1.527162E-4
758563803884156,1.527162E-4,-0.0,6.108648E-4
758563825615719,-1.527162E-4,-4.581486E-4,-3.054324E-4
758563847347229,4.581486E-4,-3.054324E-4,4.581486E-4
758563869078740,-1.527162E-4,4.581486E-4,-0.0
758563890810302,4.581486E-4,-0.0,-0.0
758563912541813,1.527162E-4,-4.581486E-4,1.527162E-4
758563934273375,4.581486E-4,-3.054324E-4,4.581486E-4
758563956004886,4.581486E-4,-9.162972E-4,-0.0
758563977736448,4.581486E-4,-0.0,-6.108648E-4
758563999467959,-1.527162E-4,4.581486E-4,-0.0
758564021199521,1.527162E-4,-0.0,4.581486E-4
758564042931031,1.527162E-4,-3.054324E-4,-3.054324E-4
758564064662542,-1.527162E-4,9.162972E-4,-0.0
758564086394104,-6.108648E-4,3.054324E-4,4.581486E-4
758564108125615,1.527162E-4,-0.0,-6.108648E-4
758564129857177,-1.527162E-4,4.581486E-4,-0.0
758564151588688,4.581486E-4,-9.162972E-4,-0.0
758564173320250,1.527162E-4,-0.0,-0.0
758564195051761,-3.054324E-4,4.581486E-4,1.527162E-4
758564216783271,4.581486E-4,-7.6358096E-4,-0.0
758564238514834,1.527162E-4,-4.581486E-4,4.581486E-4
758564260246344,1.527162E-4,-0.0,-0.0
758564281977906,-1.527162E-4,-4.581486E-4,1.527162E-4
758564303709417,-1.527162E-4,3.054324E-4,4.581486E-4
758564325440979,1.527162E-4,7.6358096E-4,-0.0
758564347172490,-3.054324E-4,-9.162972E-4,-3.054324E-4
758564368904052,-0.0010690134,7.6358096E-4,1.527162E-4
758564390635563,1.527162E-4,-0.0,4.581486E-4
758564412367073,1.527162E-4,-7.6358096E-4,-3.054324E-4
758564434098636,-6.108648E-4,4.581486E-4,1.527162E-4
758564455830146,-3.054324E-4,-4.581486E-4,-0.0
758564477561709,-3.054324E-4,-7.6358096E-4,-3.054324E-4
758564499293219,4.581486E-4,7.6358096E-4,-0.0
758564521024781,-3.054324E-4,-0.0,-0.0
758564542756292,-3.054324E-4,-0.0,-6.108648E-4
758564564487802,-1.527162E-4,-3.054324E-4,1.527162E-4
758564586219365,1.527162E-4,-0.0,-3.054324E-4
758564607950875,-6.108648E-4,7.6358096E-4,-3.054324E-4
758564629682438,4.581486E-4,-3.054324E-4,-0.0
758564651413948,-1.527162E-4,-3.054324E-4,-0.0
758564673145511,-1.527162E-4,4.581486E-4,-3.054324E-4
758564694877021,1.527162E-4,-4.581486E-4,-3.054324E-4
758564716608531,4.581486E-4,4.581486E-4,1.527162E-4
758564738340094,4.581486E-4,7.6358096E-4,1.527162E-4
758564760071604,6.108648E-4,-0.0,1.527162E-4
758564781803167,-1.527162E-4,7.6358096E-4,-3.054324E-4
758564803534677,4.581486E-4,-7.6358096E-4,1.527162E-4
758564825266240,1.527162E-4,-0.0,4.581486E-4
758564846997750,1.527162E-4,9.162972E-4,1.527162E-4
758564868729313,6.108648E-4,-0.0015271619,-0.0
758564890460823,1.527162E-4,4.581486E-4,4.581486E-4
758564912192386,1.527162E-4,9.162972E-4,1.527162E-4
758564933923896,4.581486E-4,-9.162972E-4,-6.108648E-4
758564955655459,-6.108648E-4,-3.054324E-4,-0.0
758564977386969,-1.527162E-4,7.6358096E-4,-0.0
758564999118479,1.527162E-4,-9.162972E-4,-3.054324E-4
758565020850042,6.108648E-4,-3.054324E-4,-7.6358096E-4
758565042581604,-3.054324E-4,7.6358096E-4,-0.0
758565064313115,1.527162E-4,-3.054324E-4,-3.054324E-4
758565086044677,6.108648E-4,-9.162972E-4,-3.054324E-4
758565107776188,-6.108648E-4,7.6358096E-4,4.581486E-4
758565129507698,-3.054324E-4,-0.0,-6.108648E-4
758565151239261,-1.527162E-4,-0.0,1.527162E-4
758565172970823,1.527162E-4,3.054324E-4,-0.0
758565194702334,1.527162E-4,-3.054324E-4,-0.0
758565216433896,4.581486E-4,-0.0,-3.054324E-4
758565238165406,-3.054324E-4,-4.581486E-4,-3.054324E-4
758565259896969,4.581486E-4,3.054324E-4,6.108648E-4
758565281628531,-3.054324E-4,9.162972E-4,-3.054324E-4
758565303360042,3.054324E-4,-0.0013744457,-3.054324E-4
758565325091552,-3.054324E-4,-9.162972E-4,4.581486E-4
758565346823115,-4.581486E-4,6.108648E-4,1.527162E-4
758565368554677,4.581486E-4,-1.527162E-4,-1.527162E-4
758565390286188,-3.054324E-4,9.162972E-4,-1.527162E-4
758565412017750,3.054324E-4,-3.054324E-4,-1.527162E-4
758565433749261,-3.054324E-4,3.054324E-4,1.527162E-4
758565455480823,3.054324E-4,-1.527162E-4,-1.527162E-4
758565477212386,-7.6358096E-4,-3.054324E-4,1.527162E-4
758565498943896,-4.581486E-4,3.054324E-4,-3.054324E-4
758565520675459,3.054324E-4,-1.527162E-4,1.527162E-4
758565542407021,-0.0,-9.162972E-4,1.527162E-4
758565564138531,-9.162972E-4,1.527162E-4,-7.6358096E-4
758565585870094,-0.0,-1.527162E-4,-3.054324E-4
758565607601604,3.054324E-4,3.054324E-4,-1.527162E-4
758565629333167,3.054324E-4,3.054324E-4,-3.054324E-4
758565651064729,3.054324E-4,-6.108648E-4,-3.054324E-4
758565672796240,-7.6358096E-4,-1.527162E-4,-6.108648E-4
758565694527802,-0.0,1.527162E-4,-1.527162E-4
758565716259365,-4.581486E-4,-1.527162E-4,-1.527162E-4
758565737990875,-0.0,-3.054324E-4,-3.054324E-4
758565759722438,3.054324E-4,1.527162E-4,1.527162E-4
758565781453948,-7.6358096E-4,6.108648E-4,-1.527162E-4
758565803185511,-0.0,-1.527162E-4,1.527162E-4
758565824917073,-0.0,1.527162E-4,4.581486E-4
758565846648584,-9.162972E-4,9.162972E-4,1.527162E-4
758565868380146,4.581486E-4,-9.162972E-4,1.527162E-4
758565890111709,4.581486E-4,-1.527162E-4,1.527162E-4
758565911843219,-4.581486E-4,6.108648E-4,1.527162E-4
758565933574781,4.581486E-4,-1.527162E-4,-6.108648E-4
758565955306292,4.581486E-4,-0.0013744457,-6.108648E-4
758565977037854,-4.581486E-4,-3.054324E-4,-1.527162E-4
758565998769417,-0.0,-3.054324E-4,6.108648E-4
758566020500927,-4.581486E-4,-6.108648E-4,1.527162E-4
758566042232490,-4.581486E-4,9.162972E-4,1.527162E-4
758566063964052,-0.0,-1.527162E-4,-6.108648E-4
758566085695563,7.6358096E-4,-9.162972E-4,-1.527162E-4
758566107427125,-4.581486E-4,3.054324E-4,-1.527162E-4
758566129158636,-3.054324E-4,1.527162E-4,-1.527162E-4
758566150890198,-3.054324E-4,-6.108648E-4,1.527162E-4
758566172621761,-9.162972E-4,-1.527162E-4,-1.527162E-4
758566194353271,-4.581486E-4,-1.527162E-4,-3.054324E-4
758566216084834,-4.581486E-4,-1.527162E-4,1.527162E-4
758566237816396,-4.581486E-4,-1.527162E-4,-1.527162E-4
758566259547906,-0.0,-1.527162E-4,-3.054324E-4
758566281279469,-3.054324E-4,-3.054324E-4,1.527162E-4
758566303011031,-0.0,-6.108648E-4,-3.054324E-4
758566324742542,-3.054324E-4,-1.527162E-4,-3.054324E-4
758566346474104,-3.054324E-4,-6.108648E-4,1.527162E-4
758566368205667,-4.581486E-4,-3.054324E-4,6.108648E-4
758566389937177,3.054324E-4,6.108648E-4,4.581486E-4
758566411668740,3.054324E-4,-0.0018325944,1.527162E-4
758566433400250,-3.054324E-4,6.108648E-4,4.581486E-4
758566455131813,-3.054324E-4,1.527162E-4,-3.054324E-4
758566476863375,7.6358096E-4,-9.162972E-4,-1.527162E-4
758566498594886,-0.0,9.162972E-4,1.527162E-4
758566520326448,4.581486E-4,-0.0010690134,-3.054324E-4
758566542058011,3.054324E-4,-3.054324E-4,1.527162E-4
758566563789521,4.581486E-4,-1.527162E-4,4.581486E-4
758566585521084,-0.0,-3.054324E-4,1.527162E-4
758566607252646,4.581486E-4,-3.054324E-4,1.527162E-4
758566628984156,-0.0,-3.054324E-4,1.527162E-4
758566650715719,-0.0,1.527162E-4,1.527162E-4
758566672447281,-3.054324E-4,-1.527162E-4,-1.527162E-4
758566694178792,-0.0,1.527162E-4,-1.527162E-4
758566715910354,-4.581486E-4,9.162972E-4,-6.108648E-4
758566737641917,3.054324E-4,1.527162E-4,1.527162E-4
758566759373427,-4.581486E-4,-1.527162E-4,4.581486E-4
758566781104990,-0.0,-6.108648E-4,4.581486E-4
758566802836552,-9.162972E-4,6.108648E-4,-1.527162E-4
758566824568063,-0.0,-3.054324E-4,4.581486E-4
758566846299625,3.054324E-4,-0.0010690134,1.527162E-4
758566868031136,-4.581486E-4,9.162972E-4,1.527162E-4
758566889762698,3.054324E-4,-0.0013744457,4.581486E-4
758566911494261,-4.581486E-4,6.108648E-4,-3.054324E-4
758566933225771,-0.0,-3.054324E-4,-3.054324E-4
758566954957334,-4.581486E-4,1.527162E-4,-3.054324E-4
758566976688896,-0.0,-1.527162E-4,-6.108648E-4
758566998420406,-0.0,-1.527162E-4,1.527162E-4
758567020151969,-3.054324E-4,1.527162E-4,1.527162E-4
758567041883531,-0.0,-1.527162E-4,-1.527162E-4
758567063615042,3.054324E-4,-6.108648E-4,1.527162E-4
758567085346604,-0.0,0.0010690134,1.527162E-4
758567107078167,-3.054324E-4,-6.108648E-4,-1.527162E-4
758567128809677,3.054324E-4,-0.0010690134,-1.527162E-4
758567150541240,-4.581486E-4,6.108648E-4,-1.527162E-4
758567172272802,-3.054324E-4,-6.108648E-4,4.581486E-4
758567194004313,-7.6358096E-4,6.108648E-4,1.527162E-4
758567215735875,-3.054324E-4,-6.108648E-4,-1.527162E-4
758567237467386,-4.581486E-4,1.527162E-4,1.527162E-4
758567259198948,1.527162E-4,-0.0012217296,3.054324E-4
758567280930511,1.527162E-4,4.581486E-4,3.054324E-4
758567302662021,-0.0010690134,7.6358096E-4,3.054324E-4
758567324393584,4.581486E-4,-9.162972E-4,3.054324E-4
758567346125146,-6.108648E-4,3.054324E-4,-3.054324E-4
758567367856656,1.527162E-4,3.054324E-4,4.581486E-4
758567389588219,-3.054324E-4,-4.581486E-4,0.0
758567411319781,-7.6358096E-4,-1.527162E-4,-3.054324E-4
758567433051292,-0.0,0.0010690134,0.0
758567454782854,-3.054324E-4,4.581486E-4,-3.054324E-4
758567476514417,-0.0,3.054324E-4,-3.054324E-4
758567498245927,-3.054324E-4,-4.581486E-4,-3.054324E-4
758567519977490,-0.0,0.0,0.0
758567541709052,-0.0,3.054324E-4,-3.054324E-4
758567563440563,9.162972E-4,-4.581486E-4,0.0
758567585172125,-6.108648E-4,-1.527162E-4,0.0
758567606903688,-6.108648E-4,0.0,-3.054324E-4
758567628635198,-0.0,0.0,4.581486E-4
758567650366761,-6.108648E-4,0.0,-3.054324E-4
758567672098271,1.527162E-4,3.054324E-4,3.054324E-4
758567693829834,-3.054324E-4,4.581486E-4,4.581486E-4
758567715561396,4.581486E-4,0.0,0.0
758567737292906,-0.0,0.0,3.054324E-4
758567759024469,-6.108648E-4,-1.527162E-4,0.0
758567780756031,-6.108648E-4,-1.527162E-4,0.0
758567802487542,-6.108648E-4,-1.527162E-4,3.054324E-4
758567824219104,-6.108648E-4,7.6358096E-4,-4.581486E-4
758567845950667,-3.054324E-4,-7.6358096E-4,0.0
758567867682177,1.527162E-4,0.0,3.054324E-4
758567889413740,-0.0,4.581486E-4,0.0
758567911145302,1.527162E-4,-1.527162E-4,-3.054324E-4
758567932876813,-3.054324E-4,-9.162972E-4,-4.581486E-4
758567954608375,-0.0,0.0,-3.054324E-4
758567976339938,-6.108648E-4,-4.581486E-4,0.0
758567998071448,-6.108648E-4,-1.527162E-4,-3.054324E-4
758568019803011,-0.0,0.0,-3.054324E-4
758568041534521,-0.0,-9.162972E-4,3.054324E-4
758568063266084,1.527162E-4,4.581486E-4,-3.054324E-4
758568084997646,-0.0010690134,-1.527162E-4,0.0
758568106729156,-3.054324E-4,-1.527162E-4,0.0
758568128460719,-6.108648E-4,0.0,3.054324E-4
758568150192281,1.527162E-4,4.581486E-4,0.0
758568171923792,-0.0,-1.527162E-4,-3.054324E-4
758568193655354,-0.0,-1.527162E-4,-3.054324E-4
758568215386917,1.527162E-4,3.054324E-4,-3.054324E-4
758568237118427,4.581486E-4,-1.527162E-4,3.054324E-4
758568258849990,-7.6358096E-4,0.0,0.0
758568280581552,-0.0010690134,-1.527162E-4,0.0
758568302313063,-0.0,-1.527162E-4,0.0
758568324044625,-0.0,3.054324E-4,0.0
758568345776136,-0.0,-4.581486E-4,0.0
758568367507698,4.581486E-4,-1.527162E-4,3.054324E-4
758568389239261,-0.0,4.581486E-4,0.0
758568410970771,-0.0,0.0,-4.581486E-4
758568432702334,4.581486E-4,-4.581486E-4,3.054324E-4
758568454433896,-7.6358096E-4,3.054324E-4,-4.581486E-4
758568476165459,1.527162E-4,-7.6358096E-4,3.054324E-4
758568497896969,-3.054324E-4,3.054324E-4,0.0
758568519628531,-0.0,-1.527162E-4,0.0
758568541360042,-0.0,-1.527162E-4,-3.054324E-4
758568563091604,-0.0,4.581486E-4,3.054324E-4
758568584823167,-0.0,-4.581486E-4,0.0
758568606554677,-6.108648E-4,4.581486E-4,3.054324E-4
758568628286240,4.581486E-4,7.6358096E-4,-3.054324E-4
758568650017802,-0.0,0.0,-3.054324E-4
758568671749313,-0.0,0.0,3.054324E-4
758568693480875,-6.108648E-4,0.0,-3.054324E-4
758568715212386,1.527162E-4,3.054324E-4,3.054324E-4
758568736943948,-3.054324E-4,-4.581486E-4,3.054324E-4
758568758675511,-0.0,0.0,3.054324E-4
758568780407021,-0.0,-4.581486E-4,-3.054324E-4
758568802138584,-6.108648E-4,4.581486E-4,7.6358096E-4
758568823870146,-6.108648E-4,-1.527162E-4,-4.581486E-4
758568845601656,-6.108648E-4,0.0,0.0
758568867333219,-3.054324E-4,4.581486E-4,3.054324E-4
758568889064729,-7.6358096E-4,-1.527162E-4,4.581486E-4
758568910796292,4.581486E-4,-1.527162E-4,-3.054324E-4
758568932527854,4.581486E-4,0.0,0.0
758568954259365,-7.6358096E-4,4.581486E-4,0.0
758568975990927,-6.108648E-4,3.054324E-4,3.054324E-4
758568997722490,-0.0,-1.527162E-4,-4.581486E-4
758569019454000,4.581486E-4,3.054324E-4,-3.054324E-4
758569041185563,1.527162E-4,-1.527162E-4,0.0
758569062917125,-6.108648E-4,0.0010690134,-3.054324E-4
758569084648636,-6.108648E-4,-1.527162E-4,-3.054324E-4
758569106380198,-7.6358096E-4,-7.6358096E-4,4.581486E-4
758569128111709,-0.0,-1.527162E-4,0.0
758569149843271,-3.054324E-4,3.054324E-4,-3.054324E-4
758569171574834,-0.0,0.0,3.054324E-4
758569193306344,-6.108648E-4,0.0,0.0
758569215037906,-6.108648E-4,-7.6358096E-4,4.581486E-4
758569236769469,-0.0010690134,3.054324E-4,3.054324E-4
758569258500979,4.581486E-4,-9.162972E-4,-1.527162E-4
758569280232542,-3.054324E-4,3.054324E-4,4.581486E-4
758569301964052,-3.054324E-4,-1.527162E-4,0.0
758569323695615,0.0,-9.162972E-4,3.054324E-4
758569345427177,-3.054324E-4,6.108648E-4,-1.527162E-4
758569367158688,-9.162972E-4,3.054324E-4,3.054324E-4
758569388890250,3.054324E-4,-1.527162E-4,3.054324E-4
758569410621813,-4.581486E-4,-3.054324E-4,0.0
758569432353323,0.0,1.527162E-4,0.0
758569454084886,-4.581486E-4,1.527162E-4,3.054324E-4
758569475816396,0.0,-3.054324E-4,-1.527162E-4
758569497547959,-3.054324E-4,1.527162E-4,0.0
758569519279521,-4.581486E-4,3.054324E-4,-1.527162E-4
758569541011031,-4.581486E-4,1.527162E-4,3.054324E-4
758569562742594,-4.581486E-4,-1.527162E-4,0.0
758569584474156,-4.581486E-4,1.527162E-4,-4.581486E-4
758569606205667,-9.162972E-4,3.054324E-4,0.0
758569627937229,-4.581486E-4,-9.162972E-4,4.581486E-4
758569649668740,3.054324E-4,-0.0010690134,4.581486E-4
758569671400302,-4.581486E-4,9.162972E-4,-1.527162E-4
758569693131865,0.0,-3.054324E-4,0.0
758569714863375,-3.054324E-4,6.108648E-4,0.0
758569736594938,-3.054324E-4,-6.108648E-4,3.054324E-4
758569758326448,3.054324E-4,-3.054324E-4,4.581486E-4
758569780058011,0.0,6.108648E-4,7.6358096E-4
758569801789573,4.581486E-4,-6.108648E-4,3.054324E-4
758569823521084,-3.054324E-4,6.108648E-4,0.0
758569845252646,-3.054324E-4,-3.054324E-4,-1.527162E-4
758569866984209,-3.054324E-4,3.054324E-4,0.0
758569888715719,-4.581486E-4,3.054324E-4,-1.527162E-4
758569910447281,3.054324E-4,-6.108648E-4,3.054324E-4
758569932178792,-9.162972E-4,9.162972E-4,0.0
758569953910354,0.0,9.162972E-4,0.0
758569975641865,4.581486E-4,-9.162972E-4,-4.581486E-4
758569997373427,-9.162972E-4,9.162972E-4,3.054324E-4
758570019104990,0.0,-1.527162E-4,-1.527162E-4
758570040836500,-3.054324E-4,-1.527162E-4,3.054324E-4
758570062568063,-4.581486E-4,9.162972E-4,3.054324E-4
758570084299573,3.054324E-4,-9.162972E-4,-1.527162E-4
758570106031136,0.0,1.527162E-4,3.054324E-4
758570127762698,-9.162972E-4,1.527162E-4,3.054324E-4
758570149494209,3.054324E-4,-0.0013744457,3.054324E-4
758570171225771,3.054324E-4,-3.054324E-4,0.0
758570192957281,-3.054324E-4,1.527162E-4,-1.527162E-4
758570214688844,-3.054324E-4,-6.108648E-4,-1.527162E-4
758570236420406,0.0,1.527162E-4,3.054324E-4
758570258151917,-9.162972E-4,1.527162E-4,3.054324E-4
758570279883479,3.054324E-4,-3.054324E-4,3.054324E-4
758570301614990,3.054324E-4,3.054324E-4,-4.581486E-4
758570323346552,0.0,-1.527162E-4,0.0
758570345078115,0.0,-1.527162E-4,3.054324E-4
758570366809625,-7.6358096E-4,1.527162E-4,-1.527162E-4
758570388541188,0.0,-9.162972E-4,4.581486E-4
758570410272698,-4.581486E-4,6.108648E-4,0.0
758570432004261,-4.581486E-4,-6.108648E-4,0.0
758570453735823,-4.581486E-4,-6.108648E-4,4.581486E-4
758570475467334,-4.581486E-4,0.0013744457,0.0
758570497198896,-3.054324E-4,-0.0013744457,0.0
758570518930406,-4.581486E-4,9.162972E-4,-1.527162E-4
758570540661969,0.0,3.054324E-4,-1.527162E-4
758570562393479,3.054324E-4,-6.108648E-4,-1.527162E-4
758570584125042,-4.581486E-4,1.527162E-4,-1.527162E-4
758570605856604,-7.6358096E-4,1.527162E-4,0.0
758570627588115,3.054324E-4,-3.054324E-4,0.0
758570649319677,0.0,9.162972E-4,-1.527162E-4
758570671051188,-3.054324E-4,-3.054324E-4,3.054324E-4
758570692782750,0.0,1.527162E-4,-1.527162E-4
758570714514261,0.0,1.527162E-4,-1.527162E-4
758570736245823,0.0,3.054324E-4,-1.527162E-4
758570757977386,-4.581486E-4,1.527162E-4,3.054324E-4
758570779708896,0.0,3.054324E-4,0.0
758570801440459,0.0,-3.054324E-4,4.581486E-4
758570823171969,-7.6358096E-4,-1.527162E-4,0.0
758570844903531,-7.6358096E-4,3.054324E-4,3.054324E-4
758570866635042,-3.054324E-4,3.054324E-4,3.054324E-4
758570888366604,-3.054324E-4,6.108648E-4,4.581486E-4
758570910098115,-3.054324E-4,1.527162E-4,0.0
758570931829677,0.0,6.108648E-4,0.0
758570953561240,0.0,-9.162972E-4,0.0
758570975292750,0.0,-6.108648E-4,0.0
758570997024313,-4.581486E-4,3.054324E-4,3.054324E-4
758571018755823,3.054324E-4,-1.527162E-4,-1.527162E-4
758571040487386,7.6358096E-4,-6.108648E-4,-4.581486E-4
758571062218896,-4.581486E-4,1.527162E-4,0.0
758571083950459,3.054324E-4,-3.054324E-4,3.054324E-4
758571105682021,-4.581486E-4,6.108648E-4,4.581486E-4
758571127413531,-4.581486E-4,-1.527162E-4,-1.527162E-4
758571149145094,-4.581486E-4,-6.108648E-4,3.054324E-4
758571170876604,3.054324E-4,1.527162E-4,7.6358096E-4
758571192608167,3.054324E-4,0.0010690134,0.0
758571214339677,3.054324E-4,-1.527162E-4,3.054324E-4
758571236071240,3.054324E-4,1.527162E-4,4.581486E-4
758571257802750,-3.054324E-4,4.581486E-4,-4.581486E-4
758571279534313,-3.054324E-4,-3.054324E-4,4.581486E-4
758571301265875,-0.0,1.527162E-4,-3.054324E-4
758571322997386,-3.054324E-4,1.527162E-4,0.0
758571344728948,-0.0,-6.108648E-4,-3.054324E-4
758571366460459,-3.054324E-4,6.108648E-4,-3.054324E-4
758571388192021,1.527162E-4,1.527162E-4,3.054324E-4
758571409923531,-3.054324E-4,-0.0,0.0
758571431655094,-0.0,4.581486E-4,0.0
758571453386604,1.527162E-4,-6.108648E-4,0.0
758571475118167,-3.054324E-4,1.527162E-4,4.581486E-4
758571496849729,-0.0,9.162972E-4,0.0
758571518581240,6.108648E-4,-0.0,-4.581486E-4
758571540312750,-6.108648E-4,-0.0,3.054324E-4
758571562044313,1.527162E-4,1.527162E-4,0.0
758571583775875,1.527162E-4,-3.054324E-4,0.0
758571605507386,-6.108648E-4,6.108648E-4,0.0
758571627238948,1.527162E-4,4.581486E-4,-3.054324E-4
758571648970459,6.108648E-4,-3.054324E-4,0.0
758571670702021,-3.054324E-4,6.108648E-4,0.0
758571692433531,-0.0,-3.054324E-4,-3.054324E-4
758571714165094,-3.054324E-4,-0.0,0.0
758571735896604,1.527162E-4,0.0012217296,-3.054324E-4
758571757628167,1.527162E-4,-3.054324E-4,0.0
758571779359677,-0.0,6.108648E-4,3.054324E-4
758571801091240,6.108648E-4,4.581486E-4,3.054324E-4
758571822822750,6.108648E-4,-6.108648E-4,0.0
758571844554313,-0.0,0.0012217296,-4.581486E-4
758571866285823,-3.054324E-4,4.581486E-4,0.0
758571888017386,-0.0,-0.0,0.0
758571909748896,-6.108648E-4,9.162972E-4,-3.054324E-4
758571931480459,-0.0,1.527162E-4,3.054324E-4
758571953211969,1.527162E-4,-3.054324E-4,0.0
758571974943531,1.527162E-4,1.527162E-4,7.6358096E-4
758571996675042,6.108648E-4,1.527162E-4,0.0
758572018406604,-0.0,4.581486E-4,3.054324E-4
758572040138167,-6.108648E-4,6.108648E-4,0.0
758572061869677,1.527162E-4,-3.054324E-4,0.0
758572083601240,1.527162E-4,-6.108648E-4,0.0
758572105332750,-0.0,0.0013744457,0.0
758572127064313,-0.0,4.581486E-4,0.0
758572148795823,-0.0,-0.0,0.0
758572170527386,4.581486E-4,4.581486E-4,-4.581486E-4
758572192258896,9.162972E-4,-3.054324E-4,-3.054324E-4
758572213990406,-0.0,1.527162E-4,0.0
758572235721969,6.108648E-4,4.581486E-4,3.054324E-4
758572257453531,4.581486E-4,-3.054324E-4,3.054324E-4
758572279185042,-3.054324E-4,-0.0,-3.054324E-4
758572300916604,-0.0,-3.054324E-4,0.0
758572322648115,4.581486E-4,4.581486E-4,4.581486E-4
758572344379625,-0.0,6.108648E-4,3.054324E-4
758572366111188,1.527162E-4,-3.054324E-4,0.0
758572387842750,-0.0,-6.108648E-4,0.0
758572409574261,-0.0,1.527162E-4,3.054324E-4
758572431305823,1.527162E-4,-0.0,0.0
758572453037334,-3.054324E-4,0.0013744457,-3.054324E-4
758572474768896,4.581486E-4,1.527162E-4,-3.054324E-4
758572496500406,4.581486E-4,-3.054324E-4,0.0
758572518231969,4.581486E-4,9.162972E-4,3.054324E-4
758572539963479,1.527162E-4,-0.0010690134,3.054324E-4
758572561694990,-0.0,0.0012217296,4.581486E-4
758572583426552,1.527162E-4,4.581486E-4,-4.581486E-4
758572605158115,6.108648E-4,-6.108648E-4,0.0
758572626889625,-3.054324E-4,6.108648E-4,0.0
758572648621136,-3.054324E-4,-3.054324E-4,0.0
758572670352698,4.581486E-4,4.581486E-4,3.054324E-4
758572692084261,6.108648E-4,1.527162E-4,0.0
758572713815771,-0.0,-6.108648E-4,0.0
758572735547281,-0.0,9.162972E-4,3.054324E-4
758572757278844,-3.054324E-4,1.527162E-4,3.054324E-4
758572779010354,-6.108648E-4,-0.0,0.0
758572800741917,6.108648E-4,1.527162E-4,-3.054324E-4
758572822473427,1.527162E-4,1.527162E-4,3.054324E-4
758572844204990,4.581486E-4,-0.0,-3.054324E-4
758572865936500,-7.6358096E-4,9.162972E-4,7.6358096E-4
758572887668063,4.581486E-4,-3.054324E-4,0.0
758572909399573,-0.0,1.527162E-4,-3.054324E-4
758572931131136,-0.0,9.162972E-4,0.0
758572952862646,6.108648E-4,-0.0,3.054324E-4
758572974594209,-3.054324E-4,6.108648E-4,-4.581486E-4
758572996325719,1.527162E-4,-6.108648E-4,-4.581486E-4
758573018057281,-0.0,1.527162E-4,0.0
758573039788792,-6.108648E-4,0.0012217296,0.0
758573061520302,4.581486E-4,-0.0,0.0
758573083251865,-0.0,1.527162E-4,0.0
758573104983427,-6.108648E-4,1.527162E-4,3.054324E-4
758573126714938,-0.0,1.527162E-4,4.581486E-4
758573148446448,-3.054324E-4,4.581486E-4,0.0
758573170178011,-3.054324E-4,6.108648E-4,-4.581486E-4
758573191909521,4.581486E-4,-3.054324E-4,3.054324E-4
758573213641084,4.581486E-4,1.527162E-4,3.054324E-4
758573235372594,-3.054324E-4,6.108648E-4,3.054324E-4
758573257104156,0.0010690134,-9.162972E-4,4.581486E-4
758573278835667,0.0,6.108648E-4,-0.0
758573300567177,3.054324E-4,-9.162972E-4,1.527162E-4
758573322298740,3.054324E-4,3.054324E-4,-0.0
758573344030250,-4.581486E-4,6.108648E-4,-0.0
758573365761813,-1.527162E-4,0.0,1.527162E-4
758573387493375,3.054324E-4,7.6358096E-4,-0.0
758573409224886,4.581486E-4,0.0,1.527162E-4
758573430956396,3.054324E-4,-4.581486E-4,-3.054324E-4
758573452687959,-1.527162E-4,7.6358096E-4,1.527162E-4
758573474419469,3.054324E-4,0.0,-6.108648E-4
758573496151031,7.6358096E-4,0.0,-0.0
758573517882542,-4.581486E-4,-4.581486E-4,-3.054324E-4
758573539614052,3.054324E-4,-4.581486E-4,-3.054324E-4
758573561345615,-7.6358096E-4,7.6358096E-4,1.527162E-4
758573583077125,0.0,-4.581486E-4,-6.108648E-4
758573604808688,3.054324E-4,0.0,-3.054324E-4
758573626540198,4.581486E-4,3.054324E-4,-3.054324E-4
758573648271761,3.054324E-4,3.054324E-4,1.527162E-4
758573670003271,3.054324E-4,3.054324E-4,4.581486E-4
758573691734781,-4.581486E-4,3.054324E-4,1.527162E-4
758573713466344,3.054324E-4,-4.581486E-4,-3.054324E-4
758573735197854,3.054324E-4,-4.581486E-4,-0.0
758573756929417,-4.581486E-4,0.0,-3.054324E-4
758573778660927,-1.527162E-4,-0.0013744457,-0.0
758573800392490,-1.527162E-4,0.0012217296,-3.054324E-4
758573822124000,7.6358096E-4,-6.108648E-4,1.527162E-4
758573843855563,0.0,0.0,-3.054324E-4
758573865587073,-4.581486E-4,0.0018325944,-3.054324E-4
758573887318584,7.6358096E-4,-6.108648E-4,1.527162E-4
758573909050146,-1.527162E-4,0.0010690134,1.527162E-4
758573930781656,-4.581486E-4,-4.581486E-4,1.527162E-4
758573952513219,0.0,-4.581486E-4,-0.0
758573974244729,-4.581486E-4,0.0010690134,1.527162E-4
758573995976292,3.054324E-4,6.108648E-4,-6.108648E-4
758574017707802,0.0,-4.581486E-4,1.527162E-4
758574039439313,-1.527162E-4,3.054324E-4,-3.054324E-4
758574061170875,3.054324E-4,3.054324E-4,-0.0
758574082902386,0.0010690134,-4.581486E-4,-0.0
758574104633948,-4.581486E-4,0.0012217296,-0.0
758574126365459,-1.527162E-4,-0.0012217296,-6.108648E-4
758574148096969,3.054324E-4,-1.527162E-4,-0.0
758574169828531,-1.527162E-4,6.108648E-4,-3.054324E-4
758574191560042,0.0,-1.527162E-4,1.527162E-4
758574213291604,-4.581486E-4,3.054324E-4,1.527162E-4
758574235023115,0.0,3.054324E-4,1.527162E-4
758574256754625,4.581486E-4,-6.108648E-4,1.527162E-4
758574278486188,0.0,6.108648E-4,-3.054324E-4
758574300217698,4.581486E-4,-6.108648E-4,1.527162E-4
758574321949261,0.0,6.108648E-4,-3.054324E-4
758574343680771,7.6358096E-4,-1.527162E-4,-0.0
758574365412334,4.581486E-4,0.0,-0.0
758574387143844,0.0010690134,-9.162972E-4,-3.054324E-4
758574408875354,0.0,3.054324E-4,-0.0
758574430606917,-1.527162E-4,6.108648E-4,-0.0
758574452338427,0.0,-1.527162E-4,1.527162E-4
758574474069938,-4.581486E-4,-6.108648E-4,1.527162E-4
758574495801500,-1.527162E-4,3.054324E-4,-0.0
758574517533011,0.0010690134,-4.581486E-4,-3.054324E-4
758574539264573,-4.581486E-4,6.108648E-4,1.527162E-4
758574560996084,3.054324E-4,0.0,1.527162E-4
758574582727594,4.581486E-4,-6.108648E-4,4.581486E-4
758574604459156,-1.527162E-4,0.0,-3.054324E-4
758574626190667,0.0,-1.527162E-4,-0.0
758574647922229,0.0,0.0,4.581486E-4
758574669653740,0.0,0.0,-3.054324E-4
758574691385250,0.0010690134,-1.527162E-4,-3.054324E-4
758574713116813,0.0,-9.162972E-4,1.527162E-4
758574734848323,0.0,0.0,-3.054324E-4
758574756579834,0.0010690134,-9.162972E-4,-0.0
758574778311396,0.0,0.0,6.108648E-4
758574800042906,-1.527162E-4,-1.527162E-4,1.527162E-4
758574821774469,4.581486E-4,-4.581486E-4,1.527162E-4
758574843505979,0.0,0.0012217296,-3.054324E-4
758574865237490,3.054324E-4,7.6358096E-4,-0.0
758574886969052,-1.527162E-4,-4.581486E-4,-0.0
758574908700563,-4.581486E-4,3.054324E-4,1.527162E-4
758574930432073,0.0,7.6358096E-4,4.581486E-4
758574952163636,7.6358096E-4,-0.0013744457,1.527162E-4
758574973895146,-9.162972E-4,0.0018325944,1.527162E-4
758574995626656,4.581486E-4,-9.162972E-4,4.581486E-4
758575017358219,3.054324E-4,3.054324E-4,1.527162E-4
758575039089729,3.054324E-4,0.0010690134,-6.108648E-4
758575060821292,0.0010690134,-0.0018325944,-0.0
758575082552802,3.054324E-4,0.0,-6.108648E-4
758575104284313,-1.527162E-4,6.108648E-4,-3.054324E-4
758575126015875,3.054324E-4,-9.162972E-4,1.527162E-4
758575147747386,-1.527162E-4,-1.527162E-4,4.581486E-4
758575169478896,3.054324E-4,0.0,-0.0
758575191210459,3.054324E-4,-1.527162E-4,-0.0
758575212941969,-1.527162E-4,7.6358096E-4,-0.0
758575234673479,4.581486E-4,-6.108648E-4,-0.0
758575256405042,-1.527162E-4,-4.581486E-4,1.527162E-4
758575278136552,3.054324E-4,0.0,-1.527162E-4
758575299868063,7.6358096E-4,-0.0013744457,1.527162E-4
758575321599625,-1.527162E-4,-7.6358096E-4,-1.527162E-4
758575343331136,-1.527162E-4,4.581486E-4,6.108648E-4
758575365062646,3.054324E-4,-7.6358096E-4,1.527162E-4
758575386794209,-9.162972E-4,7.6358096E-4,6.108648E-4
758575408525719,-4.581486E-4,-4.581486E-4,1.527162E-4
758575430257229,7.6358096E-4,-4.581486E-4,3.054324E-4
758575451988792,1.527162E-4,-7.6358096E-4,-1.527162E-4
758575473720302,6.108648E-4,-9.162972E-4,1.527162E-4
758575495451865,6.108648E-4,3.054324E-4,1.527162E-4
758575517183375,-4.581486E-4,0.0,3.054324E-4
758575538914886,1.527162E-4,-7.6358096E-4,3.054324E-4
758575560646448,1.527162E-4,-7.6358096E-4,1.527162E-4
758575582377959,-1.527162E-4,-1.527162E-4,1.527162E-4
758575604109469,-1.527162E-4,0.0,6.108648E-4
758575625840979,-1.527162E-4,-4.581486E-4,-4.581486E-4
758575647572542,6.108648E-4,-9.162972E-4,1.527162E-4
758575669304052,7.6358096E-4,-1.527162E-4,-1.527162E-4
758575691035563,1.527162E-4,0.0010690134,-4.581486E-4
758575712767125,1.527162E-4,-7.6358096E-4,3.054324E-4
758575734498636,0.0013744457,-9.162972E-4,1.527162E-4
758575756230146,3.054324E-4,-0.0012217296,-4.581486E-4
758575777961709,6.108648E-4,-0.0012217296,-1.527162E-4
758575799693219,-6.108648E-4,0.0016798781,1.527162E-4
758575821424729,0.0013744457,-0.0029016077,6.108648E-4
758575843156292,-4.581486E-4,4.581486E-4,-4.581486E-4
758575864887802,1.527162E-4,-1.527162E-4,-4.581486E-4
758575886619313,-1.527162E-4,-1.527162E-4,-1.527162E-4
758575908350875,1.527162E-4,4.581486E-4,-1.527162E-4
758575930082386,3.054324E-4,0.0010690134,6.108648E-4
758575951813896,3.054324E-4,0.0,1.527162E-4
758575973545459,-1.527162E-4,0.0,1.527162E-4
758575995276969,3.054324E-4,-4.581486E-4,3.054324E-4
758576017008479,-6.108648E-4,7.6358096E-4,1.527162E-4
758576038739990,-1.527162E-4,0.0019853106,1.527162E-4
758576060471552,-6.108648E-4,0.0012217296,-1.527162E-4
758576082203063,-1.527162E-4,3.054324E-4,3.054324E-4
758576103934573,-0.0013744457,0.0016798781,3.054324E-4
758576125666136,-0.0029016077,0.00763581,-4.581486E-4
758576147397646,0.0010690134,-0.0044287695,6.108648E-4
758576169129156,0.0010690134,-0.00320704,-1.527162E-4
758576190860719,-0.0021380268,0.004734202,1.527162E-4
758576212592229,0.0013744457,-0.0024434591,3.054324E-4
758576234323740,-1.527162E-4,-0.0016798781,3.054324E-4
758576256055250,-9.162972E-4,0.002290743,1.527162E-4
758576277786813,1.527162E-4,-0.0012217296,3.054324E-4
758576299518323,7.6358096E-4,-0.0012217296,-1.527162E-4
758576321249834,1.527162E-4,0.0012217296,-6.108648E-4
758576342981396,1.527162E-4,-1.527162E-4,-1.527162E-4
758576364712906,-1.527162E-4,-1.527162E-4,3.054324E-4
758576386444417,-0.0010690134,0.0019853106,-1.527162E-4
758576408175927,7.6358096E-4,-0.0013744457,-1.527162E-4
758576429907490,3.054324E-4,-1.527162E-4,3.054324E-4
758576451639000,-4.581486E-4,0.0016798781,-4.581486E-4
758576473370511,6.108648E-4,-7.6358096E-4,1.527162E-4
758576495102073,7.6358096E-4,3.054324E-4,1.527162E-4
758576516833584,-1.527162E-4,7.6358096E-4,-1.527162E-4
758576538565094,1.527162E-4,-4.581486E-4,3.054324E-4
758576560296604,1.527162E-4,4.581486E-4,3.054324E-4
758576582028167,3.054324E-4,0.0,-1.527162E-4
758576603759677,3.054324E-4,-1.527162E-4,3.054324E-4
758576625491188,6.108648E-4,-7.6358096E-4,6.108648E-4
758576647222698,-6.108648E-4,7.6358096E-4,-1.527162E-4
758576668954261,6.108648E-4,-4.581486E-4,3.054324E-4
758576690685771,-1.527162E-4,-1.527162E-4,1.527162E-4
758576712417281,1.527162E-4,-4.581486E-4,1.527162E-4
758576734148844,7.6358096E-4,-0.0012217296,-1.527162E-4
758576755880354,3.054324E-4,0.0,6.108648E-4
758576777611865,-1.527162E-4,4.581486E-4,3.054324E-4
758576799343375,3.054324E-4,-0.0013744457,3.054324E-4
758576821074938,-4.581486E-4,0.0,1.527162E-4
758576842806448,-1.527162E-4,-1.527162E-4,-1.527162E-4
758576864537959,6.108648E-4,-0.0012217296,3.054324E-4
758576886269469,3.054324E-4,-1.527162E-4,-1.527162E-4
758576908001031,1.527162E-4,-4.581486E-4,3.054324E-4
758576929732542,6.108648E-4,-0.0013744457,3.054324E-4
758576951464052,-4.581486E-4,3.054324E-4,1.527162E-4
758576973195563,3.054324E-4,-1.527162E-4,1.527162E-4
758576994927125,3.054324E-4,-9.162972E-4,-1.527162E-4
758577016658636,6.108648E-4,0.0,1.527162E-4
758577038390146,6.108648E-4,-7.6358096E-4,3.054324E-4
758577060121656,3.054324E-4,-4.581486E-4,-4.581486E-4
758577081853219,7.6358096E-4,-9.162972E-4,3.054324E-4
758577103584729,3.054324E-4,0.0,-4.581486E-4
758577125316240,-1.527162E-4,-0.0012217296,3.054324E-4
758577147047750,3.054324E-4,-4.581486E-4,3.054324E-4
758577168779313,-4.581486E-4,-1.527162E-4,3.054324E-4
758577190510823,-1.527162E-4,0.0,3.054324E-4
758577212242334,3.054324E-4,0.0,3.054324E-4
758577233973844,6.108648E-4,4.581486E-4,6.108648E-4
758577255705406,-1.527162E-4,-9.162972E-4,6.108648E-4
758577277436917,3.054324E-4,-4.581486E-4,1.527162E-4
758577299168427,6.108648E-4,3.054324E-4,3.054324E-4
758577320899938,-1.527162E-4,-7.6358096E-4,3.054324E-4
758577342631500,-1.527162E-4,7.6358096E-4,6.108648E-4
758577364363011,3.054324E-4,-4.581486E-4,1.527162E-4
758577386094521,6.108648E-4,-4.581486E-4,3.054324E-4
758577407826031,3.054324E-4,4.581486E-4,1.527162E-4
758577429557542,7.6358096E-4,-0.0016798781,3.054324E-4
758577451289104,-4.581486E-4,-1.527162E-4,3.054324E-4
758577473020615,-1.527162E-4,7.6358096E-4,-1.527162E-4
758577494752125,3.054324E-4,-0.0016798781,3.054324E-4
758577516483636,1.527162E-4,4.581486E-4,6.108648E-4
758577538215198,1.527162E-4,7.6358096E-4,1.527162E-4
758577559946709,6.108648E-4,-9.162972E-4,3.054324E-4
758577581678219,6.108648E-4,3.054324E-4,1.527162E-4
758577603409729,6.108648E-4,-4.581486E-4,1.527162E-4
758577625141292,3.054324E-4,0.0,7.6358096E-4
758577646872802,-6.108648E-4,0.0,3.054324E-4
758577668604313,-4.581486E-4,-7.6358096E-4,6.108648E-4
758577690335823,3.054324E-4,-4.581486E-4,6.108648E-4
758577712067386,-1.527162E-4,0.0,3.054324E-4
758577733798896,1.527162E-4,-7.6358096E-4,1.527162E-4
758577755530406,3.054324E-4,0.0,1.527162E-4
758577777261917,1.527162E-4,3.054324E-4,-1.527162E-4
758577798993427,7.6358096E-4,-9.162972E-4,-4.581486E-4
758577820724990,7.6358096E-4,-7.6358096E-4,3.054324E-4
758577842456500,6.108648E-4,-7.6358096E-4,3.054324E-4
758577864188011,6.108648E-4,-7.6358096E-4,1.527162E-4
758577885919521,6.108648E-4,4.581486E-4,-4.581486E-4
758577907651084,3.054324E-4,0.0,3.054324E-4
758577929382594,3.054324E-4,-1.527162E-4,-1.527162E-4
758577951114104,1.527162E-4,-1.527162E-4,1.527162E-4
758577972845615,-1.527162E-4,-4.581486E-4,-4.581486E-4
758577994577125,3.054324E-4,-7.6358096E-4,1.527162E-4
758578016308688,1.527162E-4,0.0,3.054324E-4
758578038040198,3.054324E-4,3.054324E-4,3.054324E-4
758578059771709,3.054324E-4,-7.6358096E-4,-4.581486E-4
758578081503219,1.527162E-4,-4.581486E-4,-1.527162E-4
758578103234729,6.108648E-4,-4.581486E-4,3.054324E-4
758578124966292,1.527162E-4,3.054324E-4,1.527162E-4
758578146697802,1.527162E-4,0.0,-1.527162E-4
758578168429313,3.054324E-4,3.054324E-4,-1.527162E-4
758578190160823,1.527162E-4,0.0,1.527162E-4
758578211892386,1.527162E-4,-4.581486E-4,1.527162E-4
758578233623896,1.527162E-4,3.054324E-4,6.108648E-4
758578255355406,7.6358096E-4,-9.162972E-4,6.108648E-4
758578277086917,1.527162E-4,0.0012217296,1.527162E-4
758578298818479,1.527162E-4,-9.162972E-4,3.054324E-4
758578320549990,6.108648E-4,-0.0012217296,6.108648E-4
758578342281500,-4.581486E-4,3.054324E-4,1.527162E-4
758578364013011,7.6358096E-4,-4.581486E-4,1.527162E-4
758578385744573,3.054324E-4,3.054324E-4,3.054324E-4
758578407476084,-1.527162E-4,-4.581486E-4,3.054324E-4
758578429207594,7.6358096E-4,-0.0013744457,1.527162E-4
758578450939104,-4.581486E-4,3.054324E-4,-1.527162E-4
758578472670667,1.527162E-4,0.0,1.527162E-4
758578494402177,-1.527162E-4,-7.6358096E-4,1.527162E-4
758578516133688,-1.527162E-4,3.054324E-4,1.527162E-4
758578537865250,-6.108648E-4,-1.527162E-4,1.527162E-4
758578559596761,7.6358096E-4,4.581486E-4,6.108648E-4
758578581328271,3.054324E-4,0.0,3.054324E-4
758578603059834,-6.108648E-4,-1.527162E-4,-1.527162E-4
758578624791344,6.108648E-4,4.581486E-4,-4.581486E-4
758578646522854,3.054324E-4,-1.527162E-4,-1.527162E-4
758578668254417,3.054324E-4,-1.527162E-4,-4.581486E-4
758578689985927,3.054324E-4,-7.6358096E-4,3.054324E-4
758578711717438,3.054324E-4,-4.581486E-4,3.054324E-4
758578733449000,1.527162E-4,3.054324E-4,3.054324E-4
758578755180511,1.527162E-4,0.0,3.054324E-4
758578776912021,3.054324E-4,-4.581486E-4,1.527162E-4
758578798643584,3.054324E-4,-1.527162E-4,-6.108648E-4
758578820375094,3.054324E-4,-1.527162E-4,6.108648E-4
758578842106604,3.054324E-4,0.0,1.527162E-4
758578863838167,-1.527162E-4,-1.527162E-4,7.6358096E-4
758578885569677,-1.527162E-4,0.0,-1.527162E-4
758578907301188,3.054324E-4,-1.527162E-4,7.6358096E-4
758578929032750,6.108648E-4,-1.527162E-4,3.054324E-4
758578950764261,7.6358096E-4,-1.527162E-4,-1.527162E-4
758578972495823,1.527162E-4,-4.581486E-4,3.054324E-4
758578994227334,3.054324E-4,-4.581486E-4,3.054324E-4
758579015958844,3.054324E-4,-1.527162E-4,-1.527162E-4
758579037690406,-1.527162E-4,-4.581486E-4,1.527162E-4
758579059421917,1.527162E-4,-4.581486E-4,6.108648E-4
758579081153427,1.527162E-4,-1.527162E-4,1.527162E-4
758579102884990,-6.108648E-4,3.054324E-4,3.054324E-4
758579124616500,3.054324E-4,-7.6358096E-4,-1.527162E-4
758579146348011,-1.527162E-4,-9.162972E-4,1.527162E-4
758579168079573,-1.527162E-4,4.581486E-4,7.6358096E-4
758579189811084,6.108648E-4,-0.0012217296,-1.527162E-4
758579211542594,-1.527162E-4,-4.581486E-4,3.054324E-4
758579233274156,-4.581486E-4,0.0,3.054324E-4
758579255005667,6.108648E-4,-9.162972E-4,1.527162E-4
758579276737229,1.527162E-4,0.0,-1.527162E-4
758579298468740,6.108648E-4,-1.527162E-4,3.054324E-4
758579320200250,1.527162E-4,-4.581486E-4,1.527162E-4
758579341931813,6.108648E-4,-4.581486E-4,3.054324E-4
758579363663323,3.054324E-4,-1.527162E-4,1.527162E-4
758579385394834,-1.527162E-4,-4.581486E-4,1.527162E-4
758579407126396,-4.581486E-4,-1.527162E-4,-1.527162E-4
758579428857906,-1.527162E-4,-4.581486E-4,1.527162E-4
758579450589417,-4.581486E-4,-1.527162E-4,1.527162E-4
758579472320979,3.054324E-4,4.581486E-4,1.527162E-4
758579494052490,6.108648E-4,-7.6358096E-4,3.054324E-4
758579515784000,-1.527162E-4,3.054324E-4,-4.581486E-4
758579537515563,-1.527162E-4,4.581486E-4,3.054324E-4
758579559247073,1.527162E-4,-7.6358096E-4,1.527162E-4
758579580978584,3.054324E-4,-4.581486E-4,1.527162E-4
758579602710146,1.527162E-4,-1.527162E-4,6.108648E-4
758579624441656,-1.527162E-4,-4.581486E-4,-1.527162E-4
758579646173167,3.054324E-4,-1.527162E-4,-1.527162E-4
758579667904729,1.527162E-4,-4.581486E-4,3.054324E-4
758579689636240,6.108648E-4,-4.581486E-4,-1.527162E-4
758579711367802,3.054324E-4,0.0,-4.581486E-4
758579733099313,-1.527162E-4,-1.527162E-4,6.108648E-4
758579754830823,1.527162E-4,-7.6358096E-4,-4.581486E-4
758579776562386,6.108648E-4,-4.581486E-4,1.527162E-4
758579798293896,-1.527162E-4,-1.527162E-4,3.054324E-4
758579820025406,3.054324E-4,0.0,1.527162E-4
758579841756969,1.527162E-4,0.0,3.054324E-4
758579863488479,1.527162E-4,0.0,-4.581486E-4
758579885220042,7.6358096E-4,4.581486E-4,3.054324E-4
758579906951552,1.527162E-4,-4.581486E-4,1.527162E-4
758579928683063,6.108648E-4,-9.162972E-4,1.527162E-4
758579950414625,-4.581486E-4,-1.527162E-4,3.054324E-4
758579972146136,-4.581486E-4,0.0,-1.527162E-4
758579993877698,6.108648E-4,-9.162972E-4,3.054324E-4
758580015609209,-6.108648E-4,0.0012217296,1.527162E-4
758580037340719,1.527162E-4,-4.581486E-4,3.054324E-4
758580059072281,1.527162E-4,-9.162972E-4,3.054324E-4
758580080803792,-6.108648E-4,0.0012217296,3.054324E-4
758580102535354,6.108648E-4,-0.0012217296,6.108648E-4
758580124266865,-1.527162E-4,-4.581486E-4,3.054324E-4
758580145998427,6.108648E-4,0.0,1.527162E-4
758580167729938,6.108648E-4,-9.162972E-4,-4.581486E-4
758580189461448,3.054324E-4,4.581486E-4,-1.527162E-4
758580211193011,1.527162E-4,-0.0012217296,6.108648E-4
758580232924521,-1.527162E-4,0.0,1.527162E-4
758580254656084,-1.527162E-4,-4.581486E-4,1.527162E-4
758580276387594,1.527162E-4,-1.527162E-4,-4.581486E-4
758580298119156,-1.527162E-4,-1.527162E-4,-4.581486E-4
758580319850667,1.527162E-4,0.0,1.527162E-4
758580341582229,3.054324E-4,-9.162972E-4,1.527162E-4
758580363313740,-4.581486E-4,3.054324E-4,-1.527162E-4
758580385045302,3.054324E-4,-0.0012217296,1.527162E-4
758580406776813,3.054324E-4,-1.527162E-4,1.527162E-4
758580428508375,3.054324E-4,-4.581486E-4,3.054324E-4
758580450239886,3.054324E-4,4.581486E-4,-4.581486E-4
758580471971448,3.054324E-4,-0.0,-4.581486E-4
758580493702959,0.0,4.581486E-4,4.581486E-4
758580515434521,3.054324E-4,-4.581486E-4,0.0
758580537166031,0.0,4.581486E-4,3.054324E-4
758580558897594,0.0,-3.054324E-4,-1.527162E-4
758580580629104,3.054324E-4,-7.6358096E-4,3.054324E-4
758580602360667,-1.527162E-4,-4.581486E-4,0.0
758580624092229,0.0,-3.054324E-4,4.581486E-4
758580645823740,3.054324E-4,4.581486E-4,-1.527162E-4
758580667555302,6.108648E-4,4.581486E-4,3.054324E-4
758580689286813,6.108648E-4,-7.6358096E-4,7.6358096E-4
758580711018375,6.108648E-4,4.581486E-4,3.054324E-4
758580732749886,3.054324E-4,-4.581486E-4,3.054324E-4
758580754481448,3.054324E-4,-4.581486E-4,-4.581486E-4
758580776212959,3.054324E-4,7.6358096E-4,-1.527162E-4
758580797944521,3.054324E-4,-0.0,0.0
758580819676031,7.6358096E-4,-3.054324E-4,0.0
758580841407594,3.054324E-4,-4.581486E-4,4.581486E-4
758580863139156,0.0,7.6358096E-4,4.581486E-4
758580884870667,7.6358096E-4,-0.0,0.0
758580906602177,3.054324E-4,1.527162E-4,-4.581486E-4
758580928333740,-6.108648E-4,4.581486E-4,-4.581486E-4
758580950065302,7.6358096E-4,-7.6358096E-4,0.0
758580971796813,-1.527162E-4,7.6358096E-4,3.054324E-4
758580993528375,6.108648E-4,-4.581486E-4,-1.527162E-4
758581015259886,6.108648E-4,-7.6358096E-4,3.054324E-4
758581036991448,0.0,0.0013744457,4.581486E-4
758581058723011,6.108648E-4,-4.581486E-4,3.054324E-4
758581080454521,0.0,4.581486E-4,-1.527162E-4
758581102186084,0.0,4.581486E-4,0.0
758581123917594,0.0,-0.0012217296,0.0
758581145649156,0.0,-0.0,-1.527162E-4
758581167380667,3.054324E-4,-3.054324E-4,-1.527162E-4
758581189112229,6.108648E-4,-3.054324E-4,-1.527162E-4
758581210843740,0.0,4.581486E-4,3.054324E-4
758581232575302,3.054324E-4,1.527162E-4,0.0
758581254306813,6.108648E-4,9.162972E-4,0.0
758581276038375,6.108648E-4,-0.0,3.054324E-4
758581297769886,7.6358096E-4,-0.0,-4.581486E-4
758581319501448,0.0,-3.054324E-4,3.054324E-4
758581341233011,6.108648E-4,4.581486E-4,3.054324E-4
758581362964521,7.6358096E-4,1.527162E-4,0.0
758581384696084,7.6358096E-4,-0.0,-1.527162E-4
758581406427594,6.108648E-4,-4.581486E-4,-1.527162E-4
758581428159156,0.0,1.527162E-4,0.0
758581449890667,6.108648E-4,-3.054324E-4,3.054324E-4
758581471622229,-4.581486E-4,-3.054324E-4,4.581486E-4
758581493353740,3.054324E-4,-0.0,0.0
758581515085302,6.108648E-4,-3.054324E-4,4.581486E-4
758581536816865,0.0,-0.0,3.054324E-4
758581558548375,0.0,4.581486E-4,3.054324E-4
758581580279938,7.6358096E-4,-7.6358096E-4,-4.581486E-4
758581602011448,6.108648E-4,7.6358096E-4,-4.581486E-4
758581623743011,7.6358096E-4,4.581486E-4,0.0
758581645474521,3.054324E-4,-0.0,3.054324E-4
758581667206084,3.054324E-4,4.581486E-4,-1.527162E-4
758581688937594,3.054324E-4,-4.581486E-4,0.0
758581710669156,3.054324E-4,-0.0,0.0
758581732400719,-1.527162E-4,-0.0,3.054324E-4
758581754132229,-1.527162E-4,-7.6358096E-4,-1.527162E-4
758581775863792,-1.527162E-4,4.581486E-4,4.581486E-4
758581797595302,0.0,1.527162E-4,0.0
758581819326865,3.054324E-4,-7.6358096E-4,0.0
758581841058375,7.6358096E-4,7.6358096E-4,3.054324E-4
758581862789938,-1.527162E-4,-3.054324E-4,4.581486E-4
758581884521448,3.054324E-4,-4.581486E-4,3.054324E-4
758581906253011,-1.527162E-4,-3.054324E-4,0.0
758581927984573,3.054324E-4,-0.0,0.0
758581949716084,3.054324E-4,-4.581486E-4,4.581486E-4
758581971447646,0.0,4.581486E-4,0.0
758581993179156,0.0,-0.0,-1.527162E-4
758582014910719,-4.581486E-4,-0.0,-4.581486E-4
758582036642229,3.054324E-4,-0.0,3.054324E-4
758582058373792,0.0,-7.6358096E-4,-4.581486E-4
758582080105302,-1.527162E-4,7.6358096E-4,0.0
758582101836865,3.054324E-4,-4.581486E-4,0.0
758582123568375,6.108648E-4,-3.054324E-4,0.0
758582145299938,3.054324E-4,-3.054324E-4,0.0
758582167031500,7.6358096E-4,-3.054324E-4,0.0
758582188763011,0.0,-0.0,3.054324E-4
758582210494573,-1.527162E-4,1.527162E-4,0.0
758582232226084,0.0,1.527162E-4,3.054324E-4
758582253957646,6.108648E-4,4.581486E-4,-1.527162E-4
758582275689156,0.0,-4.581486E-4,-1.527162E-4
758582297420719,0.0,1.527162E-4,0.0
758582319152229,0.0,-4.581486E-4,3.054324E-4
758582340883792,-1.527162E-4,4.581486E-4,0.0
758582362615354,6.108648E-4,-0.0010690134,3.054324E-4
758582384346865,-0.0012217296,7.6358096E-4,3.054324E-4
758582406078375,-1.527162E-4,-3.054324E-4,0.0
758582427809938,3.054324E-4,-4.581486E-4,-1.527162E-4
758582449541500,-6.108648E-4,3.054324E-4,0.0
758582471273011,6.108648E-4,-6.108648E-4,0.0
758582493004573,0.0,-3.054324E-4,-1.527162E-4
758582514736084,-4.581486E-4,-1.527162E-4,0.0
758582536467646,-1.527162E-4,-0.0010690134,0.0
758582558199156,3.054324E-4,-1.527162E-4,0.0
758582579930719,-1.527162E-4,-3.054324E-4,0.0
758582601662229,-1.527162E-4,-3.054324E-4,-1.527162E-4
758582623393792,0.0,3.054324E-4,0.0
758582645125354,3.054324E-4,-1.527162E-4,0.0
758582666856865,0.0,-1.527162E-4,0.0
758582688588427,-4.581486E-4,-1.527162E-4,4.581486E-4
758582710319938,6.108648E-4,1.527162E-4,0.0
758582732051500,3.054324E-4,-6.108648E-4,0.0
758582753783011,-1.527162E-4,9.162972E-4,-1.527162E-4
758582775514573,-6.108648E-4,1.527162E-4,-1.527162E-4
758582797246084,6.108648E-4,-6.108648E-4,0.0
758582818977646,-6.108648E-4,1.527162E-4,-4.581486E-4
758582840709156,0.0,-3.054324E-4,3.054324E-4
758582862440719,-0.0012217296,-3.054324E-4,3.054324E-4
758582884172281,-1.527162E-4,-1.527162E-4,3.054324E-4
758582905903792,-4.581486E-4,-6.108648E-4,3.054324E-4
758582927635354,0.0,-1.527162E-4,0.0
758582949366865,-1.527162E-4,-9.162972E-4,3.054324E-4
758582971098427,0.0,1.527162E-4,0.0
758582992829938,-4.581486E-4,-1.527162E-4,4.581486E-4
758583014561500,3.054324E-4,-1.527162E-4,0.0
758583036293011,7.6358096E-4,-3.054324E-4,0.0
758583058024573,0.0,1.527162E-4,-7.6358096E-4
758583079756084,-1.527162E-4,-9.162972E-4,4.581486E-4
758583101487646,3.054324E-4,1.527162E-4,7.6358096E-4
758583123219156,-1.527162E-4,-3.054324E-4,3.054324E-4
758583144950719,-1.527162E-4,-9.162972E-4,0.0
758583166682229,-6.108648E-4,6.108648E-4,-1.527162E-4
758583188413792,0.0,1.527162E-4,-1.527162E-4
758583210145302,0.0,6.108648E-4,0.0
758583231876865,-1.527162E-4,-3.054324E-4,3.054324E-4
758583253608375,0.0,-0.0010690134,0.0
758583275339938,-4.581486E-4,6.108648E-4,3.054324E-4
758583297071500,0.0,-1.527162E-4,-1.527162E-4
758583318803011,7.6358096E-4,3.054324E-4,0.0
758583340534573,-4.581486E-4,1.527162E-4,0.0
758583362266084,3.054324E-4,-0.0013744457,3.054324E-4
758583383997646,3.054324E-4,6.108648E-4,-1.527162E-4
758583405729156,-1.527162E-4,6.108648E-4,0.0
758583427460719,7.6358096E-4,-9.162972E-4,3.054324E-4
758583449192229,-4.581486E-4,1.527162E-4,0.0
758583470923792,0.0,-1.527162E-4,3.054324E-4
758583492655302,0.0,-3.054324E-4,-1.527162E-4
758583514386865,-4.581486E-4,0.0010690134,3.054324E-4
758583536118375,7.6358096E-4,-3.054324E-4,3.054324E-4
758583557849938,-1.527162E-4,3.054324E-4,-4.581486E-4
758583579581500,-4.581486E-4,1.527162E-4,-1.527162E-4
758583601313011,6.108648E-4,-0.0018325944,3.054324E-4
758583623044521,0.0,6.108648E-4,3.054324E-4
758583644776084,0.0,-6.108648E-4,3.054324E-4
758583666507646,-1.527162E-4,3.054324E-4,4.581486E-4
758583688239156,-0.0012217296,0.0010690134,-1.527162E-4
758583709970667,-4.581486E-4,-3.054324E-4,4.581486E-4
758583731702229,3.054324E-4,1.527162E-4,0.0
758583753433792,-9.162972E-4,1.527162E-4,3.054324E-4
758583775165302,-1.527162E-4,-3.054324E-4,4.581486E-4
758583796896865,-1.527162E-4,-3.054324E-4,-1.527162E-4
758583818628375,-1.527162E-4,-3.054324E-4,4.581486E-4
758583840359886,6.108648E-4,-0.0013744457,0.0
758583862091448,-4.581486E-4,6.108648E-4,0.0
758583883822959,0.0,6.108648E-4,-1.527162E-4
758583905554521,-6.108648E-4,-0.0010690134,3.054324E-4
758583927286084,-9.162972E-4,0.0010690134,0.0
758583949017594,-4.581486E-4,1.527162E-4,0.0
758583970749104,0.0,-9.162972E-4,4.581486E-4
758583992480667,-4.581486E-4,9.162972E-4,0.0
758584014212177,6.108648E-4,-3.054324E-4,3.054324E-4
758584035943740,-6.108648E-4,1.527162E-4,3.054324E-4
758584057675250,0.0,3.054324E-4,0.0
758584079406813,0.0,-0.0013744457,-1.527162E-4
758584101138375,-6.108648E-4,6.108648E-4,0.0
758584122869886,-1.527162E-4,-3.054324E-4,3.054324E-4
758584144601396,3.054324E-4,-3.054324E-4,-1.527162E-4
758584166332959,0.0,1.527162E-4,0.0
758584188064469,3.054324E-4,-3.054324E-4,3.054324E-4
758584209796031,-4.581486E-4,-9.162972E-4,4.581486E-4
758584231527542,-1.527162E-4,6.108648E-4,7.6358096E-4
758584253259104,0.0,-9.162972E-4,0.0
758584274990615,0.0,-1.527162E-4,-1.527162E-4
758584296722177,-9.162972E-4,9.162972E-4,-1.527162E-4
758584318453688,-4.581486E-4,-0.0010690134,3.054324E-4
758584340185250,-4.581486E-4,1.527162E-4,0.0
758584361916761,-4.581486E-4,3.054324E-4,-1.527162E-4
758584383648323,3.054324E-4,-0.0010690134,-1.527162E-4
758584405379834,-9.162972E-4,1.527162E-4,3.054324E-4
758584427111396,-4.581486E-4,3.054324E-4,0.0
758584448842906,1.527162E-4,-7.6358096E-4,1.527162E-4
758584470574469,1.527162E-4,0.0,-7.6358096E-4
758584492305979,-3.054324E-4,7.6358096E-4,4.581486E-4
758584514037490,1.527162E-4,-4.581486E-4,-1.527162E-4
758584535769052,-7.6358096E-4,0.0010690134,-1.527162E-4
758584557500563,1.527162E-4,-4.581486E-4,-1.527162E-4
758584579232125,1.527162E-4,3.054324E-4,1.527162E-4
758584600963636,-0.0,0.0,1.527162E-4
758584622695198,-4.581486E-4,-4.581486E-4,6.108648E-4
758584644426709,7.6358096E-4,3.054324E-4,-1.527162E-4
758584666158271,-0.0,-1.527162E-4,1.527162E-4
758584687889781,-4.581486E-4,3.054324E-4,1.527162E-4
758584709621344,4.581486E-4,7.6358096E-4,-3.054324E-4
758584731352854,4.581486E-4,-1.527162E-4,-1.527162E-4
758584753084365,1.527162E-4,7.6358096E-4,-1.527162E-4
758584774815927,0.0012217296,0.0,-1.527162E-4
758584796547438,1.527162E-4,0.0,-3.054324E-4
758584818279000,4.581486E-4,4.581486E-4,-6.108648E-4
758584840010511,-0.0,-7.6358096E-4,1.527162E-4
758584861742073,4.581486E-4,0.0,-3.054324E-4
758584883473584,1.527162E-4,0.0,-6.108648E-4
758584905205146,7.6358096E-4,-4.581486E-4,1.527162E-4
758584926936656,1.527162E-4,0.0,-6.108648E-4
758584948668219,-3.054324E-4,0.0010690134,-1.527162E-4
758584970399729,1.527162E-4,-7.6358096E-4,-1.527162E-4
758584992131292,7.6358096E-4,-9.162972E-4,1.527162E-4
758585013862802,1.527162E-4,7.6358096E-4,1.527162E-4
758585035594313,4.581486E-4,-0.0012217296,-1.527162E-4
758585057325875,-3.054324E-4,3.054324E-4,-3.054324E-4
758585079057386,-4.581486E-4,4.581486E-4,1.527162E-4
758585100788948,7.6358096E-4,-7.6358096E-4,-1.527162E-4
758585122520459,4.581486E-4,0.0,1.527162E-4
758585144251969,1.527162E-4,-0.0012217296,-6.108648E-4
758585165983531,9.162972E-4,-9.162972E-4,-1.527162E-4
758585187715042,1.527162E-4,4.581486E-4,-1.527162E-4
758585209446604,9.162972E-4,-0.0024434591,-3.054324E-4
758585231178115,1.527162E-4,-7.6358096E-4,1.527162E-4
758585252909625,4.581486E-4,-9.162972E-4,4.581486E-4
758585274641188,9.162972E-4,-0.0025961753,4.581486E-4
758585296372698,1.527162E-4,-9.162972E-4,-1.527162E-4
758585318104261,4.581486E-4,-0.0013744457,-3.054324E-4
758585339835771,0.0012217296,-7.6358096E-4,-1.527162E-4
758585361567334,-0.0,-9.162972E-4,1.527162E-4
758585383298844,0.0012217296,-0.0013744457,-1.527162E-4
758585405030354,-0.0,-4.581486E-4,-1.527162E-4
758585426761917,-0.0,4.581486E-4,-3.054324E-4
758585448493427,4.581486E-4,-0.0021380268,1.527162E-4
758585470224990,-0.0,-4.581486E-4,1.527162E-4
758585491956500,-7.6358096E-4,0.0019853106,-3.054324E-4
758585513688063,1.527162E-4,-0.0012217296,1.527162E-4
758585535419573,1.527162E-4,-1.527162E-4,1.527162E-4
758585557151084,4.581486E-4,-4.581486E-4,-1.527162E-4
758585578882646,4.581486E-4,-9.162972E-4,4.581486E-4
758585600614156,-0.0,0.0010690134,1.527162E-4
758585622345667,-0.0,4.581486E-4,-1.527162E-4
758585644077229,4.581486E-4,-0.0019853106,-3.054324E-4
758585665808740,-0.0,-1.527162E-4,-1.527162E-4
758585687540302,1.527162E-4,0.0,1.527162E-4
758585709271813,1.527162E-4,-1.527162E-4,1.527162E-4
758585731003323,-4.581486E-4,0.0012217296,-6.108648E-4
758585752734886,4.581486E-4,4.581486E-4,-3.054324E-4
758585774466396,1.527162E-4,-1.527162E-4,-1.527162E-4
758585796197959,-0.0,7.6358096E-4,-3.054324E-4
758585817929602,9.162972E-4,-0.0013744457,1.527162E-4
758585839660955,-0.0,7.6358096E-4,-1.527162E-4
758585861392518,-3.054324E-4,-1.527162E-4,-6.108648E-4
758585883124028,7.6358096E-4,-9.162972E-4,4.581486E-4
758585904855539,1.527162E-4,3.054324E-4,-1.527162E-4
758585926587101,-3.054324E-4,3.054324E-4,-3.054324E-4
758585948318612,-0.0,0.0,-1.527162E-4
758585970050174,4.581486E-4,4.581486E-4,-3.054324E-4
758585991781685,0.0012217296,-0.0012217296,-1.527162E-4
758586013513195,7.6358096E-4,-1.527162E-4,-6.108648E-4
758586035244757,-0.0,7.6358096E-4,-3.054324E-4
758586056976268,-4.581486E-4,-1.527162E-4,-3.054324E-4
758586078707778,4.581486E-4,7.6358096E-4,1.527162E-4
758586100439341,1.527162E-4,0.0010690134,1.527162E-4
758586122170851,1.527162E-4,0.0012217296,-3.054324E-4
758586143902362,-3.054324E-4,4.581486E-4,4.581486E-4
758586165633924,-7.6358096E-4,0.0016798781,-3.054324E-4
758586187365435,-3.054324E-4,3.054324E-4,-1.527162E-4
758586209096945,-3.054324E-4,7.6358096E-4,-6.108648E-4
758586230828507,-4.581486E-4,0.0015271619,-3.054324E-4
758586252560018,-0.0,-0.0016798781,1.527162E-4
758586274291528,7.6358096E-4,-4.581486E-4,-1.527162E-4
758586296023091,-3.054324E-4,3.054324E-4,-3.054324E-4
758586317754601,9.162972E-4,-0.0012217296,4.581486E-4
758586339486112,-4.581486E-4,0.0010690134,-3.054324E-4
758586361217674,-7.6358096E-4,7.6358096E-4,6.108648E-4
758586382949185,-4.581486E-4,0.0010690134,-3.054324E-4
758586404680695,-0.0,3.054324E-4,-3.054324E-4
758586426412257,-3.054324E-4,-4.581486E-4,-1.527162E-4
758586448143768,-0.0010690134,0.0027488915,-3.054324E-4
758586469875330,-4.581486E-4,-1.527162E-4,4.581486E-4
758586491606841,-0.002290743,0.0012217296,-1.527162E-4
758586513338351,-0.0027488915,0.0065667965,-6.108648E-4
758586535069862,4.581486E-4,-0.0019853106,-1.527162E-4
758586556801424,-0.0,-9.162972E-4,1.527162E-4
758586578532935,-0.0015271619,0.003970621,1.527162E-4
758586600264445,9.162972E-4,-0.0024434591,1.527162E-4
758586621996007,7.6358096E-4,-0.0012217296,-1.527162E-4
758586643727518,-0.0010690134,0.0024434591,-1.527162E-4
758586665459028,7.6358096E-4,-0.0012217296,-1.527162E-4
758586687190591,4.581486E-4,-1.527162E-4,1.527162E-4
758586708922101,-0.0,0.0015271619,4.581486E-4
758586730653612,0.0013744457,-0.0013744457,-1.527162E-4
758586752385174,-4.581486E-4,0.0,-1.527162E-4
758586774116685,-3.054324E-4,3.054324E-4,-6.108648E-4
758586795848195,1.527162E-4,0.0,1.527162E-4
758586817579757,1.527162E-4,3.054324E-4,1.527162E-4
758586839311268,-0.0,0.0,-3.054324E-4
758586861042778,7.6358096E-4,-4.581486E-4,-1.527162E-4
758586882774289,-0.0,0.0,-1.527162E-4
758586904505851,-0.0,0.0,1.527162E-4
758586926237362,-0.0,-1.527162E-4,-1.527162E-4
758586947968872,-3.054324E-4,7.6358096E-4,-3.054324E-4
758586969700435,4.581486E-4,-1.527162E-4,-1.527162E-4
758586991431945,4.581486E-4,-7.6358096E-4,-1.527162E-4
758587013163455,1.527162E-4,0.0,-3.054324E-4
758587034894966,1.527162E-4,-1.527162E-4,-1.527162E-4
758587056626528,7.6358096E-4,4.581486E-4,1.527162E-4
758587078358039,1.527162E-4,0.0,-1.527162E-4
758587100089549,4.581486E-4,-4.581486E-4,1.527162E-4
758587121821112,7.6358096E-4,-1.527162E-4,1.527162E-4
758587143552622,4.581486E-4,3.054324E-4,1.527162E-4
758587165284132,-3.054324E-4,4.581486E-4,-6.108648E-4
758587187015643,4.581486E-4,-9.162972E-4,-1.527162E-4
758587208747205,-0.0,7.6358096E-4,-1.527162E-4
758587230478716,-3.054324E-4,-1.527162E-4,6.108648E-4
758587252210226,4.581486E-4,-4.581486E-4,-1.527162E-4
758587273941789,-4.581486E-4,4.581486E-4,4.581486E-4
758587295673299,1.527162E-4,-7.6358096E-4,1.527162E-4
758587317404810,4.581486E-4,-4.581486E-4,-3.054324E-4
758587339136320,1.527162E-4,4.581486E-4,-3.054324E-4
758587360867882,-0.014202606,0.017104214,-0.0010690134
758587382599393,-0.021227552,0.066431545,-0.0035124724
758587404330903,0.0368046,-0.09483676,0.005497783
758587426062466,-0.02565632,0.062308207,-0.0035124724
758587447793976,-0.002290743,0.009010255,-6.108648E-4
758587469525487,0.029779658,-0.07131846,0.003817905
758587491256997,-0.00641408,0.018325943,-7.6358096E-4
758587512988507,-0.0036651888,0.011759147,-1.527162E-4
758587534720070,0.010231985,-0.026572619,0.0010690134
758587556451580,-0.0036651888,0.009010255,-7.6358096E-4
758587578183091,-0.004123337,0.012217295,-7.6358096E-4
758587599914653,0.0070249448,-0.016340632,9.162972E-4
758587621646164,-0.0027488915,0.005345067,-3.054324E-4
758587643377674,-0.00320704,0.008399391,-6.108648E-4
758587665109185,0.0056504994,-0.0129808765,9.162972E-4
758587686840695,-0.0024434591,0.00763581,-3.054324E-4
758587708572257,-4.581486E-4,0.0015271619,1.527162E-4
758587730303768,0.0029016077,-0.007788526,6.108648E-4
758587752035278,-0.0027488915,0.008093959,-1.527162E-4
758587773766789,0.0012217296,-0.0029016077,6.108648E-4
758587795498351,7.6358096E-4,-0.0024434591,-1.527162E-4
758587817229862,-0.0015271619,0.004123337,-1.527162E-4
758587838961372,0.0016798781,-0.0029016077,4.581486E-4
758587860692882,1.527162E-4,0.0010690134,-3.054324E-4
758587882424445,-0.0,4.581486E-4,1.527162E-4
758587904155955,4.581486E-4,-7.6358096E-4,-1.527162E-4
758587925887466,-0.0,0.0,-3.054324E-4
758587947618976,1.527162E-4,4.581486E-4,-1.527162E-4
758587969350539,7.6358096E-4,-7.6358096E-4,-1.527162E-4
758587991082049,1.527162E-4,-9.162972E-4,-1.527162E-4
758588012813560,-0.0012217296,0.0015271619,-3.054324E-4
758588034545070,7.6358096E-4,-1.527162E-4,4.581486E-4
758588056276580,7.6358096E-4,-0.0012217296,4.581486E-4
758588078008143,-3.054324E-4,0.0012217296,-6.108648E-4
758588099739653,7.6358096E-4,-9.162972E-4,-1.527162E-4
758588121471164,1.527162E-4,0.0,-1.527162E-4
758588143202674,-3.054324E-4,7.6358096E-4,-3.054324E-4
758588164934185,1.527162E-4,-4.581486E-4,4.581486E-4
758588186665747,-0.0,-1.527162E-4,-3.054324E-4
758588208397257,4.581486E-4,3.054324E-4,-3.054324E-4
758588230128768,-3.054324E-4,0.0,-6.108648E-4
758588251860278,-3.054324E-4,0.0,-1.527162E-4
758588273591789,-4.581486E-4,-4.581486E-4,1.527162E-4
758588295323351,-4.581486E-4,0.0,4.581486E-4
758588317054862,1.527162E-4,-1.527162E-4,-1.527162E-4
758588338786372,4.581486E-4,7.6358096E-4,-3.054324E-4
758588360517882,-3.054324E-4,0.0,-1.527162E-4
758588382249445,1.527162E-4,-4.581486E-4,1.527162E-4
758588403980955,1.527162E-4,0.0,-6.108648E-4
758588425712466,-3.054324E-4,3.054324E-4,-3.054324E-4
758588447443976,-0.0,3.054324E-4,-1.527162E-4
758588469175487,1.527162E-4,-1.527162E-4,1.527162E-4
758588490906997,1.527162E-4,-1.527162E-4,-3.054324E-4
758588512638560,-0.0,4.581486E-4,-3.054324E-4
758588534370070,-0.0,-4.581486E-4,-1.527162E-4
758588556101580,-3.054324E-4,-4.581486E-4,-3.054324E-4
758588577833091,-3.054324E-4,3.054324E-4,-3.054324E-4
758588599564601,-7.6358096E-4,4.581486E-4,1.527162E-4
758588621296164,1.527162E-4,3.054324E-4,-1.527162E-4
758588643027674,-4.581486E-4,0.0,-1.527162E-4
758588664759185,-0.0,-1.527162E-4,4.581486E-4
758588686490695,7.6358096E-4,0.0,1.527162E-4
758588708222205,-3.054324E-4,0.0,-3.054324E-4
758588729953716,4.581486E-4,3.054324E-4,-1.527162E-4
758588751685226,-0.0,-1.527162E-4,1.527162E-4
758588773416789,-0.0,4.581486E-4,-1.527162E-4
758588795148299,1.527162E-4,3.054324E-4,-1.527162E-4
758588816879810,-0.0,-4.581486E-4,4.581486E-4
758588838611320,-0.0,0.0,-1.527162E-4
758588860342830,-4.581486E-4,0.0,1.527162E-4
758588882074393,1.527162E-4,0.0,1.527162E-4
758588903805903,1.527162E-4,-4.581486E-4,-1.527162E-4
758588925537414,-3.054324E-4,0.0,1.527162E-4
758588947268924,-0.0,-4.581486E-4,-1.527162E-4
758588969000435,1.527162E-4,3.054324E-4,6.108648E-4
758588990731945,1.527162E-4,3.054324E-4,1.527162E-4
758589012463455,1.527162E-4,-4.581486E-4,-3.054324E-4
758589034195018,-4.581486E-4,4.581486E-4,1.527162E-4
758589055926528,0.0036651888,-0.010995566,-1.527162E-4
758589077658039,0.06475167,-0.15638138,0.008399391
758589099389549,-0.022296565,0.056046844,-0.0030543238
758589121121060,-0.086742796,0.21548255,-0.011759147
758589142852570,0.04886918,-0.124616414,0.0065667965
758589164584132,0.01847866,-0.04444041,0.002290743
758589186315643,-0.040622506,0.101708986,-0.0056504994
758589208047153,0.0151189035,-0.03619374,0.002290743
758589229778664,0.0151189035,-0.037873615,0.002290743
758589251510174,-0.018631376,0.047189303,-0.0027488915
758589273241685,0.0033597562,-0.009315688,4.581486E-4
758589294973247,0.009926553,-0.026419902,0.0016798781
758589316704757,-0.011300999,0.029626941,-0.0018325944
758589338436268,0.0024434591,-0.0050396346,6.108648E-4
758589360167778,0.006261364,-0.016035201,9.162972E-4
758589381899289,-0.0073303776,0.017867794,-0.0013744457
758589403630799,0.00320704,-0.007788526,1.527162E-4
758589425362310,0.0021380268,-0.0048869182,4.581486E-4
758589447093820,-0.004734202,0.010231985,-6.108648E-4
758589468825330,0.0021380268,-0.0058032153,4.581486E-4
758589490556893,-0.0,7.6358096E-4,-1.527162E-4
758589512288403,1.527162E-4,0.002290743,-6.108648E-4
758589534019914,0.0013744457,-0.0036651888,1.527162E-4
758589555751424,-4.581486E-4,0.0010690134,-1.527162E-4
758589577482935,-4.581486E-4,3.054324E-4,-1.527162E-4
758589599214445,4.581486E-4,0.0,-1.527162E-4
758589620945955,-0.0,0.0,-3.054324E-4
758589642677466,-4.581486E-4,0.0010690134,1.527162E-4
758589664408976,-3.054324E-4,-9.162972E-4,1.527162E-4
758589686140539,-4.581486E-4,-1.527162E-4,-1.527162E-4
758589707872049,-0.0012217296,0.0010690134,1.527162E-4
758589729603560,1.527162E-4,3.054324E-4,1.527162E-4
758589751335070,1.527162E-4,0.0010690134,1.527162E-4
758589773066580,-0.0,-4.581486E-4,-1.527162E-4
758589794798091,-0.0,-7.6358096E-4,-1.527162E-4
758589816529601,1.527162E-4,4.581486E-4,-3.054324E-4
758589838261112,9.162972E-4,-0.0013744457,1.527162E-4
758589859992622,-0.0,3.054324E-4,1.527162E-4
758589881724185,-0.0,3.054324E-4,-1.527162E-4
758589903455695,7.6358096E-4,-0.0012217296,-1.527162E-4
758589925187205,-3.054324E-4,0.0015271619,-3.054324E-4
758589946918716,1.527162E-4,-9.162972E-4,-1.527162E-4
758589968650226,1.527162E-4,-1.527162E-4,1.527162E-4
758589990381737,-0.0,4.581486E-4,-1.527162E-4
758590012113247,9.162972E-4,-9.162972E-4,-1.527162E-4
758590033844757,-3.054324E-4,0.0015271619,-3.054324E-4
758590055576268,-0.0,-4.581486E-4,-1.527162E-4
758590077307778,-0.0,-1.527162E-4,1.527162E-4
758590099039289,-7.6358096E-4,0.0,-1.527162E-4
758590120770799,-7.6358096E-4,0.00320704,-3.054324E-4
758590142502362,-0.00320704,0.0059559317,1.527162E-4
758590164233820,-0.008552107,0.019547673,-0.0013744457
758590185965382,-0.006872229,0.0151189035,-6.108648E-4
758590207696893,9.162972E-4,-0.0019853106,-1.527162E-4
758590229428403,0.004123337,-0.009926553,6.108648E-4
758590251159914,0.0048869182,-0.008552107,4.581486E-4
758590272891424,0.012370012,-0.030237807,0.0013744457
758590294622935,-0.002290743,0.00641408,1.527162E-4
758590316354445,-0.004734202,0.010231985,-6.108648E-4
758590338085955,0.0048869182,-0.012217295,9.162972E-4
758590359817466,-0.0016798781,0.004734202,-1.527162E-4
758590381548976,-0.0019853106,0.003970621,-3.054324E-4
758590403280487,0.0024434591,-0.0065667965,6.108648E-4
758590425011997,-0.0,0.0010690134,-3.054324E-4
758590446743507,-0.0012217296,0.0035124724,-1.527162E-4
758590468475070,0.0012217296,-0.003817905,4.581486E-4
758590490206528,-3.054324E-4,0.0024434591,-6.108648E-4
758590511938091,-4.581486E-4,0.0024434591,-6.108648E-4
758590533669601,0.0025961753,-0.0050396346,-3.054324E-4
758590555401112,-7.6358096E-4,0.0012217296,4.581486E-4
758590577132622,-7.6358096E-4,0.0016798781,-1.527162E-4
758590598864132,0.0012217296,-0.0033597562,-3.054324E-4
758590620595643,-0.0012217296,0.002290743,-3.054324E-4
758590642327153,1.527162E-4,7.6358096E-4,-3.054324E-4
758590664058664,-0.0,-0.0021380268,1.527162E-4
758590685790174,-0.0012217296,0.0010690134,1.527162E-4
758590707521685,-0.0,-4.581486E-4,1.527162E-4
758590729253195,-0.0,-7.6358096E-4,1.527162E-4
758590750984705,1.527162E-4,7.6358096E-4,-1.527162E-4
758590772716216,-0.0,0.0,-3.054324E-4
758590794447726,1.527162E-4,-4.581486E-4,-1.527162E-4
758590816179237,-3.054324E-4,0.0010690134,-1.527162E-4
758590837910747,0.04963276,-0.1226311,0.0065667965
758590859642257,0.11942407,-0.2790125,0.014355322
758590881373768,0.08231403,-0.1876882,0.00962112
758590903105278,-0.1244637,0.28619015,-0.0140498895
758590924836789,-0.22281294,0.5575668,-0.025198173
758590946568351,0.10506874,-0.274431,0.017715078
758590968299862,0.08918626,-0.21258095,0.011148282
758590990031372,-0.09117157,0.21899502,-0.011606431
758591011762882,-0.0537561,0.13683371,-0.0027488915
758591033494393,0.07773254,-0.19547673,0.010690134
758591055225903,-0.009315688,0.023518294,-0.0013744457
758591076957414,-0.041538805,0.1036943,-0.0059559317
758591098688924,0.03176497,-0.080176,0.005497783
758591120420435,0.0044287695,-0.009468404,0.002290743
758591142151945,-0.023976443,0.06017018,-0.0035124724
758591163883455,0.013897174,-0.034361143,0.0016798781
758591185614966,0.006261364,-0.014813471,6.108648E-4
758591207346476,-0.012217295,0.03161225,-0.0015271619
758591229077987,0.0073303776,-0.016646065,0.0010690134
758591250809497,0.0036651888,-0.0058032153,4.581486E-4
758591272541007,-0.007788526,0.019547673,-7.6358096E-4
758591294272518,0.003817905,-0.009926553,4.581486E-4
758591316004028,0.0016798781,-0.0033597562,-3.054324E-4
758591337735539,-0.0029016077,0.008093959,-3.054324E-4
758591359467049,0.00320704,-0.0074830935,4.581486E-4
758591381198560,1.527162E-4,7.6358096E-4,1.527162E-4
758591402930070,-0.0012217296,0.0044287695,-6.108648E-4
758591424661580,0.0012217296,-0.0025961753,-3.054324E-4
758591446393091,-3.054324E-4,0.0012217296,-3.054324E-4
758591468124601,1.527162E-4,0.0010690134,-3.054324E-4
758591489856112,9.162972E-4,-0.0029016077,6.108648E-4
758591511587622,1.527162E-4,7.6358096E-4,4.581486E-4
758591533319132,-0.0,7.6358096E-4,-1.527162E-4
758591555050643,1.527162E-4,-4.581486E-4,-1.527162E-4
758591576782153,1.527162E-4,4.581486E-4,-3.054324E-4
758591598513664,4.581486E-4,4.581486E-4,-3.054324E-4
758591620245174,4.581486E-4,-9.162972E-4,-6.108648E-4
758591641976685,-0.0,-1.527162E-4,1.527162E-4
758591663708195,-0.0,3.054324E-4,-3.054324E-4
758591685439705,1.527162E-4,-7.6358096E-4,1.527162E-4
758591707171216,-7.6358096E-4,7.6358096E-4,4.581486E-4
758591728902726,-0.0,3.054324E-4,-1.527162E-4
758591750634237,4.581486E-4,-4.581486E-4,1.527162E-4
758591772365747,7.6358096E-4,0.0,-3.054324E-4
758591794097257,4.581486E-4,-4.581486E-4,1.527162E-4
758591815828768,-0.0,-0.0012217296,-1.527162E-4
758591837560278,-3.054324E-4,3.054324E-4,-3.054324E-4
758591859291789,-4.581486E-4,3.054324E-4,-1.527162E-4
758591881023299,1.527162E-4,-4.581486E-4,-1.527162E-4
758591902754810,-4.581486E-4,3.054324E-4,-1.527162E-4
758591924486320,-0.0,0.0,4.581486E-4
758591946217830,-3.054324E-4,-4.581486E-4,-1.527162E-4
758591967949341,-4.581486E-4,7.6358096E-4,-1.527162E-4
758591989680851,7.6358096E-4,-7.6358096E-4,-3.054324E-4
758592011412362,4.581486E-4,7.6358096E-4,-1.527162E-4
758592033143872,-3.054324E-4,3.054324E-4,-3.054324E-4
758592054875382,9.162972E-4,-0.0012217296,1.527162E-4
758592076606893,-3.054324E-4,3.054324E-4,1.527162E-4
758592098338403,-3.054324E-4,0.0,-3.054324E-4
758592120069914,7.6358096E-4,-7.6358096E-4,-1.527162E-4
758592141801424,-0.0,4.581486E-4,-3.054324E-4
758592163532935,-3.054324E-4,3.054324E-4,-3.054324E-4
758592185264445,-0.0,-0.0012217296,4.581486E-4
758592206995903,1.527162E-4,4.581486E-4,-1.527162E-4
758592228727414,4.581486E-4,-1.527162E-4,1.527162E-4
758592250458976,-0.0,-4.581486E-4,-3.054324E-4
758592272190487,-0.0,0.0012217296,-6.108648E-4
758592293921945,-3.054324E-4,-4.581486E-4,1.527162E-4
758592315653455,-4.581486E-4,0.0,4.581486E-4
758592337384966,4.581486E-4,0.0,1.527162E-4
758592359116476,-0.0,-9.162972E-4,-1.527162E-4
758592380847987,-4.581486E-4,7.6358096E-4,-1.527162E-4
758592402579497,1.527162E-4,4.581486E-4,-1.527162E-4
758592424311007,-3.054324E-4,0.0,-1.527162E-4
758592446042518,-3.054324E-4,4.581486E-4,-1.527162E-4
758592467774028,4.581486E-4,0.0,-1.527162E-4
758592489505539,4.581486E-4,0.0,-1.527162E-4
758592511237049,1.527162E-4,4.581486E-4,-3.054324E-4
758592532968560,7.6358096E-4,3.054324E-4,1.527162E-4
758592554700070,-0.0,0.0,-3.054324E-4
758592576431580,-7.6358096E-4,0.0,-1.527162E-4
758592598163091,1.527162E-4,-4.581486E-4,4.581486E-4
758592619894601,0.0012217296,-4.581486E-4,-3.054324E-4
758592641626112,7.6358096E-4,-1.527162E-4,-3.054324E-4
758592663357622,1.527162E-4,-4.581486E-4,-3.054324E-4
758592685089132,-3.054324E-4,7.6358096E-4,-6.108648E-4
758592706820643,-0.0,4.581486E-4,-1.527162E-4
758592728552101,-4.581486E-4,3.054324E-4,-3.054324E-4
758592750283612,-0.0,3.054324E-4,1.527162E-4
758592772015122,1.527162E-4,-1.527162E-4,-1.527162E-4
758592793746632,-0.0,-1.527162E-4,-1.527162E-4
758592815478143,-7.6358096E-4,4.581486E-4,1.527162E-4
758592837209653,4.581486E-4,-4.581486E-4,4.581486E-4
758592858941164,-4.581486E-4,4.581486E-4,-1.527162E-4
758592880672674,4.581486E-4,-1.527162E-4,6.108648E-4
758592902404185,4.581486E-4,-4.581486E-4,-3.054324E-4
758592924135695,-0.0,3.054324E-4,-1.527162E-4
758592945867205,-0.0,0.0,-1.527162E-4
758592967598716,-0.0,0.0,1.527162E-4
758592989330226,1.527162E-4,0.0,-3.054324E-4
758593011061737,1.527162E-4,-4.581486E-4,4.581486E-4
758593032793195,-3.054324E-4,-1.527162E-4,4.581486E-4
758593054524757,-0.0,-1.527162E-4,1.527162E-4
758593076256216,1.527162E-4,3.054324E-4,-1.527162E-4
758593097987726,-4.581486E-4,0.0,-1.527162E-4
758593119719237,-3.054324E-4,4.581486E-4,-3.054324E-4
758593141450747,4.581486E-4,-1.527162E-4,1.527162E-4
758593163182257,-3.054324E-4,4.581486E-4,-3.054324E-4
758593184913768,4.581486E-4,-1.527162E-4,1.527162E-4
758593206645278,-3.054324E-4,-4.581486E-4,-1.527162E-4
758593228376789,-0.0,0.0,-1.527162E-4
758593250108299,4.581486E-4,4.581486E-4,-1.527162E-4
758593271839810,-0.0,0.0,1.527162E-4
758593293571320,-0.0,3.054324E-4,1.527162E-4
758593315302830,1.527162E-4,-1.527162E-4,1.527162E-4
758593337034341,1.527162E-4,3.054324E-4,-3.054324E-4
758593358765851,1.527162E-4,0.0,1.527162E-4
758593380497362,1.527162E-4,-7.6358096E-4,1.527162E-4
758593402228872,1.527162E-4,-1.527162E-4,1.527162E-4
758593423960382,-0.0,7.6358096E-4,1.527162E-4
758593445691893,-0.0,-9.162972E-4,-3.054324E-4
758593467423403,-0.0,3.054324E-4,1.527162E-4
758593489154914,4.581486E-4,3.054324E-4,-1.527162E-4
758593510886424,1.527162E-4,-1.527162E-4,-1.527162E-4
758593532617935,-3.054324E-4,0.0,-3.054324E-4
758593554349445,7.6358096E-4,3.054324E-4,-1.527162E-4
758593576080955,-3.054324E-4,-7.6358096E-4,-1.527162E-4
758593597812466,1.527162E-4,4.581486E-4,-3.054324E-4
758593619543976,4.581486E-4,0.0,1.527162E-4
758593641275487,4.581486E-4,-4.581486E-4,-1.527162E-4
758593663006997,1.527162E-4,3.054324E-4,-6.108648E-4
758593684738507,1.527162E-4,0.0012217296,-3.054324E-4
758593706470018,4.581486E-4,0.0,-1.527162E-4
758593728201528,-0.0,-1.527162E-4,-1.527162E-4
758593749933039,-4.581486E-4,0.0010690134,1.527162E-4
758593771664549,1.527162E-4,-0.0012217296,-1.527162E-4
758593793396060,-4.581486E-4,0.0012217296,4.581486E-4
758593815127570,-0.0,0.0,1.527162E-4
758593836859080,1.527162E-4,-0.0013744457,4.581486E-4
758593858590591,-7.6358096E-4,7.6358096E-4,-3.054324E-4
758593880322101,-0.0,-0.0012217296,-3.054324E-4
758593902053612,-4.581486E-4,-1.527162E-4,-3.054324E-4
758593923785122,-0.0010690134,0.0012217296,-3.054324E-4
758593945516632,4.581486E-4,-4.581486E-4,1.527162E-4
758593967248195,4.581486E-4,0.0,-3.054324E-4
758593988979653,7.6358096E-4,7.6358096E-4,-1.527162E-4
758594010711164,4.581486E-4,-4.581486E-4,-3.054324E-4
758594032442726,1.527162E-4,0.0,-6.108648E-4
758594054174237,4.581486E-4,0.0,1.527162E-4
758594075905747,-0.0,4.581486E-4,-3.054324E-4
758594097637257,4.581486E-4,4.581486E-4,-3.054324E-4
758594119368768,-0.0,-4.581486E-4,-1.527162E-4
758594141100278,1.527162E-4,3.054324E-4,-3.054324E-4
758594162831789,-0.0,4.581486E-4,-3.054324E-4
758594184563299,4.581486E-4,-7.6358096E-4,1.527162E-4
758594206294810,4.581486E-4,4.581486E-4,-1.527162E-4
758594228026320,-0.0,7.6358096E-4,-1.527162E-4
758594249757830,-0.0,-1.527162E-4,-3.054324E-4
758594271489341,-3.054324E-4,3.054324E-4,-3.054324E-4
758594293220851,7.6358096E-4,7.6358096E-4,-1.527162E-4
758594314952362,-0.0,-4.581486E-4,1.527162E-4
758594336683924,4.581486E-4,7.6358096E-4,-1.527162E-4
758594358415382,1.527162E-4,-4.581486E-4,1.527162E-4
758594380146945,-4.581486E-4,4.581486E-4,1.527162E-4
758594401878455,4.581486E-4,4.581486E-4,-3.054324E-4
758594423609966,1.527162E-4,-1.527162E-4,4.581486E-4
758594445341476,-4.581486E-4,-4.581486E-4,-1.527162E-4
758594467072987,1.527162E-4,4.581486E-4,-1.527162E-4
758594488804497,4.581486E-4,-1.527162E-4,-3.054324E-4
758594510536007,-4.581486E-4,4.581486E-4,-6.108648E-4
758594532267518,-0.0,-7.6358096E-4,-1.527162E-4
758594553999028,4.581486E-4,3.054324E-4,-3.054324E-4
758594575730539,1.527162E-4,0.0,-3.054324E-4
758594597462049,-0.0,-1.527162E-4,-3.054324E-4
758594619193560,-3.054324E-4,-1.527162E-4,-1.527162E-4
758594640925070,-0.0,4.581486E-4,-3.054324E-4
758594662656580,4.581486E-4,-4.581486E-4,-3.054324E-4
758594684388091,1.527162E-4,0.0,-1.527162E-4
758594706119601,1.527162E-4,-7.6358096E-4,1.527162E-4
758594727851112,7.6358096E-4,-1.527162E-4,-1.527162E-4
758594749582622,1.527162E-4,0.0,-3.054324E-4
758594771314185,-0.0,-1.527162E-4,1.527162E-4
758594793045695,-0.0,-1.527162E-4,1.527162E-4
758594814777205,-3.054324E-4,0.0,-3.054324E-4
758594836508716,4.581486E-4,-4.581486E-4,1.527162E-4
758594858240226,1.527162E-4,4.581486E-4,-1.527162E-4
758594879971737,-0.0,-4.581486E-4,-3.054324E-4
758594901703247,1.527162E-4,4.581486E-4,4.581486E-4
758594923434757,7.6358096E-4,-1.527162E-4,1.527162E-4
758594945166268,-3.054324E-4,-1.527162E-4,-3.054324E-4
758594966897778,-0.0,0.0,1.527162E-4
758594988629289,-3.054324E-4,-1.527162E-4,-3.054324E-4
758595010360799,-3.054324E-4,3.054324E-4,-3.054324E-4
758595032092310,1.527162E-4,-4.581486E-4,-6.108648E-4
758595053823820,-0.0,3.054324E-4,-3.054324E-4
758595075555330,1.527162E-4,-9.162972E-4,4.581486E-4
758595097286841,1.527162E-4,3.054324E-4,-1.527162E-4
758595119018351,1.527162E-4,7.6358096E-4,-1.527162E-4
758595140749862,-0.0,-9.162972E-4,-3.054324E-4
758595162481372,-3.054324E-4,7.6358096E-4,-1.527162E-4
758595184212882,4.581486E-4,-4.581486E-4,4.581486E-4
758595205944393,1.527162E-4,3.054324E-4,-1.527162E-4
758595227675903,-0.0010690134,7.6358096E-4,1.527162E-4
758595249407414,4.581486E-4,-9.162972E-4,1.527162E-4
758595271138924,-4.581486E-4,0.0,4.581486E-4
758595292870435,-3.054324E-4,3.054324E-4,1.527162E-4
758595314601997,4.581486E-4,-1.527162E-4,1.527162E-4
758595336333507,-0.0,3.054324E-4,-1.527162E-4
758595358065018,-0.0,3.054324E-4,1.527162E-4
758595379796528,-0.0,-4.581486E-4,4.581486E-4
758595401528039,-4.581486E-4,7.6358096E-4,4.581486E-4
758595423259549,-3.054324E-4,-1.527162E-4,4.581486E-4
758595444991060,4.581486E-4,-4.581486E-4,1.527162E-4
758595466722570,-4.581486E-4,-1.527162E-4,-3.054324E-4
758595488454080,-0.0,3.054324E-4,1.527162E-4
758595510185591,9.162972E-4,0.0,1.527162E-4
758595531917101,1.527162E-4,0.0010690134,-1.527162E-4
758595553648612,7.6358096E-4,-9.162972E-4,-1.527162E-4
758595575380122,-3.054324E-4,-1.527162E-4,-1.527162E-4
758595597111632,-4.581486E-4,3.054324E-4,-1.527162E-4
758595618843143,3.054324E-4,-9.162972E-4,1.527162E-4
758595640574653,-4.581486E-4,7.6358096E-4,-0.0
758595662306164,0.0,0.0,-3.054324E-4
758595684037674,0.0,-6.108648E-4,4.581486E-4
758595705769185,-6.108648E-4,6.108648E-4,4.581486E-4
758595727500695,-1.527162E-4,-4.581486E-4,1.527162E-4
758595749232205,6.108648E-4,-4.581486E-4,4.581486E-4
758595770963716,-6.108648E-4,0.0012217296,-3.054324E-4
758595792695226,6.108648E-4,-6.108648E-4,4.581486E-4
758595814426737,-4.581486E-4,7.6358096E-4,1.527162E-4
758595836158299,3.054324E-4,7.6358096E-4,1.527162E-4
758595857889757,0.0015271619,-0.0021380268,1.527162E-4
758595879621268,7.6358096E-4,-4.581486E-4,-3.054324E-4
758595901352830,0.002290743,-0.004123337,-0.0
758595923084341,0.009315688,-0.017715078,0.0012217296
758595944815851,-0.015577052,0.032986697,-0.0012217296
